scenario,frame_idx,camera_read_ms,frame_flip_ms,color_convert_ms,mp_image_ms,mediapipe_ms,result_processing_ms,gesture_ms,tracker_ms,state_machine_ms,action_dispatch_ms,render_ms,gui_ms,total_frame_ms,fps,hands_count
Scenario A (No Hand / Idle Camera),0,2.9222,0.2779,0.1715,0.6463,17.865,0.0007,0.0,0.0048,0.0,0.0,0.3448,9.1369,31.4252,30.283541723588755,0
Scenario A (No Hand / Idle Camera),1,2.5198,0.2023,0.1689,0.6371,18.2971,0.0005,0.0,0.0038,0.0,0.0,0.1488,9.6134,31.6072,30.343397821294353,0
Scenario A (No Hand / Idle Camera),2,2.5015,0.217,0.227,0.6756,17.37,0.0004,0.0,0.0039,0.0,0.0,0.1595,10.5111,31.6849,29.930160509068045,0
Scenario A (No Hand / Idle Camera),3,2.3755,0.2031,0.2267,0.6622,18.1658,0.0006,0.0,0.0043,0.0,0.0,0.1568,1.4754,23.2858,30.222075920986715,0
Scenario A (No Hand / Idle Camera),4,3.0128,0.212,0.173,0.6489,17.981,0.0007,0.0,0.0054,0.0,0.0,0.1644,16.1279,38.3453,30.592651170932676,0
Scenario A (No Hand / Idle Camera),5,2.8189,0.3064,0.1542,0.6288,27.3222,0.0006,0.0,0.011,0.0,0.0,0.1722,1.5165,32.9523,31.02380398095557,0
Scenario A (No Hand / Idle Camera),6,3.1486,0.2892,0.2035,0.6637,24.7882,0.0004,0.0,0.0045,0.0,0.0,0.146,14.6777,43.9412,31.021074708947914,0
Scenario A (No Hand / Idle Camera),7,2.4965,0.1972,0.1831,0.7462,31.9821,0.0005,0.0,0.0051,0.0,0.0,0.1589,11.2482,47.0368,29.97283586580412,0
Scenario A (No Hand / Idle Camera),8,3.5615,0.225,0.1815,0.5799,26.682,0.0005,0.0,0.0042,0.0,0.0,0.1501,1.5478,32.949,29.518664981546152,0
Scenario A (No Hand / Idle Camera),9,2.7098,0.3191,0.2106,0.6923,28.0301,0.0005,0.0,0.0045,0.0,0.0,0.1488,13.4469,45.5963,29.41424401651797,0
Scenario A (No Hand / Idle Camera),10,3.0012,0.3569,0.1084,0.6828,18.0113,0.0005,0.0,0.0043,0.0,0.0,0.1476,9.2954,31.6294,29.543046102288063,0
Scenario A (No Hand / Idle Camera),11,3.5476,0.3268,0.2222,0.8698,26.8788,0.0004,0.0,0.0057,0.0,0.0,0.1563,1.5144,33.5406,29.49899685657048,0
Scenario A (No Hand / Idle Camera),12,2.1523,0.2382,0.1428,0.6664,21.6887,0.0005,0.0,0.0045,0.0,0.0,0.2224,1.9318,27.0663,29.478493460240802,0
Scenario A (No Hand / Idle Camera),13,2.4815,0.2881,0.086,0.6501,27.4727,0.0004,0.0,0.0043,0.0,0.0,0.1414,1.3801,32.5272,29.68748407439252,0
Scenario A (No Hand / Idle Camera),14,2.8174,0.5473,0.2022,0.627,26.7174,0.0004,0.0,0.0045,0.0,0.0,0.1676,15.4393,46.5412,29.559603986544357,0
Scenario A (No Hand / Idle Camera),15,3.4631,0.3402,0.1607,0.733,21.3384,0.0004,0.0,0.0043,0.0,0.0,0.1449,6.7358,32.9391,28.91880271784964,0
Scenario A (No Hand / Idle Camera),16,2.5251,0.2236,0.1661,0.6532,33.052,0.0006,0.0,0.0038,0.0,0.0,0.1529,1.3373,38.1307,28.873779576486275,0
Scenario A (No Hand / Idle Camera),17,2.1543,0.5362,0.2175,0.9171,35.0732,0.0006,0.0,0.0046,0.0,0.0,0.1483,1.7435,40.8172,28.594804609513258,0
Scenario A (No Hand / Idle Camera),18,4.1578,0.3555,0.1238,0.6668,23.7225,0.0005,0.0,0.006,0.0,0.0,0.2442,14.3504,43.6482,28.188055308054373,0
Scenario A (No Hand / Idle Camera),19,2.7615,0.3004,0.1528,0.6945,31.8034,0.0006,0.0,0.0055,0.0,0.0,0.2054,11.071,47.0127,27.69061010759451,0
Scenario A (No Hand / Idle Camera),20,2.4615,0.3496,0.1128,0.7661,20.9416,0.0005,0.0,0.0043,0.0,0.0,0.1506,6.6342,31.4428,27.0880428449935,0
Scenario A (No Hand / Idle Camera),21,2.4257,0.2218,0.1697,0.5843,18.3424,0.0006,0.0,0.0054,0.0,0.0,0.2037,8.5654,30.5373,27.069107055270155,0
Scenario A (No Hand / Idle Camera),22,2.5919,0.3927,0.1714,0.8666,18.2846,0.0005,0.0,0.0046,0.0,0.0,0.1523,1.4446,23.9272,27.12872735096213,0
Scenario A (No Hand / Idle Camera),23,2.3333,0.256,0.1731,0.6061,26.2805,0.0006,0.0,0.0045,0.0,0.0,0.1456,9.7263,39.5456,27.1318861500749,0
Scenario A (No Hand / Idle Camera),24,2.1681,0.4752,0.1728,0.8274,19.1934,0.0006,0.0,0.0055,0.0,0.0,0.1599,1.7104,24.7324,27.089101748940035,0
Scenario A (No Hand / Idle Camera),25,2.3784,0.3081,0.1344,0.6641,18.7512,0.0005,0.0,0.0047,0.0,0.0,0.1538,1.4672,23.8817,27.36386223946709,0
Scenario A (No Hand / Idle Camera),26,13.691,0.2454,0.1868,0.6684,21.7418,0.0006,0.0,0.0064,0.0,0.0,0.2407,7.2706,44.0721,27.73652386161492,0
Scenario A (No Hand / Idle Camera),27,2.7204,0.2947,0.1904,0.7301,23.5092,0.0005,0.0,0.0042,0.0,0.0,0.1478,3.1616,30.7832,28.360032355837344,0
Scenario A (No Hand / Idle Camera),28,2.4877,0.3907,0.1763,0.7619,17.6786,0.0007,0.0,0.0043,0.0,0.0,0.1938,9.1521,30.8818,28.470967691227106,0
Scenario A (No Hand / Idle Camera),29,3.2103,0.2205,0.2174,0.6429,25.4011,0.0005,0.0,0.005,0.0,0.0,0.1516,1.4736,31.3391,29.060037231317335,0
Scenario A (No Hand / Idle Camera),30,2.2178,0.3216,0.0992,0.7309,19.0782,0.0006,0.0,0.0056,0.0,0.0,0.178,17.6086,40.2591,8.232857076591964,0
Scenario A (No Hand / Idle Camera),31,3.4669,0.2759,0.1797,0.8151,38.6524,0.0006,0.0,0.0043,0.0,0.0,0.2183,1.6081,45.2409,8.200666843731538,0
Scenario A (No Hand / Idle Camera),32,2.4567,0.2298,0.169,0.7824,21.4921,0.0005,0.0,0.0036,0.0,0.0,0.1464,8.1185,33.4159,8.139667826425171,0
Scenario A (No Hand / Idle Camera),33,2.7137,0.2774,0.0976,0.7413,22.5747,0.0006,0.0,0.0046,0.0,0.0,0.3199,2.33,29.0797,8.138990307678434,0
Scenario A (No Hand / Idle Camera),34,2.8632,0.2471,0.0822,0.7918,26.2732,0.0004,0.0,0.0034,0.0,0.0,0.1434,3.0288,33.4502,8.19737953031677,0
Scenario A (No Hand / Idle Camera),35,3.0,0.2448,0.1986,0.7825,17.9285,0.0005,0.0,0.0042,0.0,0.0,0.1443,9.3219,31.6429,8.194131080554461,0
Scenario A (No Hand / Idle Camera),36,4.1613,0.2484,0.1233,0.9386,25.118,0.0004,0.0,0.0035,0.0,0.0,0.1794,1.5899,32.3827,8.21136694110781,0
Scenario A (No Hand / Idle Camera),37,2.2461,0.2077,0.1478,0.8226,25.7756,0.0004,0.0,0.0034,0.0,0.0,0.1444,16.2739,45.639,8.254656645425392,0
Scenario A (No Hand / Idle Camera),38,2.4224,0.2036,0.1806,0.7685,25.7792,0.0005,0.0,0.0037,0.0,0.0,0.1566,1.3915,30.9234,8.244736480547449,0
Scenario A (No Hand / Idle Camera),39,2.117,0.2732,0.0993,0.8177,19.7867,0.0008,0.0,0.0042,0.0,0.0,0.1789,7.3501,30.6474,8.298917665720298,0
Scenario A (No Hand / Idle Camera),40,2.5267,0.2805,0.1912,0.7722,17.8906,0.0006,0.0,0.0046,0.0,0.0,0.1548,1.687,23.5258,8.303913328624866,0
Scenario A (No Hand / Idle Camera),41,2.318,0.2532,0.1711,0.7829,18.0221,0.0006,0.0,0.004,0.0,0.0,0.1449,16.692,38.4065,8.328143921834029,0
Scenario A (No Hand / Idle Camera),42,2.4421,0.3179,0.1671,0.7338,25.6337,0.0005,0.0,0.004,0.0,0.0,0.1495,17.5117,46.9783,8.275499346043473,0
Scenario A (No Hand / Idle Camera),43,2.7441,0.2484,0.1669,0.7568,26.0006,0.0005,0.0,0.0033,0.0,0.0,0.1452,1.4779,31.56,8.246447065022547,0
Scenario A (No Hand / Idle Camera),44,3.376,0.5117,0.1976,1.0351,19.3846,0.0005,0.0,0.0039,0.0,0.0,0.1447,5.1352,29.8223,8.220966060102391,0
Scenario A (No Hand / Idle Camera),45,2.5454,0.2006,0.2075,0.6897,31.4563,0.0006,0.0,0.0042,0.0,0.0,0.1441,10.7402,46.0038,8.242188556882763,0
Scenario A (No Hand / Idle Camera),46,4.6306,0.2189,0.1449,0.932,17.8116,0.0005,0.0,0.0042,0.0,0.0,0.1505,7.6638,31.5793,8.189375998664902,0
Scenario A (No Hand / Idle Camera),47,21.3202,0.2064,0.214,0.7531,18.3227,0.0006,0.0,0.0042,0.0,0.0,0.2207,2.0196,43.0791,8.127051259654674,0
Scenario A (No Hand / Idle Camera),48,9.6299,0.3722,0.1831,0.8317,25.1488,0.0005,0.0,0.0037,0.0,0.0,0.1424,1.6854,38.0169,8.12640401430721,0
Scenario A (No Hand / Idle Camera),49,2.8427,0.2187,0.2177,0.6397,17.6431,0.0005,0.0,0.0034,0.0,0.0,0.2305,1.418,23.23,27.790302101644887,0
Scenario A (No Hand / Idle Camera),50,11.0026,0.2134,0.1372,0.7827,20.7551,0.0006,0.0,0.0035,0.0,0.0,0.1465,2.9245,35.9809,28.230443706511952,0
Scenario A (No Hand / Idle Camera),51,8.3767,0.3269,0.195,0.747,18.7784,0.0005,0.0,0.0035,0.0,0.0,0.1508,2.7892,31.3891,28.715077043259747,0
Scenario A (No Hand / Idle Camera),52,8.9168,0.2014,0.1861,0.6608,25.283,0.0004,0.0,0.0034,0.0,0.0,0.1469,12.4583,47.874,28.76166140458011,0
Scenario A (No Hand / Idle Camera),53,2.9849,0.3268,0.225,0.7358,17.25,0.0006,0.0,0.0046,0.0,0.0,0.1509,9.0086,30.7056,28.248856636259678,0
Scenario A (No Hand / Idle Camera),54,2.6246,0.3307,0.21,0.7948,24.8256,0.0005,0.0,0.0034,0.0,0.0,0.1479,1.4598,30.4167,28.409906348148173,0
Scenario A (No Hand / Idle Camera),55,2.7171,0.191,0.155,1.0205,18.1384,0.0005,0.0,0.0038,0.0,0.0,0.1588,10.436,32.8485,28.491070863568744,0
Scenario A (No Hand / Idle Camera),56,2.3452,0.3003,0.1909,0.7707,17.2553,0.0004,0.0,0.0035,0.0,0.0,0.1457,1.4626,22.4924,28.379281769824903,0
Scenario A (No Hand / Idle Camera),57,4.0226,0.2148,0.1735,0.6926,17.7835,0.0005,0.0,0.0036,0.0,0.0,0.1445,16.5411,39.5939,29.323760363725746,0
Scenario A (No Hand / Idle Camera),58,2.6454,0.3112,0.1318,0.7618,17.5674,0.0006,0.0,0.0047,0.0,0.0,0.2499,2.1096,23.8034,29.008933635125327,0
Scenario A (No Hand / Idle Camera),59,20.6599,0.3037,0.1684,0.6773,18.0146,0.0005,0.0,0.0045,0.0,0.0,0.3625,13.7938,54.0056,28.523274638044526,0
Scenario A (No Hand / Idle Camera),60,2.9263,0.237,0.1775,0.7174,25.6408,0.0004,0.0,0.0039,0.0,0.0,0.1515,9.7478,39.6211,16.2150751871132,0
Scenario A (No Hand / Idle Camera),61,2.8625,0.2422,0.1636,0.729,9.6833,0.0004,0.0,0.0036,0.0,0.0,0.1474,16.9632,30.8118,16.200574458063322,0
Scenario A (No Hand / Idle Camera),62,2.8544,0.2302,0.165,0.8201,18.8041,0.0006,0.0,0.0046,0.0,0.0,0.1921,1.5869,24.679,16.433157574570313,0
Scenario A (No Hand / Idle Camera),63,3.1383,0.2671,0.183,0.7063,19.0511,0.0004,0.0,0.0035,0.0,0.0,0.1511,13.7908,37.3093,16.536338983036778,0
Scenario A (No Hand / Idle Camera),64,3.1905,0.2515,0.1623,0.8064,26.1257,0.0006,0.0,0.0042,0.0,0.0,0.1516,15.5559,46.2657,16.412597195977778,0
Scenario A (No Hand / Idle Camera),65,3.0112,0.2356,0.1458,0.7055,25.7755,0.0005,0.0,0.0035,0.0,0.0,0.1517,16.4215,46.4684,16.43762504816288,0
Scenario A (No Hand / Idle Camera),66,4.3973,0.2048,0.1695,0.7094,19.2263,0.0005,0.0,0.0039,0.0,0.0,0.1478,5.8766,30.7528,16.435214751230344,0
Scenario A (No Hand / Idle Camera),67,2.7007,0.2687,0.1856,0.7871,18.6636,0.0005,0.0,0.0038,0.0,0.0,0.1438,7.7878,30.5593,16.483480379634905,0
Scenario A (No Hand / Idle Camera),68,2.974,0.3197,0.17,0.7304,18.7989,0.0005,0.0,0.0041,0.0,0.0,0.1525,7.0802,30.2474,16.489329661302772,0
Scenario A (No Hand / Idle Camera),69,4.3649,0.2115,0.1423,0.7314,28.0734,0.0006,0.0,0.0039,0.0,0.0,0.1551,1.5533,35.254,16.482379200855103,0
Scenario A (No Hand / Idle Camera),70,2.3908,0.1961,0.1746,0.7834,11.7576,0.0006,0.0,0.0037,0.0,0.0,0.1519,1.4115,16.8858,16.498167727702867,0
Scenario A (No Hand / Idle Camera),71,4.5056,0.3085,0.1686,0.7561,9.9508,0.0005,0.0,0.0033,0.0,0.0,0.1413,1.4793,17.3332,16.674235918964474,0
Scenario A (No Hand / Idle Camera),72,15.9096,0.2373,0.176,0.715,18.2289,0.0005,0.0,0.0038,0.0,0.0,0.1672,3.806,39.2617,16.87168321828918,0
Scenario A (No Hand / Idle Camera),73,7.8887,0.224,0.1442,0.8039,10.179,0.0004,0.0,0.0036,0.0,0.0,0.1433,1.4716,20.8776,16.848511807860632,0
Scenario A (No Hand / Idle Camera),74,19.276,0.3282,0.0911,0.8285,18.5518,0.0005,0.0,0.0046,0.0,0.0,0.1636,1.5262,40.7962,16.826370255508515,0
Scenario A (No Hand / Idle Camera),75,10.4521,0.2808,0.1494,0.9383,19.7857,0.0004,0.0,0.0039,0.0,0.0,0.1514,12.524,44.3066,16.83655866635624,0
Scenario A (No Hand / Idle Camera),76,2.7565,0.2126,0.1102,0.6967,18.098,0.0004,0.0,0.0036,0.0,0.0,0.1677,9.2737,31.336,16.667048563421947,0
Scenario A (No Hand / Idle Camera),77,2.7471,0.3732,0.1727,0.7738,17.9674,0.0004,0.0,0.0036,0.0,0.0,0.1558,1.5485,23.7683,16.75234493968113,0
Scenario A (No Hand / Idle Camera),78,6.9401,0.3389,0.1243,0.8376,10.3744,0.0006,0.0,0.004,0.0,0.0,0.2212,1.6706,20.5324,16.96151806992485,0
Scenario A (No Hand / Idle Camera),79,18.9139,0.2335,0.3233,0.6477,18.6021,0.0004,0.0,0.0031,0.0,0.0,0.1487,10.0825,48.9724,30.514833385983554,0
Scenario A (No Hand / Idle Camera),80,18.4307,0.2319,0.1586,0.6632,18.1117,0.0005,0.0,0.0036,0.0,0.0,0.1752,7.8308,45.6244,30.0431074489337,0
Scenario A (No Hand / Idle Camera),81,3.4237,0.2953,0.0998,0.8405,25.1889,0.0005,0.0,0.0035,0.0,0.0,0.1467,1.7272,31.7454,30.073764178488286,0
Scenario A (No Hand / Idle Camera),82,3.2407,0.209,0.2072,0.6811,27.8462,0.0006,0.0,0.0054,0.0,0.0,0.2302,1.5934,34.0372,29.783802591869343,0
Scenario A (No Hand / Idle Camera),83,2.9244,0.2014,0.2099,0.6857,17.8719,0.0005,0.0,0.0036,0.0,0.0,0.1464,7.1413,29.2005,29.93339826458521,0
Scenario A (No Hand / Idle Camera),84,5.7284,0.2192,0.2262,0.7498,18.4057,0.0005,0.0,0.0041,0.0,0.0,0.1592,6.1077,31.6174,30.60333030852646,0
Scenario A (No Hand / Idle Camera),85,7.6408,0.3079,0.1878,0.6802,25.1632,0.0004,0.0,0.0033,0.0,0.0,0.1466,12.731,46.8806,31.34541810134937,0
Scenario A (No Hand / Idle Camera),86,2.6771,0.2503,0.2458,0.7454,18.134,0.0004,0.0,0.0038,0.0,0.0,0.1476,8.9569,31.1789,30.682911935575408,0
Scenario A (No Hand / Idle Camera),87,2.9281,0.2049,0.1734,0.7217,18.2631,0.0004,0.0,0.0033,0.0,0.0,0.1442,9.3294,31.784,30.64707615180675,0
Scenario A (No Hand / Idle Camera),88,2.685,0.2066,0.1859,0.8428,17.8454,0.0006,0.0,0.0033,0.0,0.0,0.1459,9.2187,31.1519,30.646145090053974,0
Scenario A (No Hand / Idle Camera),89,2.9981,0.1862,0.1564,0.725,18.1064,0.0004,0.0,0.0038,0.0,0.0,0.1492,8.4514,30.7926,30.681305379792523,0
Scenario A (No Hand / Idle Camera),90,2.598,0.341,0.1716,0.8611,26.8133,0.0004,0.0,0.0038,0.0,0.0,0.1491,8.484,39.4442,16.973790359510883,0
Scenario A (No Hand / Idle Camera),91,2.9204,0.4225,0.1768,1.0874,17.04,0.0004,0.0,0.0033,0.0,0.0,0.1476,9.1847,31.0047,16.811635611857962,0
Scenario A (No Hand / Idle Camera),92,3.0941,0.3128,0.1884,0.8163,17.65,0.0005,0.0,0.0037,0.0,0.0,0.1441,1.5007,23.7313,16.815708040742525,0
Scenario A (No Hand / Idle Camera),93,2.7445,0.1832,0.0811,0.7534,18.9153,0.0004,0.0,0.0033,0.0,0.0,0.1501,1.439,24.2849,16.943890374260487,0
Scenario A (No Hand / Idle Camera),94,2.9924,0.3196,0.1395,0.9858,43.0815,0.0004,0.0,0.0037,0.0,0.0,0.146,13.1172,60.8044,17.059779826922767,0
Scenario A (No Hand / Idle Camera),95,2.9043,0.29,0.1488,0.8497,13.2874,0.0007,0.0,0.0045,0.0,0.0,0.2434,1.9827,19.7295,16.684502852046364,0
Scenario A (No Hand / Idle Camera),96,7.8016,0.2808,0.181,0.8218,27.0077,0.0006,0.0,0.005,0.0,0.0,0.1573,1.6093,37.8836,16.794172811116233,0
Scenario A (No Hand / Idle Camera),97,2.8801,0.3544,0.1754,0.8427,17.6186,0.0007,0.0,0.0036,0.0,0.0,0.1476,1.6474,23.692,16.72238067339604,0
Scenario A (No Hand / Idle Camera),98,12.8077,0.4171,0.1819,1.0788,22.5465,0.0005,0.0,0.004,0.0,0.0,0.1485,7.0853,44.2954,16.700166704562005,0
Scenario A (No Hand / Idle Camera),99,2.3798,0.3332,0.2054,1.1302,29.2939,0.0007,0.0,0.0035,0.0,0.0,0.151,1.3717,34.89,16.92359979392276,0
Scenario A (No Hand / Idle Camera),100,2.615,0.2867,0.2361,1.2348,27.6406,0.0005,0.0,0.0038,0.0,0.0,0.1478,10.6802,42.8675,16.85028237179196,0
Scenario A (No Hand / Idle Camera),101,3.4414,0.3091,0.0986,1.0199,9.7868,0.0006,0.0,0.0041,0.0,0.0,0.1564,1.9011,16.7395,16.67154996144437,0
Scenario A (No Hand / Idle Camera),102,16.229,0.2997,0.1544,0.6355,17.7852,0.0004,0.0,0.0037,0.0,0.0,0.1461,11.2619,46.5357,16.735852020479907,0
Scenario A (No Hand / Idle Camera),103,2.1797,0.2215,0.209,0.6798,17.6466,0.0004,0.0,0.0036,0.0,0.0,0.1506,9.8684,30.9769,16.726202841984875,0
Scenario A (No Hand / Idle Camera),104,2.9582,0.2023,0.2068,0.6982,10.0224,0.0004,0.0,0.0034,0.0,0.0,0.1479,16.4028,30.6598,16.752091389671573,0
Scenario A (No Hand / Idle Camera),105,2.6386,0.2824,0.1391,0.7325,18.3412,0.0005,0.0,0.0034,0.0,0.0,0.1528,8.8038,31.1129,16.925472448880118,0
Scenario A (No Hand / Idle Camera),106,5.0871,0.3185,0.1862,0.7538,24.6872,0.0005,0.0,0.0034,0.0,0.0,0.1439,1.8469,33.0515,16.898909494350264,0
Scenario A (No Hand / Idle Camera),107,3.9161,0.1891,0.204,0.6816,20.1767,0.0007,0.0,0.0036,0.0,0.0,0.1491,5.2333,30.5715,16.89324950703506,0
Scenario A (No Hand / Idle Camera),108,5.1477,0.5003,0.2236,0.9905,18.4876,0.0004,0.0,0.0036,0.0,0.0,0.1423,5.9271,31.444,16.890846950378812,0
Scenario A (No Hand / Idle Camera),109,6.1831,0.2004,0.1785,0.7634,18.5872,0.0083,0.0649,0.0102,0.0029,0.0,0.6386,4.4024,31.0597,29.790649929347378,1
Scenario A (No Hand / Idle Camera),110,6.4453,0.2459,0.1395,0.7436,17.9706,0.0005,0.0,0.0067,0.0,0.0,0.1482,5.8574,31.5734,30.191196293335658,0
Scenario A (No Hand / Idle Camera),111,5.747,0.2479,0.1739,0.765,26.7163,0.0004,0.0,0.0051,0.0,0.0,0.1487,1.6598,35.4851,30.199433844288233,0
Scenario A (No Hand / Idle Camera),112,3.8149,0.2728,0.1354,0.8031,17.6308,0.0006,0.0,0.0047,0.0,0.0,0.1473,5.8569,28.6835,29.742618068359096,0
Scenario A (No Hand / Idle Camera),113,22.3969,0.2069,0.207,0.6699,17.999,0.0005,0.0,0.0049,0.0,0.0,0.1458,4.4758,46.122,28.713473377305153,0
Scenario A (No Hand / Idle Camera),114,8.6751,0.2008,0.2917,0.8906,25.4402,0.0072,0.0539,0.0496,0.0034,0.0,0.3501,1.4624,37.4476,30.033811687787978,1
Scenario A (No Hand / Idle Camera),115,3.5186,0.2027,0.197,0.8502,25.0326,0.0005,0.0,0.0047,0.0,0.0,0.1485,1.6195,31.59,29.65659404454977,0
Scenario A (No Hand / Idle Camera),116,3.4244,0.2291,0.1617,0.6599,17.7699,0.0005,0.0,0.0047,0.0,0.0,0.1476,17.7055,40.1203,29.710184337724456,0
Scenario A (No Hand / Idle Camera),117,2.1614,0.3217,0.1789,0.7248,17.5476,0.0058,0.0536,0.0107,0.0026,0.0,0.286,1.5556,22.8693,29.472584524223823,1
Scenario A (No Hand / Idle Camera),118,5.1736,0.1966,0.1901,0.6793,20.4681,0.0007,0.0,0.0044,0.0,0.0,0.1509,1.5574,28.4368,29.83400026879577,0
Scenario A (No Hand / Idle Camera),119,8.6182,0.3841,0.2177,0.8944,25.2236,0.0005,0.0,0.0054,0.0,0.0,0.2017,1.3523,36.9205,30.006399515630918,0
Scenario A (No Hand / Idle Camera),120,2.0027,0.2563,0.1614,0.7797,18.0307,0.0005,0.0,0.004,0.0,0.0,0.1474,16.8848,38.2887,16.97217447492108,0
Scenario A (No Hand / Idle Camera),121,3.0949,0.2231,0.0871,0.6406,18.0161,0.0004,0.0,0.0048,0.0,0.0,0.1473,9.3776,31.6084,16.85201054448396,0
Scenario A (No Hand / Idle Camera),122,9.2874,0.2948,0.0941,1.1164,27.666,0.0006,0.0,0.0075,0.0,0.0,0.1606,7.5817,46.2363,16.757072235270865,0
Scenario A (No Hand / Idle Camera),123,2.6963,0.1924,0.1722,0.7273,19.4339,0.0004,0.0,0.005,0.0,0.0,0.1518,1.6878,25.0832,16.635085826696702,0
Scenario A (No Hand / Idle Camera),124,3.7841,0.1972,0.1106,0.7281,18.2183,0.0005,0.0,0.0046,0.0,0.0,0.1526,13.106,36.3186,16.699820243612027,0
Scenario A (No Hand / Idle Camera),125,2.732,0.2229,0.1173,0.6331,18.2293,0.0065,0.0467,0.0098,0.0026,0.0,0.2521,8.8435,31.1151,16.672620752462603,1
Scenario A (No Hand / Idle Camera),126,3.0116,0.2517,0.2332,1.0008,17.4719,0.0005,0.0,0.0049,0.0,0.0,0.1449,1.5013,23.6378,16.701689203349904,0
Scenario A (No Hand / Idle Camera),127,8.6957,0.2344,0.2053,0.6882,18.8198,0.0004,0.0,0.0045,0.0,0.0,0.1474,9.5047,38.3169,16.719065330877594,0
Scenario A (No Hand / Idle Camera),128,2.3908,0.3985,0.21,0.8111,17.7143,0.0004,0.0,0.0047,0.0,0.0,0.15,9.5249,31.2258,16.73560248401291,0
Scenario A (No Hand / Idle Camera),129,4.3986,0.201,0.1764,0.7361,9.8576,0.0005,0.0,0.0054,0.0,0.0,0.1474,1.438,16.9771,16.699204348527616,0
Scenario A (No Hand / Idle Camera),130,18.1357,0.2203,0.1022,0.9284,9.8144,0.0005,0.0,0.0045,0.0,0.0,0.1528,1.6033,30.9791,16.70695884150336,0
Scenario A (No Hand / Idle Camera),131,21.5662,0.2757,0.1546,0.7959,10.2885,0.0004,0.0,0.0044,0.0,0.0,0.1438,1.4555,34.7015,16.704864593833907,0
Scenario A (No Hand / Idle Camera),132,16.2631,0.2065,0.1794,0.7039,17.5659,0.0004,0.0,0.0046,0.0,0.0,0.1447,5.2443,40.3308,16.95274291564938,0
Scenario A (No Hand / Idle Camera),133,8.2625,0.2521,0.266,0.8018,10.1884,0.0006,0.0,0.0044,0.0,0.0,0.1439,10.8794,30.8182,16.951423098644277,0
Scenario A (No Hand / Idle Camera),134,25.1828,0.4274,0.2054,0.7005,9.488,0.0005,0.0,0.0052,0.0,0.0,0.2189,1.8867,38.1402,16.721689430025307,0
Scenario A (No Hand / Idle Camera),135,18.8557,0.2164,0.1483,0.7594,19.444,0.0005,0.0,0.0043,0.0,0.0,0.1455,1.5856,41.1753,16.716417509705753,0
Scenario A (No Hand / Idle Camera),136,9.5115,0.2246,0.1927,0.7302,10.1352,0.0006,0.0,0.0047,0.0,0.0,0.1483,1.5416,22.5063,16.822953182610576,0
Scenario A (No Hand / Idle Camera),137,18.831,0.2105,0.2315,0.6606,9.8714,0.0005,0.0,0.0043,0.0,0.0,0.1434,7.7093,37.6791,16.739156444295077,0
Scenario A (No Hand / Idle Camera),138,13.2019,0.2128,0.2001,0.7471,17.9335,0.0005,0.0,0.0048,0.0,0.0,0.1465,14.4845,46.9477,16.728987210345586,0
Scenario A (No Hand / Idle Camera),139,2.686,0.2383,0.1783,0.6818,9.7759,0.0004,0.0,0.0047,0.0,0.0,0.1428,16.5622,30.2875,29.56792828759169,0
Scenario A (No Hand / Idle Camera),140,2.3742,0.2764,0.1704,0.7348,9.8522,0.0005,0.0,0.0049,0.0,0.0,0.1464,17.8095,31.3874,29.940303318682236,0
Scenario A (No Hand / Idle Camera),141,2.7643,0.232,0.1385,0.6853,17.8724,0.0004,0.0,0.0046,0.0,0.0,0.1505,9.373,31.2381,30.313065480696153,0
Scenario A (No Hand / Idle Camera),142,2.7916,0.2737,0.2066,0.758,17.9677,0.0004,0.0,0.0051,0.0,0.0,0.1495,1.4365,23.6082,30.700524197167788,0
Scenario A (No Hand / Idle Camera),143,10.7013,0.2383,0.1607,0.6637,17.8729,0.0004,0.0,0.0045,0.0,0.0,0.152,8.935,38.747,30.43071581804449,0
Scenario A (No Hand / Idle Camera),144,2.9489,0.2714,0.1843,0.9414,17.7744,0.0004,0.0,0.0044,0.0,0.0,0.142,1.5766,23.8618,30.637838752215416,0
Scenario A (No Hand / Idle Camera),145,9.9297,0.2618,0.1601,0.6786,18.5973,0.0005,0.0,0.005,0.0,0.0,0.1452,7.4361,37.2311,30.645390853656426,0
Scenario A (No Hand / Idle Camera),146,21.8067,0.2062,0.0767,0.669,18.3317,0.0006,0.0,0.0047,0.0,0.0,0.1437,4.7161,45.9719,29.70891061056807,0
Scenario A (No Hand / Idle Camera),147,8.3223,0.2665,0.1529,0.7486,18.1946,0.0004,0.0,0.0044,0.0,0.0,0.1499,2.689,30.545,29.68729606504014,0
Scenario A (No Hand / Idle Camera),148,9.4849,0.369,0.179,0.8568,18.5918,0.0006,0.0,0.0069,0.0,0.0,0.1489,1.6571,31.314,29.775701192981774,0
Scenario A (No Hand / Idle Camera),149,9.9711,0.3107,0.1676,0.8641,18.8667,0.0004,0.0,0.0037,0.0,0.0,0.1442,15.0535,45.4016,29.694088031004274,0
Scenario A (No Hand / Idle Camera),150,2.5248,0.3014,0.0907,0.7269,20.3192,0.0004,0.0,0.0037,0.0,0.0,0.1445,1.5999,25.729,16.558968791330265,0
Scenario A (No Hand / Idle Camera),151,3.2454,0.2187,0.1946,0.7056,26.3251,0.0006,0.0,0.004,0.0,0.0,0.1485,1.4333,32.2927,16.63071515489969,0
Scenario A (No Hand / Idle Camera),152,2.445,0.3166,0.2172,0.734,17.538,0.0006,0.0,0.0049,0.0,0.0,0.1455,7.4349,28.8575,16.62627046577556,0
Scenario A (No Hand / Idle Camera),153,3.1864,0.2375,0.165,0.6547,17.7614,0.0005,0.0,0.0039,0.0,0.0,0.1542,8.3984,30.5794,16.901357359349547,0
Scenario A (No Hand / Idle Camera),154,2.3822,0.2971,0.1516,0.7679,18.5719,0.0004,0.0,0.004,0.0,0.0,0.1648,7.9408,30.3015,16.933931514833805,0
Scenario A (No Hand / Idle Camera),155,18.0394,0.2122,0.1535,0.8399,18.3298,0.0008,0.0,0.0043,0.0,0.0,0.1538,1.5769,39.3272,16.718426971430777,0
Scenario A (No Hand / Idle Camera),156,9.9651,0.354,0.2232,1.115,18.2431,0.0005,0.0,0.0043,0.0,0.0,0.1495,1.7335,31.8167,16.72797939370455,0
Scenario A (No Hand / Idle Camera),157,10.6308,0.313,0.0964,0.8516,10.046,0.0005,0.0,0.0045,0.0,0.0,0.1726,1.5483,23.6872,16.722777199193448,0
Scenario A (No Hand / Idle Camera),158,19.2872,0.1874,0.1408,0.8235,25.7632,0.0007,0.0,0.0058,0.0,0.0,0.2334,1.8499,48.3096,16.781897266079486,0
Scenario A (No Hand / Idle Camera),159,2.6912,0.3351,0.1624,1.1819,27.2678,0.0006,0.0,0.0038,0.0,0.0,0.1552,1.4399,33.2579,16.76058244512709,0
Scenario A (No Hand / Idle Camera),160,2.3711,0.2246,0.1653,0.836,10.4882,0.0006,0.0,0.0043,0.0,0.0,0.2186,2.2916,16.6188,16.747616790955774,0
Scenario A (No Hand / Idle Camera),161,17.3174,0.3256,0.1504,0.7714,24.6287,0.0005,0.0,0.0041,0.0,0.0,0.223,1.9784,45.4233,16.745452520587264,0
Scenario A (No Hand / Idle Camera),162,3.8302,0.31,0.2248,0.8277,27.3017,0.0004,0.0,0.0032,0.0,0.0,0.1515,1.4522,34.1204,16.73293536892896,0
Scenario A (No Hand / Idle Camera),163,2.8088,0.2704,0.1559,0.8088,20.2114,0.0007,0.0,0.0048,0.0,0.0,0.2213,1.9478,26.4478,16.70094016925645,0
Scenario A (No Hand / Idle Camera),164,6.8953,0.295,0.1731,1.0963,17.8703,0.0007,0.0,0.0041,0.0,0.0,0.1503,10.9534,37.4602,16.692565365364022,0
Scenario A (No Hand / Idle Camera),165,3.2964,0.2582,0.1516,0.9502,27.0113,0.0005,0.0,0.0036,0.0,0.0,0.1468,15.2988,47.1364,16.931067721274392,0
Scenario A (No Hand / Idle Camera),166,3.163,0.2908,0.0805,0.8818,17.9807,0.0005,0.0,0.0038,0.0,0.0,0.1473,8.6218,31.1904,16.71371444115379,0
Scenario A (No Hand / Idle Camera),167,2.9521,0.2594,0.1911,0.7296,9.9551,0.0004,0.0,0.0037,0.0,0.0,0.1464,16.9313,31.1863,16.72549373107038,0
Scenario A (No Hand / Idle Camera),168,2.9468,0.2492,0.1804,0.7781,23.9019,0.0005,0.0,0.0037,0.0,0.0,0.1466,2.9026,31.1303,16.736403838807387,0
Scenario A (No Hand / Idle Camera),169,4.6702,0.1914,0.184,0.6538,25.7278,0.0006,0.0,0.0033,0.0,0.0,0.1855,1.5866,33.221,30.308915087486564,0
Scenario A (No Hand / Idle Camera),170,3.713,0.2274,0.1622,0.9503,17.668,0.0005,0.0,0.0035,0.0,0.0,0.1476,7.579,30.4694,29.990093592295853,0
Scenario A (No Hand / Idle Camera),171,5.5696,0.2129,0.1718,0.7254,18.1179,0.0005,0.0,0.0048,0.0,0.0,0.1505,5.4923,30.4633,29.97693982476915,0
Scenario A (No Hand / Idle Camera),172,6.8212,0.3804,0.1309,0.8184,17.568,0.0004,0.0,0.0039,0.0,0.0,0.1438,4.8024,30.6896,29.92178831360369,0
Scenario A (No Hand / Idle Camera),173,8.1036,0.2247,0.2136,1.1215,17.5016,0.0005,0.0,0.0035,0.0,0.0,0.1449,4.2568,31.589,29.794770982805485,0
Scenario A (No Hand / Idle Camera),174,8.0885,0.2037,0.1172,0.6714,18.0323,0.0006,0.0,0.0041,0.0,0.0,0.2186,3.6387,30.997,30.484962132775138,0
Scenario A (No Hand / Idle Camera),175,9.1051,0.299,0.1272,0.7026,17.6039,0.0006,0.0,0.0038,0.0,0.0,0.1473,2.7966,30.8109,30.424604859276453,0
Scenario A (No Hand / Idle Camera),176,11.1742,0.2075,0.2055,0.6725,18.508,0.0004,0.0,0.0037,0.0,0.0,0.1464,1.4735,32.4075,30.39426072728729,0
Scenario A (No Hand / Idle Camera),177,9.2169,0.2435,0.0985,0.749,16.7961,0.0004,0.0,0.0035,0.0,0.0,0.1682,1.4327,28.7297,30.486548191697164,0
Scenario A (No Hand / Idle Camera),178,14.7835,0.3105,0.1669,0.794,25.6808,0.0006,0.0,0.0037,0.0,0.0,0.227,2.0884,44.0746,30.365550557191053,0
Scenario A (No Hand / Idle Camera),179,2.9263,0.2802,0.0913,0.8013,21.0588,0.0006,0.0,0.0033,0.0,0.0,0.148,1.7496,27.085,30.348089282096513,0
Scenario A (No Hand / Idle Camera),180,2.1403,0.2112,0.1279,0.6363,18.4254,0.0004,0.0,0.0037,0.0,0.0,0.1466,2.8784,24.5845,17.069050040395922,0
Scenario A (No Hand / Idle Camera),181,2.6,0.205,0.1616,0.7702,18.2166,0.0055,0.0455,0.0081,0.0022,0.0,0.252,8.0401,30.3277,17.184573603927372,1
Scenario A (No Hand / Idle Camera),182,2.9962,0.1999,0.2229,0.6862,17.7927,0.0007,0.0,0.005,0.0,0.0,0.1416,9.0719,31.1346,17.2376984324405,0
Scenario A (No Hand / Idle Camera),183,3.1586,0.255,0.189,0.7011,9.5824,0.0005,0.0,0.0049,0.0,0.0,0.145,1.7453,15.8027,17.210392521669085,0
Scenario A (No Hand / Idle Camera),184,3.3837,0.2016,0.2139,0.6962,10.0866,0.0007,0.0,0.0071,0.0,0.0,0.2139,1.757,16.5788,17.498173919936164,0
Scenario A (No Hand / Idle Camera),185,2.9308,0.2832,0.1594,1.0452,10.1773,0.0005,0.0,0.0042,0.0,0.0,0.1496,14.2999,29.0723,18.00984790616737,0
Scenario A (No Hand / Idle Camera),186,2.9801,0.273,0.1695,0.7956,11.1801,0.0005,0.0,0.0046,0.0,0.0,0.1504,15.3604,30.9379,18.034530297969333,0
Scenario A (No Hand / Idle Camera),187,4.4262,0.2243,0.1491,0.7478,11.1791,0.0006,0.0,0.0061,0.0,0.0,0.1494,14.2693,31.1702,18.020167485006894,0
Scenario A (No Hand / Idle Camera),188,4.2394,0.3024,0.1666,0.7931,9.7264,0.0004,0.0,0.0052,0.0,0.0,0.1435,1.5832,16.9786,18.044682066082505,0
Scenario A (No Hand / Idle Camera),189,2.447,0.2758,0.2009,0.7089,9.9463,0.0006,0.0,0.0057,0.0,0.0,0.2724,1.482,15.3581,18.34586045209602,0
Scenario A (No Hand / Idle Camera),190,7.3282,0.2069,0.1656,0.7339,18.0494,0.0005,0.0,0.0061,0.0,0.0,0.1585,3.0485,29.7143,18.560600559111364,0
Scenario A (No Hand / Idle Camera),191,9.5989,0.3212,0.1778,0.7926,26.1637,0.0004,0.0,0.0051,0.0,0.0,0.2304,9.6799,46.9907,18.553587218541907,0
Scenario A (No Hand / Idle Camera),192,10.5639,0.5058,0.2244,0.7857,17.3505,0.0004,0.0,0.0043,0.0,0.0,0.1504,1.4354,31.0437,18.26519490997103,0
Scenario A (No Hand / Idle Camera),193,10.4067,0.2107,0.1683,0.6853,25.2029,0.0006,0.0,0.0048,0.0,0.0,0.1564,1.6422,38.4937,18.276748155279865,0
Scenario A (No Hand / Idle Camera),194,4.4954,0.3443,0.2636,0.7487,17.4935,0.0051,0.0449,0.0077,0.0023,0.0,0.2425,15.1884,38.8669,18.278563317215802,1
Scenario A (No Hand / Idle Camera),195,2.53,0.2172,0.2122,0.6848,17.3779,0.0006,0.0,0.0046,0.0,0.0,0.1485,10.0255,31.2177,18.216949454749525,0
Scenario A (No Hand / Idle Camera),196,1.9948,0.2204,0.1647,0.7486,17.9555,0.0004,0.0,0.0049,0.0,0.0,0.1489,9.7332,30.9863,18.201143158884285,0
Scenario A (No Hand / Idle Camera),197,2.729,0.3533,0.1994,0.8543,24.7101,0.0004,0.0,0.0049,0.0,0.0,0.182,2.7158,31.7704,18.25167465517494,0
Scenario A (No Hand / Idle Camera),198,3.1512,0.4161,0.1492,0.776,27.6723,0.0004,0.0,0.0046,0.0,0.0,0.1476,13.0331,45.3688,18.25199653244988,0
Scenario A (No Hand / Idle Camera),199,3.1079,0.2338,0.2178,0.7703,10.0034,0.0006,0.0,0.0057,0.0,0.0,0.2077,17.3082,31.8743,33.519529349018896,0
Scenario A (No Hand / Idle Camera),200,3.1893,0.2145,0.2008,0.779,9.6643,0.0006,0.0,0.0065,0.0,0.0,0.1642,1.7215,15.9575,33.06770325457954,0
Scenario A (No Hand / Idle Camera),201,2.6332,0.202,0.1774,0.6586,17.9835,0.0006,0.0,0.0044,0.0,0.0,0.1424,8.2629,30.082,33.91234647441162,0
Scenario A (No Hand / Idle Camera),202,2.9836,0.202,0.1967,0.8249,25.4147,0.0005,0.0,0.0048,0.0,0.0,0.1532,15.9888,45.7867,34.0281613161077,0
Scenario A (No Hand / Idle Camera),203,2.9594,0.2837,0.1578,0.7173,18.0933,0.0007,0.0,0.0049,0.0,0.0,0.1439,8.6054,30.9834,32.307446195659004,0
Scenario A (No Hand / Idle Camera),204,6.6561,0.2123,0.2432,0.7413,19.6677,0.0007,0.0,0.0061,0.0,0.0,0.2211,4.2804,32.0474,31.34891998316346,0
Scenario A (No Hand / Idle Camera),205,8.1212,0.328,0.2102,1.0032,17.5337,0.0005,0.0,0.0049,0.0,0.0,0.1454,3.0631,30.4309,31.11964414509577,0
Scenario A (No Hand / Idle Camera),206,8.8154,0.2099,0.1776,1.0563,18.2866,0.0005,0.0,0.0046,0.0,0.0,0.1466,2.7969,31.5125,31.15447490105381,0
Scenario A (No Hand / Idle Camera),207,11.2044,0.3204,0.0957,1.0303,14.1853,0.0004,0.0,0.0053,0.0,0.0,0.1662,3.4656,30.4924,31.02849075395722,0
Scenario A (No Hand / Idle Camera),208,10.8942,0.3085,0.1998,0.7897,9.8527,0.0006,0.0,0.0047,0.0,0.0,0.1464,8.6888,30.9058,30.280250793466237,0
Scenario A (No Hand / Idle Camera),209,12.8846,0.2587,0.1829,0.8232,9.7135,0.0006,0.0,0.0051,0.0,0.0,0.1456,6.5604,30.594,29.702277919015856,0
Scenario A (No Hand / Idle Camera),210,2.6004,0.1913,0.1411,0.7378,17.6495,0.0004,0.0,0.0078,0.0,0.0,0.1464,2.7308,24.2209,16.911898801656644,0
Scenario A (No Hand / Idle Camera),211,2.9336,0.1891,0.1601,0.7342,10.1504,0.0005,0.0,0.0038,0.0,0.0,0.145,17.1438,31.4759,17.29087886869097,0
Scenario A (No Hand / Idle Camera),212,2.2535,0.2562,0.1498,0.8654,18.2507,0.0004,0.0,0.0035,0.0,0.0,0.1563,1.4858,23.4383,17.283952373784846,0
Scenario A (No Hand / Idle Camera),213,2.3698,0.262,0.1503,0.8059,23.6701,0.0006,0.0,0.0035,0.0,0.0,0.156,9.6728,37.1088,17.424086114040932,0
Scenario A (No Hand / Idle Camera),214,4.3842,0.4051,0.1208,0.852,10.3444,0.0005,0.0,0.0046,0.0,0.0,0.1542,1.4849,17.7717,17.383247233389923,0
Scenario A (No Hand / Idle Camera),215,3.0439,0.2104,0.1411,0.785,11.0102,0.0005,0.0,0.004,0.0,0.0,0.1535,13.6223,28.987,17.62978107835045,0
Scenario A (No Hand / Idle Camera),216,2.7091,0.2044,0.1128,0.7316,10.4655,0.0004,0.0,0.0036,0.0,0.0,0.1492,16.0979,30.4894,17.66478400190099,0
Scenario A (No Hand / Idle Camera),217,2.7363,0.2636,0.2077,0.6438,9.7997,0.0006,0.0,0.0036,0.0,0.0,0.1459,17.2347,31.0517,17.710897215079598,0
Scenario A (No Hand / Idle Camera),218,3.2449,0.2026,0.1681,0.8115,9.7618,0.0005,0.0,0.0037,0.0,0.0,0.1417,16.0406,30.3926,17.917049663452957,0
Scenario A (No Hand / Idle Camera),219,2.8978,0.3503,0.2095,0.7051,9.727,0.0005,0.0,0.0033,0.0,0.0,0.1485,16.8341,30.9014,17.96565343000168,0
Scenario A (No Hand / Idle Camera),220,3.6906,0.3493,0.1865,0.7631,10.4035,0.0005,0.0,0.0038,0.0,0.0,0.1496,15.5935,31.16,17.695092091698015,0
Scenario A (No Hand / Idle Camera),221,2.4934,0.4129,0.2281,0.774,9.7231,0.0005,0.0,0.0039,0.0,0.0,0.1498,16.108,29.9146,17.701506693614828,0
Scenario A (No Hand / Idle Camera),222,2.3913,0.1986,0.209,0.7585,9.4902,0.0005,0.0,0.0043,0.0,0.0,0.1529,17.0933,30.3161,17.961373427316097,0
Scenario A (No Hand / Idle Camera),223,2.4329,0.2248,0.12,0.7717,9.8957,0.0004,0.0,0.0032,0.0,0.0,0.145,17.1323,30.7436,18.01987818028838,0
Scenario A (No Hand / Idle Camera),224,2.331,0.3176,0.166,0.9091,9.8915,0.0006,0.0,0.0036,0.0,0.0,0.141,17.2656,31.0459,18.078958072679466,0
Scenario A (No Hand / Idle Camera),225,2.6239,0.2143,0.2151,0.7682,17.7234,0.0005,0.0,0.0042,0.0,0.0,0.1444,9.5195,31.2312,18.0810500343167,0
Scenario A (No Hand / Idle Camera),226,3.0381,0.2477,0.1877,0.9548,9.8826,0.0005,0.0,0.0035,0.0,0.0,0.1474,1.4358,15.9154,18.12527059932377,0
Scenario A (No Hand / Idle Camera),227,2.3113,0.1963,0.2161,0.7015,9.7384,0.0004,0.0,0.0033,0.0,0.0,0.142,1.6021,14.9284,18.389778935276528,0
Scenario A (No Hand / Idle Camera),228,26.5065,0.2775,0.1567,0.7407,9.4922,0.0004,0.0,0.0036,0.0,0.0,0.1472,8.9467,46.2901,18.265391670351065,0
Scenario A (No Hand / Idle Camera),229,12.9114,0.2064,0.2078,0.7402,17.4722,0.0005,0.0,0.0038,0.0,0.0,0.1489,15.3896,47.0983,34.07094756508671,0
Scenario A (No Hand / Idle Camera),230,3.2569,0.2499,0.1309,0.7317,9.7095,0.0005,0.0,0.0049,0.0,0.0,0.1495,16.6134,30.8626,33.28342782013233,0
Scenario A (No Hand / Idle Camera),231,2.4826,0.2224,0.2132,0.6997,9.695,0.0005,0.0,0.0044,0.0,0.0,0.1506,18.3475,31.8374,33.35561846945114,0
Scenario A (No Hand / Idle Camera),232,3.0682,0.1956,0.1601,0.8405,17.8334,0.0004,0.0,0.0038,0.0,0.0,0.1454,8.491,30.756,32.85401212796825,0
Scenario A (No Hand / Idle Camera),233,2.7471,0.2012,0.1658,0.7729,9.9832,0.0005,0.0,0.0037,0.0,0.0,0.1443,16.6511,30.6855,33.31381508046723,0
Scenario A (No Hand / Idle Camera),234,2.5935,0.3864,0.2041,0.7497,18.0625,0.0079,0.0655,0.0096,0.0017,0.0,0.3393,1.8236,24.2697,32.496629095273065,1
Scenario A (No Hand / Idle Camera),235,8.3496,0.2516,0.0878,0.6994,17.8153,0.0006,0.0,0.0048,0.0,0.0,0.2221,10.9416,38.3932,32.45696300176027,0
Scenario A (No Hand / Idle Camera),236,2.8947,0.2597,0.2111,0.6879,22.1676,0.0005,0.0,0.0043,0.0,0.0,0.1571,4.9401,31.3411,32.26031130972164,0
Scenario A (No Hand / Idle Camera),237,2.7944,0.245,0.1452,0.7072,17.8614,0.0004,0.0,0.0048,0.0,0.0,0.1504,9.7279,31.6525,32.31153316409587,0
Scenario A (No Hand / Idle Camera),238,3.4418,0.2642,0.1942,0.716,17.5316,0.0069,0.1969,0.0219,0.003,0.0,0.3946,1.6476,24.4413,32.20381094856678,1
Scenario A (No Hand / Idle Camera),239,10.9436,0.2155,0.2031,0.8197,18.3298,0.0005,0.0,0.004,0.0,0.0,0.1491,6.5751,37.2571,32.16315546254947,0
Scenario A (No Hand / Idle Camera),240,2.7771,0.2156,0.1924,0.7583,25.5743,0.0004,0.0,0.0045,0.0,0.0,0.1523,1.4006,31.0897,17.334104204160703,0
Scenario A (No Hand / Idle Camera),241,2.285,0.2101,0.1762,0.7054,26.0377,0.0004,0.0,0.0052,0.0,0.0,0.1508,11.5191,41.1095,17.326103305105033,0
Scenario A (No Hand / Idle Camera),242,3.2609,0.2154,0.2285,0.7367,17.8874,0.0005,0.0,0.0053,0.0,0.0,0.1495,8.336,30.8373,17.15096255453041,0
Scenario A (No Hand / Idle Camera),243,3.2261,0.1878,0.132,0.695,17.9362,0.0006,0.0,0.0051,0.0,0.0,0.1541,8.7497,31.1029,17.140552408614436,0
Scenario A (No Hand / Idle Camera),244,4.1282,0.2783,0.1821,0.7759,20.439,0.0004,0.0,0.0048,0.0,0.0,0.1552,4.8659,30.8515,17.130836129114915,0
Scenario A (No Hand / Idle Camera),245,4.9771,0.2141,0.1649,0.7573,17.5611,0.0005,0.0,0.0047,0.0,0.0,0.1503,1.3858,25.2317,17.124913023540266,0
Scenario A (No Hand / Idle Camera),246,14.0513,0.2015,0.1847,0.7495,17.6271,0.0005,0.0,0.0086,0.0,0.0,0.1595,4.305,37.3036,16.83457760812368,0
Scenario A (No Hand / Idle Camera),247,7.0806,0.3058,0.1453,0.7146,18.9299,0.0005,0.0,0.0032,0.0,0.0,0.1495,3.7889,31.1414,16.96904118643086,0
Scenario A (No Hand / Idle Camera),248,8.4624,0.2105,0.0901,0.7638,19.1106,0.0004,0.0,0.0034,0.0,0.0,0.1504,17.7446,46.5567,16.977612590550397,0
Scenario A (No Hand / Idle Camera),249,8.5008,0.3871,0.19,0.9509,17.8515,0.0004,0.0,0.0046,0.0,0.0,0.1941,1.8547,29.9528,16.845862001029882,0
Scenario A (No Hand / Idle Camera),250,11.9914,0.3734,0.1477,0.8223,17.7606,0.0004,0.0,0.0037,0.0,0.0,0.1463,16.1482,47.4134,16.77703233564601,0
Scenario A (No Hand / Idle Camera),251,4.9916,0.2101,0.1579,0.6885,9.5103,0.0005,0.0,0.0039,0.0,0.0,0.2002,15.7906,31.5701,16.665347661016522,0
Scenario A (No Hand / Idle Camera),252,4.5184,0.2137,0.2022,0.6931,9.6245,0.0005,0.0,0.0039,0.0,0.0,0.1453,1.4859,16.9024,16.657816279814977,0
Scenario A (No Hand / Idle Camera),253,12.1009,0.1939,0.1789,1.0363,9.7705,0.0006,0.0,0.004,0.0,0.0,0.146,5.1906,28.6404,16.744826218254037,0
Scenario A (No Hand / Idle Camera),254,15.3557,0.3372,0.1916,0.6774,34.4654,0.0005,0.0,0.0042,0.0,0.0,0.2197,1.9234,53.1943,16.7101607633033,0
Scenario A (No Hand / Idle Camera),255,3.3106,0.1903,0.17,0.7323,23.9793,0.0005,0.0,0.0047,0.0,0.0,0.2019,1.4295,30.0366,16.600181183533838,0
Scenario A (No Hand / Idle Camera),256,2.7451,0.2259,0.1933,0.6786,40.2089,0.0006,0.0,0.0035,0.0,0.0,0.1456,11.2501,55.4691,16.6381803593675,0
Scenario A (No Hand / Idle Camera),257,2.154,0.2419,0.0826,0.8875,33.5634,0.0005,0.0,0.0047,0.0,0.0,0.2222,1.9331,39.1087,16.298593226939097,0
Scenario A (No Hand / Idle Camera),258,3.1932,0.3206,0.2197,0.9215,21.7632,0.0005,0.0,0.004,0.0,0.0,0.1461,1.4714,28.0607,16.192920870419695,0
Scenario A (No Hand / Idle Camera),259,4.23,0.2738,0.0848,0.7902,22.336,0.0004,0.0,0.0041,0.0,0.0,0.2174,1.4828,29.439,28.48115314470455,0
Scenario A (No Hand / Idle Camera),260,3.4376,0.2818,0.1028,0.7013,22.9393,0.0004,0.0,0.0036,0.0,0.0,0.1483,14.6966,42.3372,28.558334716005177,0
Scenario A (No Hand / Idle Camera),261,2.9941,0.2634,0.1693,0.7407,22.406,0.0067,0.0659,0.0101,0.0026,0.0,0.4254,3.3975,30.5077,28.550384986321628,1
Scenario A (No Hand / Idle Camera),262,2.9549,0.2513,0.1991,0.6831,17.7207,0.0007,0.0,0.0046,0.0,0.0,0.158,1.546,23.5351,28.58448645558115,0
Scenario A (No Hand / Idle Camera),263,2.6726,0.2018,0.1563,0.7588,11.991,0.0005,0.0,0.0044,0.0,0.0,0.147,7.7246,23.6757,28.964008596329077,0
Scenario A (No Hand / Idle Camera),264,2.553,0.215,0.2293,0.805,25.1566,0.0006,0.0,0.005,0.0,0.0,0.1478,1.4072,30.539,29.314580855713604,0
Scenario A (No Hand / Idle Camera),265,2.9434,0.2516,0.0898,0.7485,25.5911,0.0005,0.0,0.0047,0.0,0.0,0.1449,16.9174,46.7104,29.477195907832275,0
Scenario A (No Hand / Idle Camera),266,2.4188,0.4089,0.1897,0.6869,23.0632,0.0006,0.0,0.0052,0.0,0.0,0.2187,1.916,28.9292,28.77579608312694,0
Scenario A (No Hand / Idle Camera),267,2.3341,0.3866,0.1657,1.1501,21.8179,0.0007,0.0,0.005,0.0,0.0,0.1554,7.6893,33.7251,28.896174070821424,0
Scenario A (No Hand / Idle Camera),268,2.4671,0.286,0.1893,0.7958,26.9453,0.0005,0.0,0.0062,0.0,0.0,0.1484,1.5065,32.3633,29.461873805876124,0
Scenario A (No Hand / Idle Camera),269,2.774,0.2757,0.1913,1.0197,25.5126,0.0006,0.0,0.0057,0.0,0.0,0.2184,1.9278,31.9474,29.54148003631345,0
Scenario A (No Hand / Idle Camera),270,2.5098,0.2299,0.2737,0.8239,18.5371,0.0005,0.0,0.0086,0.0,0.0,0.1453,13.9162,36.4625,16.879423574918274,0
Scenario A (No Hand / Idle Camera),271,2.1923,0.2199,0.1004,0.7272,18.4979,0.0004,0.0,0.0037,0.0,0.0,0.1467,8.266,30.1758,16.816155134805836,0
Scenario A (No Hand / Idle Camera),272,2.3305,0.2451,0.1549,0.9142,19.0183,0.0005,0.0,0.0031,0.0,0.0,0.1847,1.6017,24.4707,16.72824274870243,0
Scenario A (No Hand / Idle Camera),273,10.134,0.2119,0.193,0.7915,18.2465,0.0006,0.0,0.0035,0.0,0.0,0.1504,5.4484,35.1983,16.72799343909511,0
Scenario A (No Hand / Idle Camera),274,6.3393,0.2931,0.1121,0.919,21.1934,0.0006,0.0,0.004,0.0,0.0,0.169,1.5732,30.6232,16.86327907607626,0
Scenario A (No Hand / Idle Camera),275,8.2671,0.3149,0.1426,1.0178,21.2723,0.0019,0.0,0.0065,0.0,0.0,0.157,1.6174,32.8394,16.8196084953487,0
Scenario A (No Hand / Idle Camera),276,8.0278,0.2031,0.1598,0.7977,20.3355,0.0004,0.0,0.0032,0.0,0.0,0.1533,12.8018,42.5022,17.15982223431884,0
Scenario A (No Hand / Idle Camera),277,3.0556,0.2109,0.1864,0.8729,18.2765,0.0005,0.0,0.0039,0.0,0.0,0.2032,1.657,24.485,17.208519463289274,0
Scenario A (No Hand / Idle Camera),278,4.8126,0.2473,0.2264,0.8901,18.2722,0.0005,0.0,0.0035,0.0,0.0,0.1465,11.3473,35.9674,17.246304592513464,0
Scenario A (No Hand / Idle Camera),279,2.5381,0.3291,0.0917,1.0507,21.9464,0.0005,0.0,0.0043,0.0,0.0,0.1526,1.7559,27.8929,17.162871134240426,0
Scenario A (No Hand / Idle Camera),280,5.6223,0.4298,0.1497,0.9812,28.4507,0.0004,0.0,0.0047,0.0,0.0,0.1569,13.1206,48.9398,17.329806995179773,0
Scenario A (No Hand / Idle Camera),281,2.8563,0.1932,0.1681,0.8001,18.4086,0.0004,0.0,0.0036,0.0,0.0,0.1422,8.0873,30.6759,17.090607366790486,0
Scenario A (No Hand / Idle Camera),282,4.3846,0.2419,0.1745,0.7628,18.013,0.0004,0.0,0.0034,0.0,0.0,0.1456,6.9384,30.6819,16.952447201079114,0
Scenario A (No Hand / Idle Camera),283,6.0338,0.2758,0.1807,0.7573,17.5937,0.0005,0.0,0.0036,0.0,0.0,0.1451,6.6818,31.6904,16.831007901252402,0
Scenario A (No Hand / Idle Camera),284,5.6614,0.1868,0.1717,0.7199,17.6089,0.0005,0.0,0.0039,0.0,0.0,0.1451,6.8202,31.3362,16.81764562007065,0
Scenario A (No Hand / Idle Camera),285,6.3524,0.3639,0.2092,0.7242,18.3289,0.0006,0.0,0.0044,0.0,0.0,0.1587,4.5187,30.6882,17.030631801201885,0
Scenario A (No Hand / Idle Camera),286,8.5316,0.2178,0.2562,0.8327,10.2174,0.0006,0.0,0.0042,0.0,0.0,0.2217,10.7113,31.0149,16.99164338514436,0
Scenario A (No Hand / Idle Camera),287,8.9391,0.2206,0.1812,0.757,19.5924,0.0006,0.0,0.0045,0.0,0.0,0.2189,2.0158,31.95,17.003523954612763,0
Scenario A (No Hand / Idle Camera),288,8.2086,0.4381,0.1642,1.0015,9.5198,0.0005,0.0,0.0046,0.0,0.0,0.2184,11.8831,31.4593,17.02649827281786,0
Scenario A (No Hand / Idle Camera),289,10.0223,0.3333,0.2226,1.0827,16.6252,0.0005,0.0,0.0041,0.0,0.0,0.1511,2.6922,31.1613,30.322327259997984,0
Scenario A (No Hand / Idle Camera),290,8.8772,0.3292,0.1881,0.8394,10.0774,0.0005,0.0,0.0034,0.0,0.0,0.1438,10.9844,31.4609,30.60720906804297,0
Scenario A (No Hand / Idle Camera),291,11.801,0.2078,0.2008,0.741,9.695,0.0004,0.0,0.0036,0.0,0.0,0.1446,7.8196,30.6331,30.472908815035975,0
Scenario A (No Hand / Idle Camera),292,13.0549,0.2091,0.1976,0.7343,17.9045,0.0004,0.0,0.0039,0.0,0.0,0.1465,14.6085,46.878,30.46100474353927,0
Scenario A (No Hand / Idle Camera),293,3.0204,0.3052,0.1799,0.7412,9.7546,0.0005,0.0,0.0036,0.0,0.0,0.1448,16.6449,30.814,30.183386213366674,0
Scenario A (No Hand / Idle Camera),294,14.5503,0.2074,0.1362,0.8206,9.678,0.0005,0.0,0.0038,0.0,0.0,0.1453,5.7831,31.3436,29.672859638102693,0
Scenario A (No Hand / Idle Camera),295,14.6275,0.1945,0.1717,0.6909,9.7451,0.0005,0.0,0.0037,0.0,0.0,0.1465,5.9404,31.5378,29.76094527827675,0
Scenario A (No Hand / Idle Camera),296,15.4068,0.3194,0.1293,0.7721,9.6697,0.0005,0.0,0.0036,0.0,0.0,0.1484,4.6699,31.1408,29.97224967768044,0
Scenario A (No Hand / Idle Camera),297,16.3629,0.2769,0.1009,0.6948,17.1147,0.0006,0.0,0.0032,0.0,0.0,0.1461,11.8288,46.5475,29.728538126401478,0
Scenario A (No Hand / Idle Camera),298,2.7415,0.1942,0.1611,0.7085,19.5323,0.0004,0.0,0.0039,0.0,0.0,0.1449,7.5998,31.1034,29.826630631480334,0
Scenario A (No Hand / Idle Camera),299,2.7575,0.2312,0.123,0.7294,9.8607,0.0005,0.0,0.0044,0.0,0.0,0.1527,1.3593,15.2379,29.767470770145636,0
Scenario A (No Hand / Idle Camera),300,3.178,0.1987,0.1719,0.9693,18.2599,0.0005,0.0,0.0041,0.0,0.0,0.147,16.7151,39.6617,17.0585783964309,0
Scenario A (No Hand / Idle Camera),301,2.9338,0.223,0.0799,0.6862,17.8334,0.0009,0.0,0.0059,0.0,0.0,0.2303,9.0113,31.0236,16.94307623193872,0
Scenario A (No Hand / Idle Camera),302,3.0657,0.2039,0.2288,0.773,18.2938,0.0005,0.0,0.0036,0.0,0.0,0.1425,8.1249,30.8543,16.961583051480204,0
Scenario A (No Hand / Idle Camera),303,19.874,0.228,0.1751,0.8852,18.5284,0.0005,0.0,0.0044,0.0,0.0,0.1592,7.9766,47.8485,16.720829841599425,0
Scenario A (No Hand / Idle Camera),304,2.7322,0.2199,0.1464,0.8082,25.7505,0.0006,0.0,0.0046,0.0,0.0,0.1673,17.3547,47.202,16.734773092327732,0
Scenario A (No Hand / Idle Camera),305,2.804,0.4064,0.1837,0.7074,18.2268,0.0005,0.0,0.0037,0.0,0.0,0.1589,8.3641,30.8743,16.513510875693893,0
Scenario A (No Hand / Idle Camera),306,3.1418,0.2027,0.2418,0.7024,25.9696,0.0005,0.0,0.0037,0.0,0.0,0.1503,1.5221,31.9512,16.53296322228965,0
Scenario A (No Hand / Idle Camera),307,2.114,0.5838,0.2661,0.8001,18.5578,0.0005,0.0,0.0035,0.0,0.0,0.153,7.2381,29.7387,16.542469649116068,0
Scenario A (No Hand / Idle Camera),308,2.5215,0.2206,0.2284,0.7026,9.5808,0.0004,0.0,0.0043,0.0,0.0,0.1495,1.4214,14.847,16.587800775981215,0
Scenario A (No Hand / Idle Camera),309,9.6671,0.2306,0.1604,0.7195,18.2968,0.0005,0.0,0.0037,0.0,0.0,0.1514,1.4834,30.7278,16.69726947375964,0
Scenario A (No Hand / Idle Camera),310,11.0438,0.3134,0.1408,0.7776,17.6423,0.0004,0.0,0.0034,0.0,0.0,0.1523,1.4355,31.5278,16.710076670891794,0
Scenario A (No Hand / Idle Camera),311,11.3978,0.237,0.1771,0.6856,17.6201,0.0006,0.0,0.0036,0.0,0.0,0.1512,16.6417,46.9339,16.71965462902139,0
Scenario A (No Hand / Idle Camera),312,2.9767,0.215,0.1539,0.6971,25.2891,0.0004,0.0,0.0035,0.0,0.0,0.1446,17.7008,47.1968,16.700733671671607,0
Scenario A (No Hand / Idle Camera),313,3.0201,0.2529,0.1648,0.7928,18.5468,0.0005,0.0,0.0036,0.0,0.0,0.1541,1.9606,24.9137,16.63295748431968,0
Scenario A (No Hand / Idle Camera),314,2.2289,0.1851,0.179,0.7304,9.9982,0.0005,0.0,0.0041,0.0,0.0,0.1506,7.8533,21.346,16.740432863621553,0
Scenario A (No Hand / Idle Camera),315,13.1278,0.2596,0.1617,0.8044,9.9669,0.0005,0.0,0.0044,0.0,0.0,0.167,1.401,25.9116,16.7547610928175,0
Scenario A (No Hand / Idle Camera),316,21.0576,0.2698,0.2001,0.681,18.1748,0.0004,0.0,0.0038,0.0,0.0,0.1449,10.8697,51.4209,16.713143087238187,0
Scenario A (No Hand / Idle Camera),317,2.8568,0.2096,0.1847,0.8775,17.5265,0.0006,0.0,0.0032,0.0,0.0,0.1517,9.8052,31.7395,16.693691312058448,0
Scenario A (No Hand / Idle Camera),318,3.3095,0.2129,0.1431,0.7934,17.7359,0.0004,0.0,0.0036,0.0,0.0,0.1535,9.2132,31.5803,16.70316646747954,0
Scenario A (No Hand / Idle Camera),319,2.9551,0.2675,0.2304,0.7466,17.8055,0.0004,0.0,0.0041,0.0,0.0,0.1506,8.4962,30.6743,29.334997171107677,0
Scenario A (No Hand / Idle Camera),320,2.4676,0.2993,0.0995,0.8391,10.068,0.0005,0.0,0.0034,0.0,0.0,0.1417,16.8852,30.8238,29.804699605318127,0
Scenario A (No Hand / Idle Camera),321,2.4019,0.3579,0.1101,0.9487,20.8194,0.0005,0.0,0.0042,0.0,0.0,0.1513,5.5586,30.3736,29.79421401706334,0
Scenario A (No Hand / Idle Camera),322,5.7779,0.2104,0.1559,0.7712,18.4433,0.0005,0.0,0.0034,0.0,0.0,0.1472,5.4699,30.9958,30.44385222855187,0
Scenario A (No Hand / Idle Camera),323,6.4886,0.2626,0.1395,0.79,17.6371,0.0004,0.0,0.0035,0.0,0.0,0.1777,5.2637,30.7808,30.422885868428246,0
Scenario A (No Hand / Idle Camera),324,8.181,0.2529,0.2243,0.7796,17.622,0.0005,0.0,0.0039,0.0,0.0,0.1469,1.5038,28.7339,31.14665766173506,0
Scenario A (No Hand / Idle Camera),325,10.7585,0.2289,0.1636,0.847,18.1613,0.0004,0.0,0.0035,0.0,0.0,0.1438,17.6026,47.9266,31.15390247783134,0
Scenario A (No Hand / Idle Camera),326,3.5783,0.2876,0.2065,0.7829,17.1919,0.0005,0.0,0.0039,0.0,0.0,0.1494,8.2745,30.494,30.637073146352293,0
Scenario A (No Hand / Idle Camera),327,12.7473,0.2356,0.1131,0.7096,17.693,0.0004,0.0,0.0039,0.0,0.0,0.1462,14.9572,46.6259,30.145148929377417,0
Scenario A (No Hand / Idle Camera),328,3.0458,0.2218,0.1413,0.7019,9.7968,0.0005,0.0,0.0037,0.0,0.0,0.1438,16.7046,30.7767,29.488212378482707,0
Scenario A (No Hand / Idle Camera),329,2.9777,0.3151,0.1703,0.6978,17.5931,0.0004,0.0,0.0032,0.0,0.0,0.1499,9.216,31.1424,29.563979418082262,0
Scenario A (No Hand / Idle Camera),330,2.3228,0.2191,0.1665,0.8738,17.2916,0.0005,0.0,0.0038,0.0,0.0,0.1444,3.5742,24.6112,16.72298775150811,0
Scenario A (No Hand / Idle Camera),331,7.4649,0.3105,0.1145,0.8127,17.4341,0.0004,0.0,0.0039,0.0,0.0,0.1451,4.3097,30.6164,16.853992143579532,0
Scenario A (No Hand / Idle Camera),332,9.2788,0.2053,0.3407,0.7233,18.0387,0.0005,0.0,0.0033,0.0,0.0,0.145,17.719,46.4705,17.084422693799045,0
Scenario A (No Hand / Idle Camera),333,2.8169,0.2266,0.1847,0.6909,18.2234,0.0004,0.0,0.0033,0.0,0.0,0.1531,8.0465,30.3628,16.839344317719586,0
Scenario A (No Hand / Idle Camera),334,2.8063,0.3257,0.2029,0.873,25.8862,0.0007,0.0,0.0039,0.0,0.0,0.1501,16.5982,46.8669,16.85258074107408,0
Scenario A (No Hand / Idle Camera),335,2.6254,0.2412,0.2123,0.7932,21.4344,0.0006,0.0,0.0043,0.0,0.0,0.4043,1.605,27.339,16.68151328033633,0
Scenario A (No Hand / Idle Camera),336,2.6613,0.396,0.2549,0.8217,24.5808,0.0006,0.0,0.0047,0.0,0.0,0.1584,4.75,33.6491,16.76335006265344,0
Scenario A (No Hand / Idle Camera),337,3.4808,0.3267,0.1794,0.813,18.3806,0.0004,0.0,0.0036,0.0,0.0,0.1628,7.6177,30.9829,16.724665341007466,0
Scenario A (No Hand / Idle Camera),338,3.0993,0.3233,0.1535,0.8441,18.5148,0.0005,0.0,0.0036,0.0,0.0,0.144,1.5621,24.6647,16.738256386818385,0
Scenario A (No Hand / Idle Camera),339,10.4422,0.2198,0.1685,0.758,10.62,0.0007,0.0,0.0046,0.0,0.0,0.1542,14.4045,36.7893,16.704293844807175,0
Scenario A (No Hand / Idle Camera),340,5.761,0.336,0.0951,1.0854,20.122,0.0006,0.0,0.0046,0.0,0.0,0.1555,4.3835,31.9648,16.700065214512158,0
Scenario A (No Hand / Idle Camera),341,5.3946,0.2531,0.1331,0.849,18.7615,0.0006,0.0,0.0042,0.0,0.0,0.2045,1.4909,27.1108,16.72367208314936,0
Scenario A (No Hand / Idle Camera),342,9.9595,0.2437,0.0882,0.7882,10.583,0.0006,0.0,0.0043,0.0,0.0,0.1468,13.0338,34.8668,16.727877565328367,0
Scenario A (No Hand / Idle Camera),343,7.1557,0.3726,0.2261,1.0471,31.6085,0.0006,0.0,0.0046,0.0,0.0,0.2221,2.0076,42.6718,16.730799478835348,0
Scenario A (No Hand / Idle Camera),344,3.0398,0.264,0.1712,0.7693,21.0575,0.0006,0.0,0.0043,0.0,0.0,0.1591,1.7596,27.2438,16.619204106138646,0
Scenario A (No Hand / Idle Camera),345,2.6226,0.31,0.0939,0.9227,22.7184,0.0009,0.0,0.0058,0.0,0.0,0.3258,1.7363,28.7569,16.8262459093962,0
Scenario A (No Hand / Idle Camera),346,4.128,0.4587,0.2095,1.4404,25.5316,0.0005,0.0,0.0043,0.0,0.0,0.1734,1.6277,33.5988,16.972196162609993,0
Scenario A (No Hand / Idle Camera),347,2.9144,0.249,0.1562,0.928,26.3046,0.0005,0.0,0.0037,0.0,0.0,0.1472,2.8519,33.5747,17.04468842751549,0
Scenario A (No Hand / Idle Camera),348,17.6033,0.2794,0.1539,0.8026,28.8332,0.0006,0.0,0.0037,0.0,0.0,0.1416,1.4543,49.2915,16.778837365547535,0
Scenario A (No Hand / Idle Camera),349,2.5648,0.207,0.176,0.7809,28.8283,0.0004,0.0,0.0037,0.0,0.0,0.1503,10.9414,43.6713,29.602273035415326,0
Scenario A (No Hand / Idle Camera),350,2.8403,0.2115,0.1925,0.8442,28.379,0.0005,0.0,0.0035,0.0,0.0,0.1442,13.5692,46.2029,29.00390810671919,0
Scenario A (No Hand / Idle Camera),351,2.9961,0.1896,0.1775,0.7962,31.3645,0.0004,0.0,0.0035,0.0,0.0,0.1528,1.5203,37.2169,28.351284833521294,0
Scenario A (No Hand / Idle Camera),352,2.9683,0.206,0.2149,0.9975,24.2918,0.0006,0.0,0.0049,0.0,0.0,0.1674,1.6616,30.5323,28.490541200966277,0
Scenario A (No Hand / Idle Camera),353,2.5555,0.2469,0.1947,0.8002,19.1877,0.0005,0.0,0.004,0.0,0.0,0.1491,1.77,24.9276,28.501668252839107,0
Scenario A (No Hand / Idle Camera),354,3.7119,0.407,0.1225,0.9726,20.3905,0.0004,0.0,0.0038,0.0,0.0,0.1556,5.7825,31.5679,29.38285796033163,0
Scenario A (No Hand / Idle Camera),355,3.1891,0.2258,0.1579,0.7047,18.5178,0.0004,0.0,0.0039,0.0,0.0,0.1452,8.2345,31.2338,29.242209559483214,0
Scenario A (No Hand / Idle Camera),356,3.1375,0.4889,0.2076,0.7855,17.6078,0.0004,0.0,0.0035,0.0,0.0,0.1462,1.5484,23.945,29.357215455203523,0
Scenario A (No Hand / Idle Camera),357,2.2155,0.2065,0.207,0.6725,18.1539,0.0005,0.0,0.0036,0.0,0.0,0.1449,1.4271,23.0451,29.7133192792602,0
Scenario A (No Hand / Idle Camera),358,1.999,0.2144,0.206,0.6787,27.2869,0.0006,0.0,0.0049,0.0,0.0,0.1725,14.9942,45.5737,30.151741338708995,0
Scenario A (No Hand / Idle Camera),359,2.4894,0.2137,0.2084,0.7232,17.1988,0.0005,0.0,0.0041,0.0,0.0,0.1518,1.4148,22.4217,29.4545779798949,0
Scenario A (No Hand / Idle Camera),360,2.8494,0.2642,0.1135,0.882,17.7894,0.0005,0.0,0.0041,0.0,0.0,0.2203,1.8803,24.0216,16.729886271218394,0
Scenario A (No Hand / Idle Camera),361,11.745,0.207,0.1679,0.7447,11.5308,0.0007,0.0,0.0045,0.0,0.0,0.2362,7.7755,32.4303,16.723110576140186,0
Scenario A (No Hand / Idle Camera),362,10.7341,0.3152,0.1649,0.8666,10.0616,0.0005,0.0,0.0036,0.0,0.0,0.1476,1.7412,24.054,16.72019134740464,0
Scenario A (No Hand / Idle Camera),363,18.541,0.3293,0.1765,0.7521,18.2849,0.0007,0.0,0.0054,0.0,0.0,0.1903,1.4765,39.774,16.821756469709374,0
Scenario A (No Hand / Idle Camera),364,10.7919,0.212,0.1393,0.8535,18.5044,0.0006,0.0,0.0044,0.0,0.0,0.1554,15.4246,46.1034,16.745983858735887,0
Scenario A (No Hand / Idle Camera),365,2.9726,0.3156,0.09,0.7821,31.526,0.0004,0.0,0.0078,0.0,0.0,0.2322,1.9118,37.857,16.62496284031233,0
Scenario A (No Hand / Idle Camera),366,2.6999,0.3224,0.1884,1.0309,34.0656,0.0006,0.0,0.0043,0.0,0.0,0.2646,1.3699,39.9665,16.539417478468522,0
Scenario A (No Hand / Idle Camera),367,3.0286,0.2665,0.1799,0.8081,23.1769,0.0004,0.0,0.0039,0.0,0.0,0.1841,1.5309,29.1956,16.662486885039556,0
Scenario A (No Hand / Idle Camera),368,3.695,0.2684,0.09,0.6889,32.4093,0.0006,0.0,0.0038,0.0,0.0,0.1523,1.4045,38.732,16.735866079093842,0
Scenario A (No Hand / Idle Camera),369,2.6513,0.445,0.1647,0.9487,35.8096,0.0006,0.0,0.0044,0.0,0.0,0.1689,1.5105,41.7253,16.808912300521214,0
Scenario A (No Hand / Idle Camera),370,3.0027,0.322,0.1429,0.853,22.7054,0.0005,0.0,0.0034,0.0,0.0,0.1505,17.2873,44.4868,16.885314002844737,0
Scenario A (No Hand / Idle Camera),371,3.0904,0.2269,0.1701,0.6609,31.9642,0.0005,0.0,0.0036,0.0,0.0,0.1452,10.8079,47.0879,16.772060798154673,0
Scenario A (No Hand / Idle Camera),372,2.1312,0.2421,0.1819,0.6605,17.7482,0.0005,0.0,0.0045,0.0,0.0,0.1414,1.6224,22.7502,16.53718657033574,0
Scenario A (No Hand / Idle Camera),373,2.8979,0.2162,0.2043,0.5532,18.3386,0.0004,0.0,0.0033,0.0,0.0,0.1438,16.9859,39.3603,16.578897483159345,0
Scenario A (No Hand / Idle Camera),374,2.2126,0.1972,0.1406,0.5888,21.5811,0.0006,0.0,0.0041,0.0,0.0,0.1714,5.9608,30.8734,16.46626361138087,0
Scenario A (No Hand / Idle Camera),375,2.9908,0.2273,0.1746,0.6662,18.2138,0.0004,0.0,0.0037,0.0,0.0,0.1474,8.9689,31.4102,16.47305065665421,0
Scenario A (No Hand / Idle Camera),376,2.9315,0.3807,0.2233,0.5865,9.4569,0.0005,0.0,0.0038,0.0,0.0,0.1447,1.5208,15.2699,16.350861268424318,0
Scenario A (No Hand / Idle Camera),377,4.2217,0.1969,0.1651,0.6956,18.0469,0.0004,0.0,0.0039,0.0,0.0,0.1453,6.9091,30.4027,16.434397919277124,0
Scenario A (No Hand / Idle Camera),378,3.6663,0.2049,0.2294,0.7307,25.8664,0.001,0.0,0.0038,0.0,0.0,0.1469,1.5537,32.4219,16.66758190964527,0
Scenario A (No Hand / Idle Camera),379,2.1741,0.2613,0.1447,0.6732,19.8764,0.0006,0.0,0.0053,0.0,0.0,0.1645,6.074,29.3921,29.338755488698997,0
Scenario A (No Hand / Idle Camera),380,3.3242,0.245,0.2171,0.569,18.5845,0.0007,0.0,0.005,0.0,0.0,0.2529,1.5978,24.8133,29.410824521784892,0
Scenario A (No Hand / Idle Camera),381,4.9987,0.3302,0.295,0.734,22.0418,0.0006,0.0,0.0043,0.0,0.0,0.2913,8.3191,37.0352,29.69332460947572,0
Scenario A (No Hand / Idle Camera),382,2.9064,0.3499,0.1931,0.6628,31.0853,0.0006,0.0,0.0046,0.0,0.0,0.1531,1.4472,36.8198,29.528935599897583,0
Scenario A (No Hand / Idle Camera),383,3.3357,0.4668,0.26,0.7208,26.597,0.0006,0.0,0.0048,0.0,0.0,0.1793,10.3764,41.9637,29.27539268708245,0
Scenario A (No Hand / Idle Camera),384,2.6044,0.2352,0.1788,0.6531,25.4074,0.0006,0.0,0.0044,0.0,0.0,0.2187,1.452,30.7717,29.162455666297312,0
Scenario A (No Hand / Idle Camera),385,3.2438,0.1993,0.1472,0.622,25.9532,0.0005,0.0,0.0045,0.0,0.0,0.1718,16.9779,47.3361,29.48459021439766,0
Scenario A (No Hand / Idle Camera),386,3.1342,0.2485,0.1614,0.5889,25.4782,0.0005,0.0,0.0042,0.0,0.0,0.1683,1.7618,31.5625,29.12635527367528,0
Scenario A (No Hand / Idle Camera),387,2.7863,0.279,0.1493,0.8366,17.5814,0.0005,0.0,0.0037,0.0,0.0,0.142,9.7131,31.5099,29.058606720268372,0
Scenario A (No Hand / Idle Camera),388,2.8434,0.2524,0.1588,0.6177,17.4852,0.0006,0.0,0.0046,0.0,0.0,0.155,9.7646,31.299,29.340743034352094,0
Scenario A (No Hand / Idle Camera),389,2.6943,0.3228,0.1333,0.6621,18.067,0.0004,0.0,0.0038,0.0,0.0,0.1441,9.058,31.1057,29.842815115728673,0
Scenario A (No Hand / Idle Camera),390,2.3589,0.2325,0.1978,0.65,21.7183,0.0005,0.0,0.0063,0.0,0.0,0.1635,1.36,26.7053,17.009828084822274,0
Scenario A (No Hand / Idle Camera),391,2.0646,0.2048,0.1417,0.5776,17.8223,0.0006,0.0,0.0041,0.0,0.0,0.1433,9.0879,30.0741,17.324589128991942,0
Scenario A (No Hand / Idle Camera),392,2.8359,0.395,0.1297,0.686,9.5339,0.0005,0.0,0.0036,0.0,0.0,0.1464,17.5792,31.3372,17.196373068175443,0
Scenario A (No Hand / Idle Camera),393,2.5342,0.2079,0.2021,0.5729,17.9512,0.0006,0.0,0.0039,0.0,0.0,0.1733,8.9278,30.5893,17.321414738328357,0
Scenario A (No Hand / Idle Camera),394,2.8828,0.3098,0.1631,0.8137,26.5815,0.0005,0.0,0.0038,0.0,0.0,0.1525,1.538,32.4693,17.32188912846908,0
Scenario A (No Hand / Idle Camera),395,2.9565,0.2315,0.1695,0.5827,18.1585,0.0005,0.0,0.0044,0.0,0.0,0.1532,6.4165,28.6883,17.302836090710088,0
Scenario A (No Hand / Idle Camera),396,2.7484,0.2359,0.1032,0.7386,26.0861,0.0006,0.0,0.0053,0.0,0.0,0.2151,1.9462,32.1006,17.127507789306904,0
Scenario A (No Hand / Idle Camera),397,3.0613,0.347,0.2059,0.5915,28.1508,0.0005,0.0,0.0039,0.0,0.0,0.1517,1.4495,33.9799,17.08411504262573,0
Scenario A (No Hand / Idle Camera),398,3.0527,0.3123,0.1905,0.6004,19.5554,0.0005,0.0,0.0039,0.0,0.0,0.1453,17.1391,41.0172,17.052632164583226,0
Scenario A (No Hand / Idle Camera),399,3.2022,0.2036,0.1838,0.6417,26.0543,0.0006,0.0,0.0111,0.0,0.0,0.2235,1.4412,31.9789,16.88226634661196,0
Scenario A (No Hand / Idle Camera),400,2.5271,0.3141,0.1724,0.8416,20.8611,0.0005,0.0,0.0043,0.0,0.0,0.1502,6.6934,31.6068,16.793047424498294,0
Scenario A (No Hand / Idle Camera),401,2.0749,0.2574,0.1513,0.624,20.1009,0.0005,0.0,0.004,0.0,0.0,0.2153,1.4447,24.8909,16.857571607650616,0
Scenario A (No Hand / Idle Camera),402,15.315,0.3682,0.2176,0.6403,17.4682,0.0005,0.0,0.0044,0.0,0.0,0.19,2.6454,36.8727,16.848814594228315,0
Scenario A (No Hand / Idle Camera),403,10.2856,0.1868,0.2191,0.5923,17.7085,0.0005,0.0,0.0033,0.0,0.0,0.1454,16.5692,45.7272,16.993980481987933,0
Scenario A (No Hand / Idle Camera),404,2.0107,0.3579,0.1001,0.6203,17.6,0.0005,0.0,0.0049,0.0,0.0,0.1925,1.5017,22.4067,16.88365768696714,0
Scenario A (No Hand / Idle Camera),405,6.5405,0.2196,0.1994,0.6433,17.5219,0.0005,0.0,0.004,0.0,0.0,0.1513,14.6633,39.9612,17.203080986086515,0
Scenario A (No Hand / Idle Camera),406,2.67,0.3135,0.1789,0.5905,17.9295,0.0004,0.0,0.0035,0.0,0.0,0.1512,1.7498,23.6057,17.131683147670785,0
Scenario A (No Hand / Idle Camera),407,4.5762,0.2893,0.1797,0.5608,18.7422,0.0006,0.0,0.0048,0.0,0.0,0.1528,14.4097,38.9392,17.224736409480073,0
Scenario A (No Hand / Idle Camera),408,2.74,0.1989,0.1455,0.6287,18.8703,0.0006,0.0,0.0047,0.0,0.0,0.1591,1.4107,24.1736,17.13595634417282,0
Scenario A (No Hand / Idle Camera),409,6.7947,0.2808,0.1567,0.5916,17.6424,0.0006,0.0,0.0035,0.0,0.0,0.1445,12.2986,37.9326,31.032949333968855,0
Scenario A (No Hand / Idle Camera),410,2.7996,0.2845,0.1851,0.6924,18.8872,0.0005,0.0,0.0048,0.0,0.0,0.2391,8.1314,31.2569,30.640171141285375,0
Scenario A (No Hand / Idle Camera),411,2.5645,0.2103,0.21,0.6372,17.9531,0.0004,0.0,0.0038,0.0,0.0,0.2131,9.318,31.1264,30.709184072581344,0
Scenario A (No Hand / Idle Camera),412,2.783,0.2912,0.1303,0.9417,17.9734,0.0005,0.0,0.005,0.0,0.0,0.1958,1.5092,23.8518,30.627535727805714,0
Scenario A (No Hand / Idle Camera),413,10.9472,0.1914,0.2075,0.6434,17.9942,0.0005,0.0,0.0036,0.0,0.0,0.1509,8.166,38.321,30.611547390950953,0
Scenario A (No Hand / Idle Camera),414,20.6691,0.2254,0.2412,0.6955,17.8468,0.0004,0.0,0.0035,0.0,0.0,0.173,1.4193,41.2915,29.856589658438335,0
Scenario A (No Hand / Idle Camera),415,10.7648,0.2955,0.1759,0.6865,17.8266,0.0005,0.0,0.0036,0.0,0.0,0.3709,6.177,36.3191,29.709453315741932,0
Scenario A (No Hand / Idle Camera),416,6.259,0.2222,0.1511,0.6471,18.4997,0.0004,0.0,0.0038,0.0,0.0,0.15,5.1497,31.0994,29.74655928929368,0
Scenario A (No Hand / Idle Camera),417,7.4155,0.2385,0.121,0.6392,18.0426,0.0064,0.0,0.0046,0.0,0.0,0.1716,4.2755,30.9316,29.770083992427082,0
Scenario A (No Hand / Idle Camera),418,8.7735,0.3502,0.2071,0.8414,10.2671,0.0005,0.0,0.0041,0.0,0.0,0.2152,1.7195,22.3985,30.219875505533615,0
Scenario A (No Hand / Idle Camera),419,18.7627,0.282,0.2833,0.5594,18.1457,0.0004,0.0,0.0035,0.0,0.0,0.1432,15.7944,53.9937,30.20712628185058,0
Scenario A (No Hand / Idle Camera),420,2.489,0.2557,0.1701,0.6377,17.5809,0.0069,0.0673,0.0105,0.0039,0.0,0.3333,1.6041,23.1842,16.651749449934076,1
Scenario A (No Hand / Idle Camera),421,2.6716,0.1978,0.1639,0.608,27.503,0.005,0.0467,0.0097,0.0038,0.0,0.2802,14.4602,45.9707,16.87312283016667,1
Scenario A (No Hand / Idle Camera),422,2.5095,0.2555,0.091,0.5656,19.1094,0.006,0.0539,0.0093,0.0034,0.0,0.47,7.1425,30.2435,16.657464610208546,1
Scenario A (No Hand / Idle Camera),423,2.5174,0.3039,0.2048,0.6215,20.5838,0.0056,0.0482,0.0095,0.0054,0.0171,0.4919,2.2442,27.0794,16.77231142303861,1
Scenario A (No Hand / Idle Camera),424,4.4057,0.2636,0.0788,0.635,28.6187,0.0098,0.0733,0.0142,0.0045,0.0,0.3134,14.4289,48.8712,16.746962172126523,1
Scenario A (No Hand / Idle Camera),425,2.546,0.1878,0.1724,0.5931,19.2299,0.0051,0.0444,0.0087,0.0025,0.0,0.2689,7.4577,30.5356,16.589817422396607,1
Scenario A (No Hand / Idle Camera),426,3.3802,0.5209,0.2198,0.8475,21.1345,0.0067,0.0617,0.0119,0.0021,0.0,0.3601,4.1858,30.7569,16.492127869605618,1
Scenario A (No Hand / Idle Camera),427,2.8829,0.3146,0.1799,0.601,18.7227,0.0069,0.0495,0.0097,0.0019,0.0,0.2682,8.0125,31.0716,16.59229400998014,1
Scenario A (No Hand / Idle Camera),428,4.4873,0.3279,0.1745,0.7847,27.5146,0.0063,0.0661,0.0129,0.0023,0.0,0.4551,1.9425,35.8031,16.532750568073727,1
Scenario A (No Hand / Idle Camera),429,3.2119,0.3214,0.1835,0.7717,30.0207,0.0067,0.0642,0.0124,0.002,0.0,0.442,2.1976,37.2592,16.522700324205932,1
Scenario A (No Hand / Idle Camera),430,4.2606,0.2079,0.1351,0.6513,21.5947,0.0161,0.0897,0.0171,0.005,0.0,0.4004,1.4132,28.8172,16.404441471990488,1
Scenario A (No Hand / Idle Camera),431,2.3395,0.1925,0.154,0.6701,18.9125,0.0049,0.0449,0.0096,0.0018,0.0,0.2629,16.9989,39.6108,16.4828871566857,1
Scenario A (No Hand / Idle Camera),432,2.5963,0.2662,0.0833,0.6613,19.9253,0.0056,0.054,0.0105,0.0016,0.0,0.2549,7.9463,31.8274,16.365266076990814,1
Scenario A (No Hand / Idle Camera),433,2.8794,0.4406,0.1972,0.8809,31.0555,0.0054,0.0428,0.0089,0.0017,0.0,0.2706,10.0159,45.8405,16.597678043046365,1
Scenario A (No Hand / Idle Camera),434,2.516,0.4987,0.1557,0.6861,27.3534,0.0063,0.0657,0.0124,0.0021,0.0,0.4508,1.4291,33.205,16.397329572600754,1
Scenario A (No Hand / Idle Camera),435,2.5576,0.35,0.2295,0.8156,19.4689,0.0054,0.0449,0.0091,0.0023,0.0,0.2635,5.4156,29.1858,16.37667359339243,1
Scenario A (No Hand / Idle Camera),436,2.6394,0.2476,0.1878,0.6068,29.7203,0.0135,0.079,0.0157,0.0021,0.0,0.4425,1.9538,35.9302,16.42078133483615,1
Scenario A (No Hand / Idle Camera),437,2.8403,0.4148,0.1947,0.7053,30.7358,0.007,0.069,0.0127,0.0028,0.0,0.5014,5.0131,40.5237,16.3604045563399,1
Scenario A (No Hand / Idle Camera),438,3.3688,0.3192,0.1652,0.8114,27.028,0.0053,0.0476,0.0098,0.002,0.0,0.2719,1.452,33.5027,16.239136485993573,1
Scenario A (No Hand / Idle Camera),439,2.9565,0.2494,0.1537,0.6484,18.2632,0.0051,0.0455,0.0091,0.0018,0.0,0.2693,5.5431,28.1661,28.795489373295624,1
Scenario A (No Hand / Idle Camera),440,2.3496,0.2083,0.1857,0.6518,20.6938,0.0054,0.0464,0.0091,0.0018,0.0,0.264,6.4459,30.8807,28.606516425675867,1
Scenario A (No Hand / Idle Camera),441,3.2785,0.3406,0.1389,0.7771,28.9725,0.0056,0.0464,0.0097,0.0016,0.0,0.2636,1.4821,35.3392,29.236770371913956,1
Scenario A (No Hand / Idle Camera),442,2.6902,0.2918,0.1935,0.6288,19.9013,0.0051,0.0441,0.0085,0.0019,0.0,0.2591,17.6645,41.7117,29.029391558387154,1
Scenario A (No Hand / Idle Camera),443,2.8466,0.1833,0.1663,0.7818,22.9474,0.005,0.0476,0.0095,0.002,0.0,0.2681,1.4716,28.7478,28.449034203766082,1
Scenario A (No Hand / Idle Camera),444,2.6618,0.3408,0.1765,0.6286,21.3524,0.0051,0.0449,0.0094,0.002,0.0,0.2631,8.3928,33.9066,29.233027412551397,1
Scenario A (No Hand / Idle Camera),445,2.3657,0.6373,0.1316,0.6448,23.1783,0.0055,0.0451,0.0085,0.0019,0.0,0.2642,3.5496,30.8536,29.15999070589462,1
Scenario A (No Hand / Idle Camera),446,2.8972,0.4481,0.1818,0.689,21.4942,0.0049,0.0471,0.0101,0.0019,0.0,0.276,5.0034,31.0839,29.129006199964763,1
Scenario A (No Hand / Idle Camera),447,2.8322,0.2736,0.1793,0.574,22.4583,0.0065,0.0666,0.0129,0.0022,0.0,0.4507,4.7911,31.6762,29.186818209619606,1
Scenario A (No Hand / Idle Camera),448,2.9796,0.2535,0.177,0.6356,19.5451,0.0065,0.0429,0.009,0.0017,0.0,0.2563,1.4441,25.371,29.31316830437639,1
Scenario A (No Hand / Idle Camera),449,3.0768,0.3501,0.2194,0.8333,24.1908,0.005,0.0424,0.0084,0.002,0.0,0.2533,7.9617,36.9664,29.903554274735832,1
Scenario A (No Hand / Idle Camera),450,2.6514,0.2722,0.1472,0.6361,18.2721,0.0059,0.0601,0.0117,0.0024,0.0,0.3414,1.7666,24.1915,16.48427822955061,1
Scenario A (No Hand / Idle Camera),451,3.1697,0.2145,0.1363,0.6849,18.9025,0.0069,0.0545,0.0111,0.0031,0.0,0.2558,1.7827,25.2449,16.71034296643181,1
Scenario A (No Hand / Idle Camera),452,3.9968,0.3009,0.093,0.6962,21.4193,0.0083,0.0731,0.0163,0.0035,0.0,0.2923,8.8353,35.7629,16.791048288832464,1
Scenario A (No Hand / Idle Camera),453,3.3326,0.2468,0.1496,0.712,24.4892,0.0056,0.0482,0.0098,0.0038,0.0,0.2512,17.7662,47.0356,16.943775092716677,1
Scenario A (No Hand / Idle Camera),454,2.8938,0.4429,0.1655,0.9055,30.4343,0.0079,0.0611,0.014,0.0085,0.0211,0.2795,12.5324,47.7949,16.747954678762305,1
Scenario A (No Hand / Idle Camera),455,3.0759,0.2718,0.1692,0.7636,22.3659,0.0069,0.0864,0.0131,0.003,0.0,0.3815,1.5687,28.7354,16.47886868439565,1
Scenario A (No Hand / Idle Camera),456,2.2182,0.2839,0.1436,0.6713,18.8642,0.0078,0.0724,0.0138,0.0023,0.0,0.3062,12.4802,35.088,16.596917569785578,1
Scenario A (No Hand / Idle Camera),457,3.3487,0.2704,0.1574,0.6847,17.5347,0.0063,0.0856,0.0124,0.0021,0.0,0.479,7.7869,30.3913,16.673932397278918,1
Scenario A (No Hand / Idle Camera),458,2.8371,0.3631,0.1632,0.8221,28.5412,0.0322,0.0755,0.0134,0.0023,0.0,0.3695,1.4595,34.7052,16.71056371785296,1
Scenario A (No Hand / Idle Camera),459,2.1849,0.2927,0.1934,0.6448,30.2281,0.0063,0.0637,0.0117,0.0021,0.0,0.4626,9.7688,43.8832,16.618566418356465,1
Scenario A (No Hand / Idle Camera),460,2.8512,0.4299,0.175,0.7548,19.1579,0.0062,0.1226,0.0124,0.002,0.0,0.4282,1.5896,25.5659,16.447283493127856,1
Scenario A (No Hand / Idle Camera),461,3.2071,0.2762,0.1862,0.8049,26.1298,0.0078,0.0788,0.0137,0.0023,0.0,0.2608,6.761,37.7539,16.560303909819527,1
Scenario A (No Hand / Idle Camera),462,2.3057,0.2273,0.1795,0.6081,24.4146,0.0047,0.0417,0.0086,0.0017,0.0,0.2679,1.4004,29.4807,16.6322354299,1
Scenario A (No Hand / Idle Camera),463,2.1171,0.3412,0.1939,0.7038,19.2269,0.0055,0.0573,0.0097,0.0016,0.0,0.2778,9.7381,32.6952,16.624217204356704,1
Scenario A (No Hand / Idle Camera),464,2.5253,0.1926,0.1664,0.7425,29.7431,0.0052,0.0447,0.0094,0.0016,0.0,0.2693,1.4151,35.1344,16.640494196420274,1
Scenario A (No Hand / Idle Camera),465,2.8714,0.2132,0.1592,0.6647,20.1033,0.005,0.0475,0.0099,0.0019,0.0,0.2592,2.7135,27.0691,16.571202806707017,1
Scenario A (No Hand / Idle Camera),466,2.8998,0.3615,0.1967,0.6387,19.0504,0.0053,0.0435,0.0088,0.0015,0.0,0.256,7.9382,31.4225,16.629347839015473,1
Scenario A (No Hand / Idle Camera),467,2.8498,0.2608,0.1131,0.6486,18.8281,0.0062,0.0638,0.0116,0.002,0.0,0.2723,8.5374,31.6167,16.634061515642536,1
Scenario A (No Hand / Idle Camera),468,3.391,0.1965,0.1543,0.6023,26.8862,0.0055,0.0448,0.0093,0.0027,0.0,0.2726,1.5687,33.1537,16.5395925444192,1
Scenario A (No Hand / Idle Camera),469,4.1311,0.2634,0.1614,0.6996,29.6759,0.0072,0.0699,0.0135,0.0033,0.0,0.4915,2.0221,37.563,29.755444744186914,1
Scenario A (No Hand / Idle Camera),470,2.7172,0.2789,0.1928,0.9122,20.9759,0.0053,0.044,0.0096,0.0021,0.0,0.3086,1.7474,27.2167,29.260064738607593,1
Scenario A (No Hand / Idle Camera),471,2.5949,0.3256,0.2066,0.8977,28.1815,0.0064,0.0483,0.01,0.0017,0.0,0.2653,8.5324,41.094,29.19716937754517,1
Scenario A (No Hand / Idle Camera),472,2.9934,0.3775,0.186,0.9024,24.155,0.005,0.0449,0.0088,0.0021,0.0,0.2616,1.5306,30.4904,28.956431153068156,1
Scenario A (No Hand / Idle Camera),473,2.8449,0.2705,0.1567,0.674,28.1109,0.0068,0.0786,0.014,0.0026,0.0,0.3386,13.939,46.4597,29.635606560669082,1
Scenario A (No Hand / Idle Camera),474,2.9968,0.3305,0.2261,0.7694,22.4395,0.006,0.0608,0.0099,0.0026,0.0,0.2926,1.4215,28.5785,29.694962141536994,1
Scenario A (No Hand / Idle Camera),475,4.2445,0.2677,0.0871,0.7215,18.6697,0.0054,0.0463,0.01,0.0018,0.0,0.2603,1.6808,26.0178,29.601305414849204,1
Scenario A (No Hand / Idle Camera),476,2.5542,0.308,0.1023,0.9505,19.3606,0.0073,0.0767,0.014,0.0084,0.0,0.3917,1.962,25.7651,30.14887819088063,1
Scenario A (No Hand / Idle Camera),477,2.5297,0.4697,0.1415,0.9606,19.1032,0.0059,0.0633,0.0105,0.0023,0.0,0.3009,1.536,25.1485,30.376465377356944,1
Scenario A (No Hand / Idle Camera),478,2.8312,0.2109,0.2858,0.7587,28.01,0.0067,0.107,0.0113,0.0019,0.0,0.2853,17.4063,49.9376,30.84286974335078,1
Scenario A (No Hand / Idle Camera),479,2.4331,0.395,0.2279,0.921,19.1385,0.0068,0.0611,0.0117,0.0024,0.0,0.3595,1.7117,25.2962,30.520852067742602,1
Scenario A (No Hand / Idle Camera),480,2.8268,0.3391,0.2168,0.749,25.4232,0.0006,0.0,0.0052,0.0,0.0,0.1477,9.5395,39.27,16.814881334188584,0
Scenario A (No Hand / Idle Camera),481,3.0533,0.1988,0.1791,0.6977,27.8184,0.0004,0.0,0.0055,0.0,0.0,0.1508,1.5592,33.6797,16.780996140183156,0
Scenario A (No Hand / Idle Camera),482,2.0807,0.1997,0.1637,0.6466,28.6266,0.0005,0.0,0.0059,0.0,0.0,0.2189,11.0324,43.0043,16.72639592715354,0
Scenario A (No Hand / Idle Camera),483,2.3778,0.2937,0.1064,0.9177,27.6863,0.0006,0.0,0.0053,0.0,0.0,0.1548,1.6845,33.2479,16.57594218579992,0
Scenario A (No Hand / Idle Camera),484,2.4925,0.2687,0.1529,0.8913,24.0102,0.0005,0.0,0.0055,0.0,0.0,0.2197,1.9158,29.977,16.60502019270479,0
Scenario A (No Hand / Idle Camera),485,2.7194,0.2095,0.185,1.313,37.1191,0.0005,0.0,0.0056,0.0,0.0,0.2162,1.9176,43.7064,16.564778814517066,0
Scenario A (No Hand / Idle Camera),486,2.731,0.3934,0.1834,0.7711,31.7294,0.0007,0.0,0.0247,0.0,0.0,0.266,1.6059,37.7299,16.386648006853083,0
Scenario A (No Hand / Idle Camera),487,4.3181,0.1976,0.1577,0.985,38.0674,0.0006,0.0,0.0043,0.0,0.0,0.2177,1.618,45.5844,16.289571390843705,0
Scenario A (No Hand / Idle Camera),488,2.1949,0.388,0.454,0.6631,32.1773,0.0007,0.0,0.0048,0.0,0.0,0.2367,9.7294,45.8715,16.155527493889355,0
Scenario A (No Hand / Idle Camera),489,2.7986,0.2693,0.1862,0.7283,29.5724,0.0005,0.0,0.0036,0.0,0.0,0.1417,11.9585,45.6777,16.000623225343748,0
Scenario A (No Hand / Idle Camera),490,4.286,0.2923,0.0897,0.8457,29.6484,0.0006,0.0,0.0049,0.0,0.0,0.2162,10.5014,45.9052,15.74695412203746,0
Scenario A (No Hand / Idle Camera),491,2.671,0.3011,0.1852,0.7618,28.4182,0.0004,0.0,0.0039,0.0,0.0,0.15,13.2931,45.8066,15.6961448495969,0
Scenario A (No Hand / Idle Camera),492,2.4297,0.2285,0.1598,0.6957,35.5081,0.0007,0.0,0.0054,0.0,0.0,0.3498,1.729,41.1247,15.513568862825654,0
Scenario A (No Hand / Idle Camera),493,4.1392,0.2851,0.1304,1.0097,37.025,0.0007,0.0,0.005,0.0,0.0,0.2625,1.9195,44.799,15.562492981997396,0
Scenario A (No Hand / Idle Camera),494,2.7516,0.4808,0.1561,0.6602,33.3085,0.0004,0.0,0.0034,0.0,0.0,0.1561,1.4618,38.9961,15.394480518853326,0
Scenario A (No Hand / Idle Camera),495,2.9122,0.3086,0.144,0.7517,31.0054,0.0005,0.0,0.0035,0.0,0.0,0.1492,10.3797,45.6718,15.20948620221734,0
Scenario A (No Hand / Idle Camera),496,3.0136,0.4149,0.1202,0.9516,28.4775,0.0005,0.0,0.0037,0.0,0.0,0.1598,1.557,34.7256,14.970632552895275,0
Scenario A (No Hand / Idle Camera),497,3.5639,0.3058,0.1329,0.7692,22.695,0.0005,0.0,0.0043,0.0,0.0,0.1472,1.7208,29.357,14.84772450511172,0
Scenario A (No Hand / Idle Camera),498,2.2387,0.3232,0.1081,0.7998,23.4315,0.0004,0.0,0.004,0.0,0.0,0.1527,2.0019,29.0875,15.101393678438631,0
Scenario A (No Hand / Idle Camera),499,3.63,0.3078,0.1753,1.0807,27.3303,0.0005,0.0,0.004,0.0,0.0,0.1474,14.8152,47.5125,25.187710795011878,0
Scenario A (No Hand / Idle Camera),500,2.8439,0.2237,0.162,0.6947,26.2999,0.0005,0.0,0.0034,0.0,0.0,0.1698,16.3592,46.7737,24.93843794788987,0
Scenario A (No Hand / Idle Camera),501,2.8514,0.2136,0.1847,0.6457,25.8676,0.0006,0.0,0.0034,0.0,0.0,0.1441,1.4605,31.3864,24.512061517167133,0
Scenario A (No Hand / Idle Camera),502,2.9958,0.3193,0.2075,0.6249,18.0813,0.0007,0.0,0.0053,0.0,0.0,0.2059,8.5515,31.0111,24.87575696280925,0
Scenario A (No Hand / Idle Camera),503,2.8138,0.2131,0.1761,0.639,26.6778,0.0005,0.0,0.0038,0.0,0.0,0.1543,1.3985,32.0923,24.959784916532694,0
Scenario A (No Hand / Idle Camera),504,2.3945,0.3059,0.3068,0.6312,18.547,0.0006,0.0,0.0081,0.0,0.0,0.178,1.3388,23.7351,24.90610834556369,0
Scenario A (No Hand / Idle Camera),505,2.1567,0.2646,0.2016,0.7204,25.893,0.0004,0.0,0.0038,0.0,0.0,0.1423,6.9786,36.3778,25.58472950907565,0
Scenario A (No Hand / Idle Camera),506,2.8828,0.2468,0.2079,0.6023,25.5688,0.0005,0.0,0.0038,0.0,0.0,0.1567,1.4667,31.1517,25.664322395188908,0
Scenario A (No Hand / Idle Camera),507,2.897,0.199,0.072,0.6534,28.1447,0.0004,0.0,0.0035,0.0,0.0,0.1461,12.8008,44.9328,26.125067737129125,0
Scenario A (No Hand / Idle Camera),508,2.648,0.2027,0.2006,0.7076,17.8278,0.0005,0.0,0.0036,0.0,0.0,0.1475,9.8914,31.6462,26.160727481151334,0
Scenario A (No Hand / Idle Camera),509,3.0168,0.2169,0.1751,0.653,17.917,0.0006,0.0,0.0032,0.0,0.0,0.1445,1.4385,23.5813,26.725373313520308,0
Scenario A (No Hand / Idle Camera),510,2.1055,0.2405,0.0853,0.7143,25.4123,0.0005,0.0,0.0034,0.0,0.0,0.1448,11.1311,39.8542,15.984774986560973,0
Scenario A (No Hand / Idle Camera),511,3.1038,0.1905,0.1575,0.7336,29.9218,0.0006,0.0,0.0043,0.0,0.0,0.2179,1.7302,36.0767,16.05274384206982,0
Scenario A (No Hand / Idle Camera),512,2.4027,0.223,0.1712,0.7688,34.4385,0.0005,0.0,0.0046,0.0,0.0,0.1995,1.4952,39.7198,16.15028570919028,0
Scenario A (No Hand / Idle Camera),513,3.0329,0.3614,0.16,0.7781,25.6238,0.0004,0.0,0.0038,0.0,0.0,0.1458,2.5039,32.6322,16.190752846118137,0
Scenario A (No Hand / Idle Camera),514,2.7352,0.3695,0.1796,0.619,25.6541,0.0004,0.0,0.0036,0.0,0.0,0.1464,16.8368,46.5713,16.28560334884542,0
Scenario A (No Hand / Idle Camera),515,2.1634,0.2508,0.1599,0.7066,25.734,0.0005,0.0,0.0037,0.0,0.0,0.1653,1.6429,30.8438,16.285956133327286,0
Scenario A (No Hand / Idle Camera),516,7.7642,0.2481,0.1562,0.6763,25.9832,0.0005,0.0,0.0035,0.0,0.0,0.1611,12.4416,47.4568,16.260169980179725,0
Scenario A (No Hand / Idle Camera),517,4.0165,0.3177,0.1913,0.8693,26.5666,0.0005,0.0,0.004,0.0,0.0,0.1815,13.9965,46.1644,16.05524056234196,0
Scenario A (No Hand / Idle Camera),518,2.4919,0.1983,0.2384,0.7301,26.4094,0.0005,0.0,0.0053,0.0,0.0,0.1648,1.4616,31.7174,15.861711410464634,0
Scenario A (No Hand / Idle Camera),519,3.0198,0.5028,0.1345,0.8391,26.4026,0.0004,0.0,0.0039,0.0,0.0,0.1454,13.1649,44.2365,16.052640367834762,0
Scenario A (No Hand / Idle Camera),520,4.1857,0.292,0.1756,0.6307,25.7796,0.0009,0.0,0.0053,0.0,0.0,0.2166,1.4161,32.7201,16.067243413212104,0
Scenario A (No Hand / Idle Camera),521,2.5202,0.2065,0.1715,0.5852,25.986,0.0004,0.0,0.0033,0.0,0.0,0.1543,15.2356,44.8801,16.080600980150212,0
Scenario A (No Hand / Idle Camera),522,2.38,0.5133,0.1925,0.6414,17.432,0.0005,0.0,0.0035,0.0,0.0,0.1463,10.1453,31.4746,15.895551658494007,0
Scenario A (No Hand / Idle Camera),523,2.9154,0.2088,0.1989,0.6918,26.8086,0.0004,0.0,0.0033,0.0,0.0,0.152,1.5296,32.5253,15.893912641471916,0
Scenario A (No Hand / Idle Camera),524,2.7638,0.2627,0.129,0.6806,26.4469,0.0005,0.0,0.0039,0.0,0.0,0.1474,14.5995,45.052,15.772388663054146,0
Scenario A (No Hand / Idle Camera),525,3.2189,0.3545,0.1035,0.7269,25.9599,0.0008,0.0,0.0054,0.0,0.0,0.208,1.6783,32.2822,15.66259639534429,0
Scenario A (No Hand / Idle Camera),526,3.2227,0.3226,0.136,0.711,27.4196,0.0004,0.0,0.0042,0.0,0.0,0.1492,14.2755,46.2647,15.644747102183894,0
Scenario A (No Hand / Idle Camera),527,2.5821,0.2982,0.1208,0.8111,25.8011,0.0005,0.0,0.0038,0.0,0.0,0.1443,16.6862,46.4733,15.638861616722789,0
Scenario A (No Hand / Idle Camera),528,2.9666,0.2412,0.1524,0.6395,25.3859,0.0005,0.0,0.0036,0.0,0.0,0.1517,18.0968,47.6664,15.446956616127745,0
Scenario A (No Hand / Idle Camera),529,2.4416,0.227,0.2268,0.665,25.4938,0.0004,0.0,0.0036,0.0,0.0,0.1439,17.06,46.2806,25.157678208613717,0
Scenario A (No Hand / Idle Camera),530,3.0884,0.2675,0.2359,0.6402,27.1369,0.0004,0.0,0.0033,0.0,0.0,0.1829,14.9559,46.5359,24.98836713800364,0
Scenario A (No Hand / Idle Camera),531,2.8311,0.2882,0.1744,0.6691,25.8748,0.0005,0.0,0.0036,0.0,0.0,0.1519,15.1045,45.1184,24.605081952332228,0
Scenario A (No Hand / Idle Camera),532,2.3689,0.3232,0.1842,0.7017,25.8104,0.0004,0.0,0.0036,0.0,0.0,0.1595,1.5297,31.1007,24.467598578215203,0
Scenario A (No Hand / Idle Camera),533,3.0745,0.2107,0.1469,0.6467,26.7116,0.0005,0.0,0.0038,0.0,0.0,0.1452,1.3905,32.3472,24.505910777594057,0
Scenario A (No Hand / Idle Camera),534,2.2692,0.1888,0.2355,0.7856,27.0872,0.0007,0.0,0.0041,0.0,0.0,0.2127,1.4292,32.2301,24.968222856082974,0
Scenario A (No Hand / Idle Camera),535,2.6635,0.2501,0.151,0.6396,25.8849,0.0005,0.0,0.0039,0.0,0.0,0.1561,1.3916,31.1596,25.074168675638923,0
Scenario A (No Hand / Idle Camera),536,3.0077,0.2596,0.1361,0.6712,27.0346,0.0006,0.0,0.004,0.0,0.0,0.1543,9.3324,40.6182,25.486590175552607,0
Scenario A (No Hand / Idle Camera),537,2.8314,0.4129,0.1186,0.8459,27.7516,0.0005,0.0,0.0034,0.0,0.0,0.1526,14.6237,46.7632,25.637752961675165,0
Scenario A (No Hand / Idle Camera),538,2.8615,0.2635,0.2085,0.6918,29.346,0.0005,0.0,0.0048,0.0,0.0,0.2004,12.6067,46.2066,25.153064776930524,0
Scenario A (No Hand / Idle Camera),539,2.4723,0.4027,0.1889,0.6677,26.1418,0.0005,0.0,0.0037,0.0,0.0,0.1434,17.2966,47.3373,25.14721506085497,0
Scenario A (No Hand / Idle Camera),540,2.7415,0.2628,0.1274,0.7232,25.9991,0.0008,0.0,0.0043,0.0,0.0,0.1568,1.5983,31.6305,14.859025318886708,0
Scenario A (No Hand / Idle Camera),541,2.4152,0.1868,0.1881,0.5863,25.8509,0.0005,0.0,0.0037,0.0,0.0,0.1459,9.0576,38.4496,15.026997835285599,0
Scenario A (No Hand / Idle Camera),542,2.5021,0.188,0.1868,0.6604,26.1893,0.0004,0.0,0.0043,0.0,0.0,0.1531,17.3485,47.2494,14.93750921975606,0
Scenario A (No Hand / Idle Camera),543,2.2112,0.217,0.1676,0.5569,26.7659,0.0005,0.0,0.0042,0.0,0.0,0.1503,16.632,46.7227,14.772716925534116,0
Scenario A (No Hand / Idle Camera),544,2.6372,0.3049,0.1882,0.7395,25.2904,0.0005,0.0,0.0048,0.0,0.0,0.2079,1.4083,30.7994,14.751644413510716,0
Scenario A (No Hand / Idle Camera),545,2.4038,0.291,0.2337,0.6854,30.2697,0.0004,0.0,0.0034,0.0,0.0,0.1482,1.71,35.7647,14.778609714127713,0
Scenario A (No Hand / Idle Camera),546,2.819,0.3376,0.2072,0.74,26.5893,0.0005,0.0,0.0041,0.0,0.0,0.2183,10.0383,40.9815,14.87993361781773,0
Scenario A (No Hand / Idle Camera),547,4.9494,0.3168,0.1678,0.7424,41.9062,0.0004,0.0,0.0052,0.0,0.0,0.1526,1.6254,49.8846,14.924976182186654,0
Scenario A (No Hand / Idle Camera),548,3.0159,0.2008,0.1465,0.6857,32.0006,0.0005,0.0,0.0034,0.0,0.0,0.1499,7.6712,43.892,14.916553392733672,0
Scenario A (No Hand / Idle Camera),549,3.2422,0.3216,0.2224,0.6984,26.0689,0.0004,0.0,0.0033,0.0,0.0,0.145,1.3815,32.1041,14.934779813890067,0
Scenario A (No Hand / Idle Camera),550,2.9786,0.3266,0.197,0.999,30.472,0.0006,0.0,0.0046,0.0,0.0,0.2025,9.9122,45.1134,15.120422019048386,0
Scenario A (No Hand / Idle Camera),551,2.6817,0.1986,0.1413,0.6814,17.5121,0.0005,0.0,0.0036,0.0,0.0,0.1466,9.7829,31.1647,15.117631101599068,0
Scenario A (No Hand / Idle Camera),552,2.5813,0.3122,0.1689,0.721,26.7096,0.0005,0.0,0.0035,0.0,0.0,0.1506,15.5767,46.2425,15.120677354818929,0
Scenario A (No Hand / Idle Camera),553,2.3907,0.2008,0.1732,0.6621,25.8267,0.0007,0.0,0.0037,0.0,0.0,0.1532,17.6528,47.081,14.944374934365483,0
Scenario A (No Hand / Idle Camera),554,2.554,0.2129,0.1448,0.6801,27.4548,0.0005,0.0,0.0045,0.0,0.0,0.1642,1.6745,32.9075,14.788383852535876,0
Scenario A (No Hand / Idle Camera),555,2.23,0.2447,0.1773,0.9716,17.9571,0.0005,0.0,0.0032,0.0,0.0,0.1424,8.0645,29.8101,14.77133686794582,0
Scenario A (No Hand / Idle Camera),556,2.3987,0.2434,0.2168,0.6239,26.7637,0.0005,0.0,0.0039,0.0,0.0,0.154,1.4019,31.8232,14.892034873008475,0
Scenario A (No Hand / Idle Camera),557,3.0815,0.2509,0.2483,0.7956,25.7764,0.0006,0.0,0.0034,0.0,0.0,0.1622,1.5473,31.8835,15.071819049908378,0
Scenario A (No Hand / Idle Camera),558,2.3505,0.2132,0.191,0.6279,26.0087,0.0004,0.0,0.0037,0.0,0.0,0.145,15.4508,45.0089,15.241935906496279,0
Scenario A (No Hand / Idle Camera),559,2.4703,0.1984,0.2283,0.7125,18.0094,0.0006,0.0,0.0044,0.0,0.0,0.1937,1.4996,23.3336,25.728121575821206,0
Scenario A (No Hand / Idle Camera),560,2.4481,0.2643,0.2379,0.5583,18.3291,0.0004,0.0,0.0036,0.0,0.0,0.1432,16.6608,38.6613,25.977619128802633,0
Scenario A (No Hand / Idle Camera),561,2.7451,0.2415,0.2531,0.7502,25.3536,0.0004,0.0,0.0033,0.0,0.0,0.1502,16.7067,46.2221,25.993888033390427,0
Scenario A (No Hand / Idle Camera),562,2.4384,0.2604,0.1312,0.5763,26.0618,0.0008,0.0,0.0072,0.0,0.0,0.1914,16.475,46.1611,26.055623544028577,0
Scenario A (No Hand / Idle Camera),563,2.9943,0.1775,0.2045,0.6506,29.5773,0.0004,0.0,0.0038,0.0,0.0,0.1934,1.6973,35.515,26.05927019319531,0
Scenario A (No Hand / Idle Camera),564,2.2698,0.3828,0.1694,0.7515,29.9801,0.0005,0.0,0.0037,0.0,0.0,0.1456,8.0197,41.7428,25.862197702343092,0
Scenario A (No Hand / Idle Camera),565,3.1161,0.2756,0.2048,0.7359,26.1271,0.0005,0.0,0.0038,0.0,0.0,0.1535,15.8151,46.4486,25.67151501407086,0
Scenario A (No Hand / Idle Camera),566,2.3524,0.234,0.3444,0.6782,25.0197,0.0005,0.0,0.0037,0.0,0.0,0.1513,1.4181,30.219,25.60273877981525,0
Scenario A (No Hand / Idle Camera),567,3.0232,0.218,0.1756,0.7907,26.2377,0.0005,0.0,0.0038,0.0,0.0,0.1427,1.4559,32.0651,26.18986423245591,0
Scenario A (No Hand / Idle Camera),568,4.3961,0.2375,0.1758,0.9611,26.2936,0.0004,0.0,0.0035,0.0,0.0,0.1488,14.2577,46.4934,26.580387453296076,0
Scenario A (No Hand / Idle Camera),569,3.3224,0.4361,0.1919,0.7121,18.3957,0.0005,0.0,0.0037,0.0,0.0,0.1442,1.7125,24.9366,26.095553638118503,0
Scenario B (1 Hand Steady),0,3.0974,0.2462,0.1959,0.6471,17.6372,0.0055,0.0451,0.0108,0.0019,0.0,0.2574,9.2087,31.3737,32.73084134335978,1
Scenario B (1 Hand Steady),1,3.2997,0.23,0.2207,0.5323,18.1042,0.0047,0.044,0.0115,0.002,0.0,0.2503,8.0695,30.7916,32.839390566581216,1
Scenario B (1 Hand Steady),2,3.3781,0.2297,0.1962,0.6494,17.5994,0.0058,0.0627,0.0126,0.0019,0.0,0.3972,2.0245,24.5771,32.4206247370892,1
Scenario B (1 Hand Steady),3,3.0434,0.2398,0.242,0.5242,18.5646,0.0053,0.0454,0.0114,0.0018,0.0,0.2499,14.548,37.4953,33.29126976899239,1
Scenario B (1 Hand Steady),4,2.6457,0.2364,0.1391,0.5524,18.0397,0.0051,0.0451,0.0097,0.0018,0.0,0.2561,1.4603,23.4101,32.964103887766534,1
Scenario B (1 Hand Steady),5,3.0118,0.2413,0.1516,0.6305,17.3939,0.005,0.0451,0.0097,0.002,0.0,0.2594,1.5059,23.2811,33.41145909105583,1
Scenario B (1 Hand Steady),6,3.4017,0.2346,0.2065,0.6329,17.93,0.0057,0.0452,0.0096,0.002,0.0,0.2489,1.3921,24.1266,33.90207457864774,1
Scenario B (1 Hand Steady),7,2.981,0.4253,0.1832,0.5835,17.6186,0.0051,0.0443,0.0092,0.0016,0.0,0.2401,15.7773,37.8886,34.358167179864814,1
Scenario B (1 Hand Steady),8,3.2943,0.2266,0.2271,0.6066,17.8792,0.0064,0.0514,0.0112,0.0031,0.0,0.2741,9.0863,31.687,33.44699321631693,1
Scenario B (1 Hand Steady),9,3.173,0.2577,0.1449,0.6278,17.3801,0.0051,0.0446,0.0098,0.0019,0.0,0.2645,8.8772,30.8082,33.869784651791605,1
Scenario B (1 Hand Steady),10,2.6701,0.2422,0.1494,0.6438,18.9175,0.0055,0.0448,0.0093,0.0016,0.0,0.2376,8.6506,31.5919,33.89934895473311,1
Scenario B (1 Hand Steady),11,2.7273,0.3545,0.1846,0.7435,30.0546,0.0055,0.0446,0.0099,0.002,0.0,0.2515,1.6048,36.0056,33.90239187551901,1
Scenario B (1 Hand Steady),12,3.0607,0.4053,0.1878,0.6919,22.2601,0.0053,0.0443,0.0097,0.002,0.0,0.2409,1.6601,28.602,33.14310857879579,1
Scenario B (1 Hand Steady),13,3.2119,0.2424,0.2075,0.6026,19.0012,0.0055,0.0473,0.0099,0.0018,0.0,0.2605,5.5194,29.134,32.89677355437403,1
Scenario B (1 Hand Steady),14,3.2104,0.3765,0.1803,0.6175,18.092,0.0054,0.0465,0.0102,0.0024,0.0,0.2477,8.9166,31.7243,32.89394920022718,1
Scenario B (1 Hand Steady),15,2.7016,0.251,0.1658,0.7658,18.6634,0.0076,0.0657,0.011,0.0019,0.0,0.2576,1.3934,24.3067,32.94325486490218,1
Scenario B (1 Hand Steady),16,2.7918,0.2208,0.2037,0.5989,17.8851,0.0055,0.045,0.0093,0.0019,0.0,0.25,17.7417,39.7729,33.346001937364136,1
Scenario B (1 Hand Steady),17,3.0603,0.2318,0.1974,0.5325,17.5224,0.0052,0.0506,0.0094,0.002,0.0,0.2509,8.6802,30.563,32.83308565210889,1
Scenario B (1 Hand Steady),18,2.6319,0.2317,0.1969,0.5968,17.8614,0.005,0.0433,0.0088,0.0017,0.0,0.2399,8.6283,30.4638,32.83116489331242,1
Scenario B (1 Hand Steady),19,2.8356,0.306,0.206,0.688,17.9887,0.0054,0.0467,0.0102,0.0018,0.0,0.262,9.4311,31.8048,32.89257793394307,1
Scenario B (1 Hand Steady),20,2.8657,0.2565,0.179,0.6931,17.9281,0.0054,0.0448,0.0096,0.0019,0.0,0.3105,9.2609,31.5795,32.886931151099475,1
Scenario B (1 Hand Steady),21,2.8339,0.2356,0.2091,0.526,17.8578,0.005,0.0433,0.009,0.0019,0.0,0.2513,1.4685,23.4607,32.83855157565081,1
Scenario B (1 Hand Steady),22,2.9286,0.2249,0.2258,0.5013,17.804,0.0055,0.0424,0.0097,0.0018,0.0,0.2472,16.0104,38.0188,32.87009733357641,1
Scenario B (1 Hand Steady),23,2.8626,0.2252,0.2215,0.6466,17.4102,0.005,0.0441,0.0104,0.0019,0.0,0.4497,9.214,31.1118,32.833667334669336,1
Scenario B (1 Hand Steady),24,2.9124,0.2244,0.1924,0.5487,18.5316,0.0053,0.0438,0.0095,0.0018,0.0,0.2526,8.4061,31.1462,32.42091490930157,1
Scenario B (1 Hand Steady),25,2.6505,0.2882,0.2285,0.6725,17.4766,0.007,0.0489,0.0118,0.0019,0.0,0.3071,9.9546,31.6707,32.021717545734106,1
Scenario B (1 Hand Steady),26,2.9062,0.2345,0.2602,0.5949,17.825,0.0054,0.0446,0.0093,0.0018,0.0,0.2617,9.0476,31.2112,31.571514879958418,1
Scenario B (1 Hand Steady),27,2.8582,0.2407,0.1786,0.5253,18.2492,0.0068,0.0684,0.0107,0.0025,0.0,0.2692,9.3198,31.7503,31.95401354957914,1
Scenario B (1 Hand Steady),28,3.1131,0.3492,0.1884,0.6186,26.6053,0.0064,0.0642,0.011,0.002,0.0,0.2616,16.2684,47.5117,31.949747522837207,1
Scenario B (1 Hand Steady),29,2.8834,0.2842,0.2097,0.7059,17.8004,0.0066,0.0452,0.0087,0.0016,0.0,0.2576,1.4004,23.6276,31.055128346515914,1
Scenario B (1 Hand Steady),30,3.1514,0.2814,0.1726,0.8,17.5387,0.0069,0.05,0.0098,0.0018,0.0,0.2634,17.2237,39.52,17.294548746905594,1
Scenario B (1 Hand Steady),31,3.0134,0.2356,0.2084,0.6338,17.9333,0.0055,0.0451,0.0107,0.0024,0.0,0.2602,9.2501,31.6296,17.249578456451466,1
Scenario B (1 Hand Steady),32,3.2331,0.3485,0.1787,0.6523,18.2196,0.0062,0.0684,0.0156,0.0025,0.0,0.2517,7.9996,30.9969,17.1996317129191,1
Scenario B (1 Hand Steady),33,3.0335,0.2519,0.184,0.5804,19.2571,0.0066,0.049,0.0105,0.0057,0.0121,0.2843,1.4151,25.1115,17.177372845224305,1
Scenario B (1 Hand Steady),34,3.0958,0.2394,0.1677,0.6343,17.9812,0.0062,0.0445,0.0101,0.002,0.0,0.2801,1.6099,24.0943,17.2668044253515,1
Scenario B (1 Hand Steady),35,2.7282,0.2945,0.1757,0.7839,18.5549,0.0059,0.0456,0.0093,0.0017,0.0,0.268,5.67,28.5583,17.275050215537703,1
Scenario B (1 Hand Steady),36,2.8975,0.2276,0.1644,0.6008,18.4072,0.006,0.0456,0.0093,0.0017,0.0,0.2743,8.6547,31.3082,17.45778668063434,1
Scenario B (1 Hand Steady),37,3.2586,0.2498,0.2572,0.65,18.5422,0.0049,0.0436,0.0098,0.002,0.0,0.2747,7.4974,30.8152,17.432860373534844,1
Scenario B (1 Hand Steady),38,2.9343,0.2329,0.2428,0.5804,18.1716,0.0051,0.0426,0.01,0.0018,0.0,0.2656,1.459,23.9613,17.4360223387904,1
Scenario B (1 Hand Steady),39,2.9415,0.2618,0.1853,0.6516,19.1397,0.0067,0.0602,0.0124,0.0021,0.0,0.3453,14.6943,38.3215,17.560534124498304,1
Scenario B (1 Hand Steady),40,3.3736,0.2282,0.1906,0.6567,18.2014,0.0056,0.0436,0.0091,0.0017,0.0,0.2634,8.1449,31.1404,17.445709893657753,1
Scenario B (1 Hand Steady),41,2.7997,0.3006,0.1864,0.6763,17.634,0.0057,0.0442,0.0096,0.0017,0.0,0.2734,1.4303,23.3822,17.335970761184214,1
Scenario B (1 Hand Steady),42,2.8338,0.2804,0.2163,0.652,19.3291,0.0059,0.0476,0.0095,0.0021,0.0,0.3295,15.6591,39.3844,17.569833737385675,1
Scenario B (1 Hand Steady),43,2.9805,0.2334,0.1827,0.5373,17.3656,0.0052,0.0454,0.01,0.0016,0.0,0.2722,1.448,23.1033,17.43526320994223,1
Scenario B (1 Hand Steady),44,3.0299,0.212,0.1476,0.6276,17.6094,0.0053,0.0427,0.0098,0.0021,0.0,0.286,1.426,23.4179,17.557303633679396,1
Scenario B (1 Hand Steady),45,3.0989,0.2626,0.2895,0.7596,17.5891,0.0057,0.0424,0.0089,0.0015,0.0,0.2621,9.0272,31.3727,17.695712909943953,1
Scenario B (1 Hand Steady),46,3.1708,0.2379,0.1875,0.6187,18.0292,0.006,0.0456,0.0094,0.0018,0.0,0.2824,8.33,30.9399,17.692923498960184,1
Scenario B (1 Hand Steady),47,2.7692,0.238,0.2162,0.7365,17.7105,0.0075,0.0619,0.0106,0.0021,0.0,0.2708,9.6679,31.71,17.71266470644063,1
Scenario B (1 Hand Steady),48,2.9749,0.2098,0.189,0.5895,17.9009,0.0053,0.0459,0.011,0.0018,0.0,0.2789,1.3763,23.6024,17.973429057170424,1
Scenario B (1 Hand Steady),49,2.7457,0.2111,0.151,0.6694,18.4532,0.0053,0.0436,0.0095,0.0018,0.0,0.2644,16.0226,38.5936,33.79837801937182,1
Scenario B (1 Hand Steady),50,3.1248,0.2299,0.2451,0.5431,17.4209,0.0067,0.0611,0.0119,0.0022,0.0,0.2683,8.9222,30.8561,33.819376555873085,1
Scenario B (1 Hand Steady),51,2.9988,0.3457,0.1649,0.5335,18.7376,0.0053,0.0452,0.0099,0.0019,0.0,0.2864,2.0432,25.1935,33.88031065966713,1
Scenario B (1 Hand Steady),52,2.9735,0.2512,0.1904,0.6461,18.0408,0.0066,0.0438,0.0087,0.0016,0.0,0.2668,14.9389,37.3881,34.23123026507672,1
Scenario B (1 Hand Steady),53,3.2273,0.2828,0.1658,0.6546,17.7947,0.0062,0.0453,0.0106,0.0019,0.0,0.2877,9.5641,32.063,33.48997613435363,1
Scenario B (1 Hand Steady),54,3.5774,0.2246,0.2046,0.531,18.0229,0.0051,0.0446,0.0097,0.0016,0.0,0.2735,8.2608,31.1754,32.98583946035061,1
Scenario B (1 Hand Steady),55,2.9326,0.2698,0.2155,0.5923,17.5908,0.0054,0.046,0.0106,0.0019,0.0,0.2837,1.56,23.5305,32.861937578142786,1
Scenario B (1 Hand Steady),56,2.849,0.2335,0.159,0.6423,18.9186,0.0054,0.0445,0.0092,0.0017,0.0,0.265,15.1244,38.2723,33.34455086698503,1
Scenario B (1 Hand Steady),57,2.7033,0.2749,0.1359,0.6294,28.1929,0.0056,0.0444,0.0101,0.002,0.0,0.2721,13.7682,46.0602,32.902111278414026,1
Scenario B (1 Hand Steady),58,3.1837,0.4329,0.1861,0.679,31.9988,0.0066,0.0637,0.0125,0.002,0.0,0.4772,1.9037,38.9733,31.669402491292004,1
Scenario B (1 Hand Steady),59,3.0827,0.3913,0.1988,0.6755,32.3969,0.0062,0.0498,0.0106,0.0021,0.0,0.2904,1.8264,38.9543,31.66404202812232,1
Scenario B (1 Hand Steady),60,3.1268,0.274,0.1706,0.6672,23.5198,0.0067,0.0475,0.0105,0.0022,0.0,0.3024,1.6016,29.7513,17.154078464006943,1
Scenario B (1 Hand Steady),61,3.4634,0.2889,0.1964,0.6741,18.7492,0.0055,0.0439,0.0097,0.0023,0.0,0.2577,16.9095,40.6236,17.051526600772938,1
Scenario B (1 Hand Steady),62,3.0343,0.2409,0.1745,0.6165,17.8114,0.006,0.047,0.0104,0.0027,0.0,0.2579,9.0798,31.3007,17.041524666036114,1
Scenario B (1 Hand Steady),63,2.9469,0.241,0.1753,0.6047,18.4825,0.0056,0.0781,0.01,0.0045,0.0119,0.2766,1.491,24.3453,16.919977867998664,1
Scenario B (1 Hand Steady),64,2.6993,0.2315,0.1802,0.6254,19.0908,0.0054,0.0467,0.0098,0.0027,0.0,0.2693,14.5336,37.7136,16.910614043836325,1
Scenario B (1 Hand Steady),65,3.4968,0.2345,0.2182,0.6092,17.9382,0.0048,0.0431,0.0102,0.0017,0.0,0.2654,8.6063,31.4477,16.805119574333215,1
Scenario B (1 Hand Steady),66,2.8101,0.2428,0.2029,0.6578,17.4285,0.0069,0.0497,0.0101,0.0022,0.0,0.284,9.5496,31.2643,16.800085337219045,1
Scenario B (1 Hand Steady),67,2.9718,0.2459,0.1913,0.5875,18.0561,0.0054,0.0447,0.0095,0.0017,0.0,0.2807,9.295,31.7108,16.809022208760492,1
Scenario B (1 Hand Steady),68,2.9144,0.2262,0.1882,0.5985,18.4459,0.0053,0.0442,0.0097,0.002,0.0,0.2745,8.364,31.0948,16.688353154455655,1
Scenario B (1 Hand Steady),69,2.8977,0.2323,0.2213,0.5907,22.5322,0.0057,0.0452,0.0102,0.0018,0.0,0.2695,3.1443,29.9718,16.801686329690273,1
Scenario B (1 Hand Steady),70,2.8368,0.2702,0.2075,0.636,18.3068,0.0061,0.0461,0.0094,0.0017,0.0,0.4988,8.2416,31.0802,16.814835211324368,1
Scenario B (1 Hand Steady),71,3.0405,0.2619,0.1871,0.5874,18.2527,0.0066,0.0466,0.0096,0.0018,0.0,0.2682,7.8088,30.4891,16.7266873186662,1
Scenario B (1 Hand Steady),72,3.1096,0.2782,0.1987,0.612,17.651,0.0051,0.0442,0.0093,0.0018,0.0,0.2615,1.6159,23.8058,16.828367150509273,1
Scenario B (1 Hand Steady),73,2.7368,0.2386,0.2056,0.5991,18.112,0.0053,0.0442,0.0096,0.0021,0.0,0.287,15.7685,38.0317,16.964088831177126,1
Scenario B (1 Hand Steady),74,3.1846,0.2578,0.2338,0.5348,17.6748,0.0054,0.0444,0.0095,0.0019,0.0,0.2726,8.6772,30.9173,16.846310700012133,1
Scenario B (1 Hand Steady),75,2.9113,0.241,0.1693,0.6379,18.0689,0.0049,0.044,0.0097,0.0017,0.0,0.2717,8.6502,31.0328,16.739149412220883,1
Scenario B (1 Hand Steady),76,3.003,0.2244,0.2537,0.6548,17.7898,0.0068,0.0635,0.0127,0.0024,0.0,0.5239,1.6328,24.1903,16.84641397538394,1
Scenario B (1 Hand Steady),77,2.8959,0.31,0.1921,0.6774,33.1162,0.0073,0.0655,0.0121,0.002,0.0,0.5476,1.5418,39.391,17.185577892882474,1
Scenario B (1 Hand Steady),78,2.8088,0.3647,0.191,0.7028,17.331,0.0053,0.0457,0.0094,0.0019,0.0,0.2908,1.4653,23.238,17.178054139950277,1
Scenario B (1 Hand Steady),79,3.2914,0.2532,0.2139,0.6451,22.2084,0.0053,0.0435,0.0096,0.0016,0.0,0.265,11.3123,38.2778,32.110629916818034,1
Scenario B (1 Hand Steady),80,3.0493,0.3068,0.1929,0.6295,17.6128,0.0053,0.0455,0.0094,0.0014,0.0,0.2703,9.5589,31.7006,31.686175091937162,1
Scenario B (1 Hand Steady),81,3.1948,0.2497,0.1908,0.6727,17.4942,0.0056,0.046,0.0101,0.0019,0.0,0.3284,9.1348,31.3554,32.123690179576656,1
Scenario B (1 Hand Steady),82,3.1016,0.2729,0.3568,0.7862,26.9603,0.0055,0.0462,0.0094,0.0018,0.0,0.2939,14.2226,46.0835,32.12893539442036,1
Scenario B (1 Hand Steady),83,2.9865,0.2747,0.2358,0.5631,21.672,0.0085,0.1026,0.0179,0.0022,0.0,0.3867,1.7598,28.0486,30.979892091770587,1
Scenario B (1 Hand Steady),84,2.6954,0.2776,0.1481,0.6882,25.2004,0.0057,0.0456,0.0095,0.0019,0.0,0.2888,2.6098,31.9918,31.524418715965343,1
Scenario B (1 Hand Steady),85,3.1928,0.2313,0.2568,0.6154,18.8672,0.0056,0.0449,0.0091,0.0018,0.0,0.2893,7.949,31.4836,31.442601269828245,1
Scenario B (1 Hand Steady),86,3.3131,0.322,0.2673,0.6686,18.988,0.0096,0.3529,0.016,0.0022,0.0,0.3632,1.381,25.7084,31.429803734735057,1
Scenario B (1 Hand Steady),87,3.1367,0.2212,0.1354,0.5849,20.1911,0.0056,0.0462,0.0093,0.0018,0.0,0.2874,1.6379,26.2823,31.744298581755782,1
Scenario B (1 Hand Steady),88,2.899,0.2739,0.1523,0.6674,18.6475,0.0056,0.046,0.0093,0.0019,0.0,0.278,1.4698,24.4733,32.02696812364891,1
Scenario B (1 Hand Steady),89,3.1892,0.3917,0.1909,0.6813,18.3896,0.0047,0.0454,0.0111,0.002,0.0,0.2647,1.8961,25.0887,32.30823207083085,1
Scenario B (1 Hand Steady),90,2.699,0.2441,0.1391,0.6115,19.8698,0.0118,0.0543,0.0103,0.0019,0.0,0.2943,2.2456,26.1988,17.688831335680103,1
Scenario B (1 Hand Steady),91,2.6247,0.2779,0.1587,0.5823,18.8353,0.0055,0.0464,0.0097,0.0021,0.0,0.2498,1.5385,24.3483,17.763137440912526,1
Scenario B (1 Hand Steady),92,2.6223,0.3654,0.1737,0.7825,18.3127,0.0048,0.0432,0.009,0.0025,0.0,0.2475,1.7279,24.3536,17.7467884351151,1
Scenario B (1 Hand Steady),93,2.9866,0.2131,0.2228,0.648,18.612,0.0057,0.0611,0.0096,0.0022,0.0,0.246,2.6108,25.6392,17.98397884125639,1
Scenario B (1 Hand Steady),94,3.4178,0.2405,0.1732,0.5805,21.9761,0.0064,0.055,0.0111,0.0044,0.0117,0.297,1.9304,28.7267,18.05796684378292,1
Scenario B (1 Hand Steady),95,3.035,0.2944,0.1286,0.7269,21.3433,0.0059,0.0482,0.0101,0.0019,0.0,0.2798,1.3933,27.3035,18.102913302403007,1
Scenario B (1 Hand Steady),96,3.355,0.3004,0.1916,0.734,22.3309,0.0066,0.1187,0.0126,0.002,0.0,0.6633,1.8962,29.6379,18.044571748160543,1
Scenario B (1 Hand Steady),97,2.8428,0.2914,0.2096,0.6442,22.6129,0.0074,0.0487,0.0107,0.0019,0.0,0.2876,13.3016,40.2858,18.220814707658356,1
Scenario B (1 Hand Steady),98,3.0549,0.2557,0.2002,0.6787,21.736,0.0061,0.0569,0.0095,0.0016,0.0,0.2625,1.6648,27.949,17.93080470146067,1
Scenario B (1 Hand Steady),99,2.94,0.2913,0.2077,0.6691,19.732,0.0052,0.044,0.0091,0.002,0.0,0.2939,9.302,33.5465,18.104788699628507,1
Scenario B (1 Hand Steady),100,3.062,0.2306,0.1828,0.5853,19.4772,0.006,0.0489,0.0102,0.002,0.0,0.2627,6.5929,30.4811,18.075324952805378,1
Scenario B (1 Hand Steady),101,3.177,0.2498,0.2292,0.5979,19.7467,0.0065,0.0511,0.0108,0.002,0.0,0.2948,1.7721,26.1568,18.08715230272983,1
Scenario B (1 Hand Steady),102,3.0533,0.2423,0.2107,0.667,20.4894,0.0053,0.0469,0.0092,0.0016,0.0,0.2805,1.5022,26.5299,18.43630489993629,1
Scenario B (1 Hand Steady),103,3.5315,0.2327,0.1838,0.6744,19.801,0.0091,0.0751,0.0118,0.002,0.0,0.2798,14.0481,38.8713,18.44937831680319,1
Scenario B (1 Hand Steady),104,2.7592,0.3713,0.1808,0.6715,18.8398,0.0058,0.0476,0.0096,0.0018,0.0,0.275,1.6777,24.8601,18.350790489487043,1
Scenario B (1 Hand Steady),105,3.0994,0.2364,0.1604,0.6976,19.4901,0.0063,0.0477,0.0101,0.0019,0.0,0.2725,12.2365,36.2774,18.46555471083595,1
Scenario B (1 Hand Steady),106,3.0818,0.2309,0.2287,0.6893,19.772,0.0053,0.0444,0.0104,0.0021,0.0,0.2733,1.7579,26.1184,18.277125410991076,1
Scenario B (1 Hand Steady),107,3.1453,0.252,0.1452,0.6288,19.5105,0.0052,0.0453,0.01,0.002,0.0,0.2844,11.1269,35.1768,18.26970052939456,1
Scenario B (1 Hand Steady),108,3.5123,0.2295,0.2281,0.6217,19.76,0.0051,0.0468,0.0105,0.0025,0.0,0.2882,1.572,26.2991,18.08577718882615,1
Scenario B (1 Hand Steady),109,3.2958,0.2125,0.1951,0.6065,19.7082,0.0054,0.047,0.0092,0.0019,0.0,0.3344,9.3703,33.8096,33.96621696210096,1
Scenario B (1 Hand Steady),110,3.5007,0.2678,0.2139,0.6145,21.5216,0.006,0.0536,0.0099,0.0018,0.0,0.268,1.547,28.0303,33.486331376610934,1
Scenario B (1 Hand Steady),111,3.1406,0.3021,0.1816,0.6161,18.829,0.0053,0.0475,0.0096,0.0024,0.0,0.2709,11.1549,34.5825,33.27361668512144,1
Scenario B (1 Hand Steady),112,3.4252,0.2493,0.17,0.6359,19.3181,0.0046,0.0446,0.0093,0.0018,0.0,0.2718,7.5749,31.7293,32.69074928612362,1
Scenario B (1 Hand Steady),113,2.9967,0.2939,0.2435,0.6049,19.2448,0.0913,0.0607,0.0126,0.0021,0.0,0.5189,6.4482,30.5494,32.414255446624644,1
Scenario B (1 Hand Steady),114,3.7964,0.2389,0.2612,0.5462,19.7144,0.0051,0.0453,0.0106,0.0018,0.0,0.2701,6.4521,31.3633,32.24620026107146,1
Scenario B (1 Hand Steady),115,3.158,0.4226,0.2462,0.6998,19.7615,0.0058,0.0545,0.0106,0.0078,0.0,0.2843,5.9309,30.6066,32.07533369638147,1
Scenario B (1 Hand Steady),116,3.3858,0.2364,0.2387,0.617,18.8719,0.0048,0.0431,0.0094,0.0018,0.0,0.2762,7.8521,31.5591,31.99068681899873,1
Scenario B (1 Hand Steady),117,2.8055,0.5024,0.2048,0.7996,20.3299,0.0058,0.0558,0.0159,0.0017,0.0,0.2876,4.7942,29.8258,32.474911255286884,1
Scenario B (1 Hand Steady),118,2.8155,0.2424,0.2379,0.5171,19.9215,0.0068,0.0643,0.0121,0.0026,0.0,0.2838,7.6523,31.7805,32.39697998090942,1
Scenario B (1 Hand Steady),119,2.8972,0.233,0.2004,0.6839,18.7741,0.0071,0.0588,0.0098,0.0017,0.0,0.265,7.4278,30.5782,32.48989875722486,1
Scenario B (1 Hand Steady),120,2.9971,0.2491,0.1929,0.5967,18.6588,0.0057,0.0522,0.0103,0.0026,0.0,0.2671,1.3971,24.4482,17.390401558969256,1
Scenario B (1 Hand Steady),121,2.7,0.3609,0.2374,0.7309,20.0093,0.0058,0.046,0.0101,0.0022,0.0,0.2688,6.3017,30.6981,17.422581427273112,1
Scenario B (1 Hand Steady),122,2.9456,0.2405,0.1786,0.6325,19.04,0.0063,0.0465,0.0093,0.0018,0.0,0.2667,8.2328,31.6203,17.35931967098843,1
Scenario B (1 Hand Steady),123,2.9103,0.2327,0.17,0.6304,18.9679,0.0069,0.0708,0.0127,0.0048,0.027,0.4548,1.4218,24.9311,17.462293002814196,1
Scenario B (1 Hand Steady),124,2.9975,0.2207,0.1633,0.5901,20.033,0.0062,0.0469,0.0096,0.0021,0.0,0.2821,1.7708,26.1394,17.464045664536066,1
Scenario B (1 Hand Steady),125,2.7973,0.2275,0.222,0.6445,19.1541,0.0052,0.0445,0.0095,0.0016,0.0,0.2679,2.8688,26.2605,17.63066645487035,1
Scenario B (1 Hand Steady),126,3.3519,0.378,0.189,0.772,20.137,0.0056,0.0444,0.0099,0.002,0.0,0.269,5.3496,30.5556,17.623932807185113,1
Scenario B (1 Hand Steady),127,2.8075,0.3067,0.1511,0.5554,17.8248,0.0054,0.044,0.0094,0.0017,0.0,0.2842,8.387,30.3973,17.7120938744503,1
Scenario B (1 Hand Steady),128,2.9564,0.2344,0.1628,0.6935,19.4516,0.0085,0.0919,0.0134,0.002,0.0,0.2913,7.8133,31.8225,17.637284241883687,1
Scenario B (1 Hand Steady),129,2.8761,0.2335,0.1776,0.5639,19.1087,0.0055,0.0517,0.0095,0.002,0.0,0.3402,1.4592,24.8488,17.676307422042655,1
Scenario B (1 Hand Steady),130,3.0811,0.2413,0.1975,0.6395,19.0708,0.0055,0.0454,0.01,0.0017,0.0,0.267,12.7193,36.3002,17.726525556079768,1
Scenario B (1 Hand Steady),131,2.9299,0.2417,0.1695,0.6431,19.0354,0.0055,0.0465,0.0103,0.002,0.0,0.2758,1.4728,24.8522,17.699906538402765,1
Scenario B (1 Hand Steady),132,2.9367,0.3308,0.1769,0.6747,20.1044,0.0054,0.0452,0.0096,0.0019,0.0,0.2802,11.9157,36.5452,17.806682149874895,1
Scenario B (1 Hand Steady),133,3.058,0.2734,0.2009,0.6955,18.7859,0.0061,0.0467,0.0105,0.0018,0.0,0.2754,7.7431,31.1193,17.7206720407871,1
Scenario B (1 Hand Steady),134,2.7769,0.2524,0.1849,0.7428,18.7667,0.0056,0.0469,0.0097,0.0017,0.0,0.2628,1.56,24.6317,17.717228748358707,1
Scenario B (1 Hand Steady),135,3.23,0.2251,0.2073,0.5575,18.6189,0.0057,0.0451,0.0097,0.0018,0.0,0.2678,13.8651,37.0545,17.810725532309576,1
Scenario B (1 Hand Steady),136,2.8776,0.4305,0.1803,0.7875,23.8527,0.0064,0.0647,0.0128,0.0024,0.0,0.4619,1.7566,30.459,17.72657287296432,1
Scenario B (1 Hand Steady),137,2.879,0.3115,0.18,0.6372,20.1242,0.0053,0.0466,0.0091,0.0021,0.0,0.3067,1.4013,25.9235,17.705482778585754,1
Scenario B (1 Hand Steady),138,3.0694,0.5133,0.2505,0.6219,18.6768,0.0054,0.0442,0.0087,0.0018,0.0,0.2699,1.6895,25.1735,17.802584925082922,1
Scenario B (1 Hand Steady),139,3.2171,0.2288,0.1611,0.6349,19.7135,0.0058,0.0543,0.0097,0.0019,0.0,0.2766,17.1277,41.4502,34.28017579759102,1
Scenario B (1 Hand Steady),140,3.0676,0.2331,0.2228,0.5573,18.1562,0.0069,0.0478,0.0105,0.002,0.0,0.2853,8.6605,31.27,33.25213855847744,1
Scenario B (1 Hand Steady),141,3.0147,0.2425,0.2135,0.6918,19.9665,0.0058,0.0458,0.0101,0.0018,0.0,0.2802,6.1053,30.5994,33.23566350360063,1
Scenario B (1 Hand Steady),142,3.3647,0.2334,0.1887,0.6332,19.4946,0.0064,0.0454,0.0093,0.0019,0.0,0.2846,6.2259,30.5075,33.27128287600429,1
Scenario B (1 Hand Steady),143,3.2567,0.507,0.2522,0.7563,18.4805,0.0069,0.0697,0.0119,0.0028,0.0,0.2923,1.7415,25.4003,32.97447007826969,1
Scenario B (1 Hand Steady),144,2.8649,0.2262,0.2211,0.672,21.2421,0.0055,0.0449,0.0099,0.002,0.0,0.2742,1.6386,27.2191,33.01379804324384,1
Scenario B (1 Hand Steady),145,2.8533,0.2961,0.2149,0.6589,21.1964,0.0057,0.0462,0.0095,0.0016,0.0,0.2696,1.824,27.3961,32.99106955086117,1
Scenario B (1 Hand Steady),146,3.0424,0.3297,0.1514,0.7764,19.5152,0.0053,0.044,0.0093,0.0015,0.0,0.2702,5.6578,29.8325,33.130170523660375,1
Scenario B (1 Hand Steady),147,3.2402,0.2252,0.2027,0.6475,19.1051,0.0054,0.0454,0.0093,0.002,0.0,0.2652,1.6145,25.3811,33.16974673512743,1
Scenario B (1 Hand Steady),148,3.2385,0.2323,0.181,0.6229,27.2507,0.0049,0.0464,0.0099,0.0018,0.0,0.2863,5.1547,37.0478,33.533394207423555,1
Scenario B (1 Hand Steady),149,2.7575,0.2498,0.2007,0.7132,18.9784,0.0054,0.0429,0.0097,0.0017,0.0,0.2735,7.6079,30.8675,32.86433628840462,1
Scenario B (1 Hand Steady),150,2.7694,0.2297,0.2294,0.5925,19.0709,0.0067,0.0461,0.0092,0.0019,0.0,0.2526,16.2926,39.5178,17.683622654237297,1
Scenario B (1 Hand Steady),151,3.1495,0.2391,0.2107,0.5361,19.3292,0.0062,0.0504,0.011,0.0021,0.0,0.2647,1.3468,25.165,17.43897555906219,1
Scenario B (1 Hand Steady),152,2.9391,0.3444,0.2495,0.5847,18.6952,0.0068,0.0716,0.0386,0.0055,0.0,0.494,12.019,35.475,17.625464679081702,1
Scenario B (1 Hand Steady),153,3.4493,0.2955,0.2589,0.7111,19.7982,0.0091,0.0776,0.0159,0.0062,0.015,0.306,6.4596,31.4283,17.546997227200258,1
Scenario B (1 Hand Steady),154,3.0295,0.2741,0.159,0.629,19.4399,0.0057,0.0474,0.0099,0.0018,0.0,0.2855,1.4021,25.3033,17.44873134413325,1
Scenario B (1 Hand Steady),155,3.307,0.2224,0.1857,0.5247,20.2436,0.0058,0.0447,0.0096,0.0019,0.0,0.2855,11.9123,36.7629,17.630962900360398,1
Scenario B (1 Hand Steady),156,3.4739,0.2321,0.2097,0.6269,19.781,0.0051,0.0439,0.01,0.0019,0.0,0.2705,1.6735,26.3496,17.525414693662842,1
Scenario B (1 Hand Steady),157,2.9792,0.2286,0.1896,0.6162,18.9665,0.0054,0.0437,0.0097,0.002,0.0,0.2723,1.4091,24.7381,17.528209362525395,1
Scenario B (1 Hand Steady),158,2.6592,0.4129,0.1914,0.5948,18.8542,0.008,0.1528,0.0251,0.0027,0.0,0.4182,3.5982,26.9417,17.543254197827316,1
Scenario B (1 Hand Steady),159,3.1804,0.4586,0.2253,0.6835,20.0273,0.0055,0.0471,0.0102,0.0017,0.0,0.2763,1.4327,26.37,17.76900320098036,1
Scenario B (1 Hand Steady),160,2.6049,0.2269,0.13,0.58,19.9952,0.0077,0.0693,0.0138,0.0023,0.0,0.484,2.2679,26.4017,17.860386393418633,1
Scenario B (1 Hand Steady),161,3.0333,0.3567,0.1697,0.7582,22.4044,0.0103,0.08,0.0149,0.0031,0.0,0.4429,1.4122,28.7112,17.931139568388705,1
Scenario B (1 Hand Steady),162,2.9339,0.231,0.1755,0.6636,19.226,0.0049,0.0439,0.0091,0.002,0.0,0.2717,4.0133,27.593,17.958220406835103,1
Scenario B (1 Hand Steady),163,2.9319,0.224,0.1586,0.6573,31.0307,0.0056,0.0448,0.0096,0.0019,0.0,0.2845,11.5527,46.9219,17.91683213905436,1
Scenario B (1 Hand Steady),164,2.6945,0.229,0.1822,0.5681,19.2314,0.0055,0.0451,0.0097,0.0019,0.0,0.2793,7.9924,31.277,17.59295502736903,1
Scenario B (1 Hand Steady),165,3.2049,0.2997,0.1512,0.64,19.1472,0.0086,0.1016,0.0137,0.0021,0.0,0.4648,1.4739,25.5309,17.52562667178635,1
Scenario B (1 Hand Steady),166,3.1011,0.2932,0.2209,0.6761,27.9829,0.0083,0.0765,0.0153,0.0024,0.0,0.6037,3.8196,36.8315,17.59833971127353,1
Scenario B (1 Hand Steady),167,2.9858,0.5553,0.1975,0.659,22.1971,0.0055,0.0455,0.0108,0.002,0.0,0.2773,3.6107,30.5793,17.419329144539613,1
Scenario B (1 Hand Steady),168,3.4201,0.2483,0.188,0.6401,18.7252,0.0058,0.046,0.0095,0.002,0.0,0.2727,1.4114,24.9885,17.50498866780977,1
Scenario B (1 Hand Steady),169,3.0139,0.3209,0.1852,0.541,18.7174,0.0052,0.0451,0.01,0.0023,0.0,0.4341,1.3908,24.6856,32.90446151267138,1
Scenario B (1 Hand Steady),170,3.2237,0.2526,0.1834,0.5226,24.3601,0.0059,0.0451,0.0094,0.0017,0.0,0.267,13.4155,42.3055,33.78436483078942,1
Scenario B (1 Hand Steady),171,3.1994,0.2239,0.2198,0.6255,18.7779,0.005,0.0449,0.0115,0.0018,0.0,0.2717,7.2971,30.6978,32.78160059004743,1
Scenario B (1 Hand Steady),172,3.118,0.2446,0.2507,0.6798,18.8516,0.0061,0.0479,0.0106,0.0019,0.0,0.2739,7.4188,30.9247,33.08361386732558,1
Scenario B (1 Hand Steady),173,3.1106,0.2406,0.2302,0.6126,19.2308,0.0054,0.0469,0.0099,0.0027,0.0,0.2674,7.1616,30.9374,33.08659451909879,1
Scenario B (1 Hand Steady),174,2.7355,0.3538,0.1997,0.6346,19.7592,0.005,0.0455,0.0105,0.0018,0.0,0.2802,1.3525,25.4001,32.79725050836869,1
Scenario B (1 Hand Steady),175,2.7006,0.2479,0.1526,0.6373,24.0137,0.0052,0.0444,0.0093,0.002,0.0,0.2827,9.7471,37.8602,33.46778215055001,1
Scenario B (1 Hand Steady),176,2.8006,0.2826,0.2034,0.6523,19.7332,0.0214,0.0444,0.0101,0.0021,0.0,0.283,6.4258,30.4852,32.780211707157356,1
Scenario B (1 Hand Steady),177,3.1017,0.2263,0.1524,0.6166,19.9766,0.006,0.0463,0.0106,0.0017,0.0,0.2838,1.5759,26.0154,32.41662880268602,1
Scenario B (1 Hand Steady),178,3.3513,0.2865,0.186,0.8833,20.2619,0.0198,0.0593,0.0104,0.0022,0.0,0.3141,9.4746,34.8836,32.493700790612145,1
Scenario B (1 Hand Steady),179,2.9534,0.2563,0.1644,0.6314,18.8947,0.0061,0.0509,0.0102,0.002,0.0,0.2859,6.883,30.159,32.00910003775616,1
Scenario B (1 Hand Steady),180,2.7602,0.4312,0.2292,0.8597,18.2796,0.0067,0.0563,0.0104,0.0024,0.0,0.2483,1.7908,24.6954,17.327836269186253,1
Scenario B (1 Hand Steady),181,2.7743,0.2364,0.1391,0.6041,20.1154,0.0058,0.0458,0.0096,0.002,0.0,0.2622,4.6802,28.8929,17.38891786128714,1
Scenario B (1 Hand Steady),182,2.9158,0.3036,0.2121,0.6159,26.7161,0.0052,0.044,0.0094,0.0024,0.0,0.2548,1.7841,32.8867,17.3674156274926,1
Scenario B (1 Hand Steady),183,2.8301,0.2937,0.2083,0.6982,24.5639,0.0054,0.0439,0.01,0.0044,0.0121,0.2847,1.3947,30.381,17.591428801001644,1
Scenario B (1 Hand Steady),184,2.9618,0.2349,0.2264,0.8175,24.7248,0.0063,0.0591,0.0358,0.0122,0.0,0.3183,1.5277,30.9513,17.610757239055452,1
Scenario B (1 Hand Steady),185,3.1786,0.3134,0.1798,0.7165,23.3136,0.0054,0.0435,0.0113,0.0019,0.0,1.1403,14.7882,43.7355,17.51873422986336,1
Scenario B (1 Hand Steady),186,2.9114,0.2515,0.1293,0.6887,23.9827,0.0055,0.0478,0.0101,0.0019,0.0,0.2749,3.1345,31.4582,17.40823330575835,1
Scenario B (1 Hand Steady),187,3.0438,0.2459,0.2239,0.6298,19.0479,0.0052,0.0454,0.0095,0.0017,0.0,0.2697,8.3687,31.9139,17.40175965886411,1
Scenario B (1 Hand Steady),188,3.3296,0.2337,0.3125,0.6853,19.3805,0.0057,0.0447,0.0096,0.0017,0.0,0.2654,1.5628,25.8513,17.282869087515646,1
Scenario B (1 Hand Steady),189,2.9916,0.2477,0.1766,0.5782,19.4058,0.0115,0.0801,0.0187,0.0042,0.0,0.2775,13.6118,37.4266,17.270314380331566,1
Scenario B (1 Hand Steady),190,3.41,0.3563,0.1762,0.5538,21.1434,0.0053,0.0449,0.0094,0.0017,0.0,0.2695,4.5896,30.5804,17.339259896201746,1
Scenario B (1 Hand Steady),191,3.3268,0.3374,0.1975,0.7603,23.1948,0.0093,0.1202,0.0187,0.0022,0.0,0.3812,1.4484,29.8261,17.339007131701717,1
Scenario B (1 Hand Steady),192,2.9955,0.2447,0.1922,0.683,19.0453,0.006,0.0449,0.0093,0.0017,0.0,0.3381,1.4204,25.0005,17.36483091075844,1
Scenario B (1 Hand Steady),193,3.1749,0.2408,0.2171,0.6614,19.247,0.0061,0.0504,0.0093,0.0018,0.0,0.2727,15.251,39.1529,17.452239219775933,1
Scenario B (1 Hand Steady),194,2.9101,0.484,0.2314,0.7165,18.3637,0.0051,0.0437,0.0098,0.0019,0.0,0.2917,1.6538,24.733,17.23958157791981,1
Scenario B (1 Hand Steady),195,3.4897,0.2364,0.2171,0.606,19.0978,0.0056,0.0444,0.0093,0.0018,0.0,0.2646,13.2055,37.1949,17.43466434588868,1
Scenario B (1 Hand Steady),196,2.7776,0.2322,0.2568,0.7428,19.149,0.0058,0.0449,0.0098,0.0022,0.0,0.2719,1.642,25.1567,17.346555515359054,1
Scenario B (1 Hand Steady),197,2.764,0.2314,0.1986,0.6202,18.8445,0.0059,0.046,0.0093,0.0015,0.0,0.2637,15.4489,38.4525,17.363124586847896,1
Scenario B (1 Hand Steady),198,2.8036,0.2443,0.1974,0.5603,18.7599,0.0072,0.2575,0.0153,0.0026,0.0,0.5119,7.562,30.9465,17.300251780459945,1
Scenario B (1 Hand Steady),199,2.7127,0.2427,0.1638,0.5844,19.6884,0.006,0.0445,0.0103,0.0016,0.0,0.2722,1.4506,25.1945,31.695689975412424,1
Scenario B (1 Hand Steady),200,2.8144,0.2463,0.2356,0.5164,18.477,0.0077,0.0918,0.0458,0.0023,0.0,0.4808,15.1091,38.0516,31.665098877223294,1
Scenario B (1 Hand Steady),201,3.4429,0.2318,0.2391,0.6461,19.1212,0.0058,0.0442,0.0092,0.0017,0.0,0.2813,6.5784,30.6219,31.17425468434668,1
Scenario B (1 Hand Steady),202,2.9536,0.227,0.1801,0.6856,18.5015,0.0079,0.07,0.0138,0.0025,0.0,0.5098,8.1089,31.2859,31.29959593039697,1
Scenario B (1 Hand Steady),203,2.9788,0.2388,0.2341,0.654,18.463,0.0063,0.0568,0.0093,0.002,0.0,0.2669,1.4443,24.373,31.26027037236511,1
Scenario B (1 Hand Steady),204,3.2032,0.2406,0.2945,0.6092,18.825,0.0068,0.0809,0.0115,0.0019,0.0,0.2954,13.807,37.398,31.598830286460863,1
Scenario B (1 Hand Steady),205,2.6626,0.2319,0.1962,0.5839,19.5712,0.0063,0.045,0.0099,0.0018,0.0,0.2699,8.1359,31.7331,31.952642660017265,1
Scenario B (1 Hand Steady),206,2.8136,0.2319,0.1852,0.6979,20.1886,0.0061,0.0489,0.011,0.0022,0.0,0.2969,6.9172,31.4214,31.93950346380985,1
Scenario B (1 Hand Steady),207,2.8887,0.2242,0.2196,0.6302,18.7125,0.0052,0.0447,0.0092,0.0019,0.0,0.2625,8.8384,31.8565,31.969588448360177,1
Scenario B (1 Hand Steady),208,3.1291,0.2621,0.1888,0.6132,19.2046,0.0062,0.0442,0.0098,0.0019,0.0,0.2761,7.5517,31.3085,31.634591887529602,1
Scenario B (1 Hand Steady),209,2.9541,0.2626,0.2173,0.6981,18.7537,0.0059,0.0446,0.009,0.002,0.0,0.2781,8.1378,31.3882,31.983766463105304,1
Scenario B (1 Hand Steady),210,2.615,0.409,0.2866,0.6634,19.4139,0.012,0.0514,0.0106,0.0019,0.0,0.4758,1.4434,25.4055,17.526162421173613,1
Scenario B (1 Hand Steady),211,2.7228,0.3351,0.1638,0.7052,19.0158,0.0061,0.0458,0.0094,0.0021,0.0,0.2454,1.4467,24.7178,17.59159189652516,1
Scenario B (1 Hand Steady),212,2.9575,0.2486,0.1943,0.5945,19.8949,0.0058,0.0446,0.0092,0.0021,0.0,0.2458,11.0577,35.2875,17.593191946299243,1
Scenario B (1 Hand Steady),213,3.3693,0.2508,0.1878,0.6408,19.011,0.0059,0.0609,0.0096,0.0047,0.0125,0.257,7.3633,31.1948,17.643110130492786,1
Scenario B (1 Hand Steady),214,2.7139,0.2728,0.1935,0.7382,19.4604,0.0067,0.0499,0.0108,0.002,0.0,0.2806,1.6512,25.4005,17.56138546966018,1
Scenario B (1 Hand Steady),215,2.7817,0.2197,0.1465,0.6549,19.2839,0.0059,0.0456,0.0093,0.0018,0.0,0.2823,13.6678,37.1174,17.741411280115926,1
Scenario B (1 Hand Steady),216,3.0487,0.3817,0.3164,0.6623,20.5228,0.0052,0.0447,0.0476,0.002,0.0,0.2831,1.3958,26.7314,17.542095688909786,1
Scenario B (1 Hand Steady),217,2.7585,0.2152,0.2121,0.5759,19.6453,0.005,0.0438,0.0088,0.0018,0.0,0.2939,1.6915,25.4685,17.740333080743095,1
Scenario B (1 Hand Steady),218,2.9032,0.2275,0.1907,0.6514,18.8567,0.0055,0.0437,0.0092,0.0019,0.0,0.262,18.3542,41.524,17.829597680704953,1
Scenario B (1 Hand Steady),219,3.3652,0.2859,0.2236,0.6675,19.8097,0.0051,0.049,0.0307,0.0025,0.0,0.3036,4.6937,29.4602,17.553347418576664,1
Scenario B (1 Hand Steady),220,2.8322,0.2365,0.2117,0.6177,20.7189,0.0058,0.057,0.0114,0.002,0.0,0.3539,1.7095,26.7758,17.70938587645173,1
Scenario B (1 Hand Steady),221,2.8551,0.2281,0.2083,0.6294,19.9384,0.0082,0.0674,0.0117,0.002,0.0,0.353,12.221,36.5419,17.767442316739015,1
Scenario B (1 Hand Steady),222,3.0524,0.2384,0.2869,0.8289,18.394,0.0047,0.0471,0.0087,0.0017,0.0,0.2719,1.49,24.6488,17.676574037331363,1
Scenario B (1 Hand Steady),223,3.2404,0.2331,0.1879,0.6102,20.0491,0.0054,0.0475,0.009,0.002,0.0,0.274,12.6446,37.3208,17.672301319660612,1
Scenario B (1 Hand Steady),224,2.8805,0.2399,0.2147,0.5885,18.7253,0.005,0.043,0.0092,0.0018,0.0,0.2684,7.3964,30.3915,17.67108260187754,1
Scenario B (1 Hand Steady),225,3.0621,0.2818,0.2383,0.641,19.1454,0.005,0.043,0.0096,0.0022,0.0,0.288,7.2446,31.005,17.690716166121646,1
Scenario B (1 Hand Steady),226,2.7632,0.2291,0.1888,0.4919,23.8797,0.0056,0.0439,0.0097,0.0019,0.0,0.2739,1.4129,29.3161,17.703948765660837,1
Scenario B (1 Hand Steady),227,2.9696,0.4197,0.242,0.8538,30.8702,0.0069,0.0856,0.0122,0.002,0.0,0.4333,1.5098,37.438,17.745721436906003,1
Scenario B (1 Hand Steady),228,3.6782,0.3778,0.1816,0.736,22.0341,0.0057,0.0446,0.0094,0.002,0.0,0.2699,1.6327,28.9931,17.63292515278836,1
Scenario B (1 Hand Steady),229,3.027,0.2052,0.2302,0.6859,18.9706,0.005,0.0421,0.0095,0.0018,0.0,0.2711,6.431,29.9001,32.45724060546942,1
Scenario B (1 Hand Steady),230,2.6768,0.2484,0.1696,0.6671,19.3804,0.0068,0.0647,0.0121,0.002,0.0,0.4294,2.0002,25.6783,32.231319375772244,1
Scenario B (1 Hand Steady),231,2.879,0.2313,0.2143,0.5039,20.3117,0.0066,0.0674,0.0127,0.0021,0.0,0.4311,13.9101,38.589,32.19007433564261,1
Scenario B (1 Hand Steady),232,3.0488,0.2311,0.2131,0.5505,20.3027,0.0087,0.1704,0.0122,0.0019,0.0,0.2776,1.394,26.2306,32.0238664712085,1
Scenario B (1 Hand Steady),233,2.7231,0.2339,0.2915,0.8235,18.8098,0.0064,0.049,0.0095,0.0016,0.0,0.2612,1.6645,24.8999,32.27640853270562,1
Scenario B (1 Hand Steady),234,3.0342,0.2268,0.2171,0.5414,19.1858,0.0058,0.045,0.0095,0.0017,0.0,0.274,1.6423,25.2005,32.28481630596038,1
Scenario B (1 Hand Steady),235,2.6743,0.2503,0.1828,0.6117,18.216,0.0057,0.0473,0.0101,0.0019,0.0,0.4828,6.8634,29.3674,32.97789508140008,1
Scenario B (1 Hand Steady),236,3.7651,0.2485,0.2224,0.6044,20.4345,0.0052,0.0461,0.01,0.0018,0.0,0.2856,5.7211,31.3645,32.7553665568132,1
Scenario B (1 Hand Steady),237,2.8331,0.6132,0.2241,0.8041,18.1776,0.0052,0.0442,0.01,0.0019,0.0,0.2671,1.6139,24.6163,32.451094777562865,1
Scenario B (1 Hand Steady),238,2.89,0.2255,0.2067,0.5165,20.9928,0.0051,0.0434,0.0093,0.002,0.0,0.2742,11.569,36.7519,33.473995750002,1
Scenario B (1 Hand Steady),239,3.0421,0.3004,0.2171,0.7326,26.9667,0.008,0.0611,0.0122,0.0024,0.0,0.5796,2.0742,34.0216,33.015124724707476,1
Scenario B (1 Hand Steady),240,3.355,0.2245,0.2136,0.6645,18.7948,0.0072,0.0512,0.0128,0.0021,0.0,0.2695,1.5458,25.1598,17.488405000400498,1
Scenario B (1 Hand Steady),241,3.1904,0.2594,0.1748,0.5434,19.505,0.006,0.0481,0.0095,0.0021,0.0,0.2835,1.372,25.4179,17.67729550726319,1
Scenario B (1 Hand Steady),242,2.8966,0.2194,0.1747,0.5633,19.3791,0.0055,0.0441,0.01,0.002,0.0,0.2378,12.8271,36.3759,17.67247767538362,1
Scenario B (1 Hand Steady),243,2.7392,0.476,0.176,0.6691,22.986,0.0059,0.0441,0.0094,0.004,0.012,0.3049,3.8053,31.2561,17.684697895547878,1
Scenario B (1 Hand Steady),244,3.137,0.2495,0.1781,0.6026,28.4792,0.0066,0.0626,0.0121,0.0025,0.0,0.3832,1.8048,34.9386,17.66687911969515,1
Scenario B (1 Hand Steady),245,2.8357,0.2341,0.1513,0.6093,18.6093,0.0061,0.047,0.0097,0.0018,0.0,0.282,3.6217,26.4288,17.602576735385647,1
Scenario B (1 Hand Steady),246,3.346,0.3315,0.2205,0.6883,23.2414,0.0062,0.0708,0.0116,0.0019,0.0,0.4653,3.1111,31.5187,17.644746913455872,1
Scenario B (1 Hand Steady),247,3.0639,0.5959,0.3167,0.824,23.1236,0.0066,0.0642,0.0124,0.0022,0.0,0.4568,1.9127,30.4439,17.75978053153355,1
Scenario B (1 Hand Steady),248,3.5324,0.3141,0.2231,0.7686,26.2544,0.0076,0.0661,0.0132,0.0023,0.0,0.5011,1.939,33.648,17.716287394505517,1
Scenario B (1 Hand Steady),249,3.304,0.2679,0.1814,0.6194,29.8375,0.0062,0.049,0.0098,0.0019,0.0,0.2723,1.6632,36.235,17.65382700033849,1
Scenario B (1 Hand Steady),250,3.3564,0.2744,0.1935,0.6524,25.23,0.0058,0.0441,0.0092,0.0018,0.0,0.2648,1.5391,31.5939,17.480725018244783,1
Scenario B (1 Hand Steady),251,2.6699,0.499,0.2359,0.8578,28.556,0.0065,0.065,0.0122,0.0022,0.0,0.516,7.5524,41.0058,17.60866762872502,1
Scenario B (1 Hand Steady),252,2.8808,0.5034,0.182,0.744,38.8791,0.0065,0.0498,0.0109,0.002,0.0,0.2862,1.7917,45.3615,17.361861139578497,1
Scenario B (1 Hand Steady),253,2.8855,0.3144,0.2,0.8707,32.2607,0.0057,0.0456,0.0096,0.0018,0.0,0.2767,8.4617,45.3721,17.049341435993654,1
Scenario B (1 Hand Steady),254,3.1139,0.5186,0.215,0.8167,23.9833,0.0053,0.0443,0.0097,0.0018,0.0,0.2725,1.9329,30.9388,16.729893295511896,1
Scenario B (1 Hand Steady),255,2.7401,0.3351,0.2338,0.6012,29.5273,0.0056,0.0444,0.0097,0.0016,0.0,0.4366,1.7562,35.7135,16.73574658162826,1
Scenario B (1 Hand Steady),256,2.7381,0.3757,0.1945,0.6503,34.1562,0.0072,0.0676,0.0127,0.0023,0.0,0.4522,2.0643,40.7444,16.666675589939903,1
Scenario B (1 Hand Steady),257,2.8983,0.3092,0.2063,0.6609,19.9979,0.0057,0.0455,0.0097,0.0019,0.0,0.2749,1.3728,25.8031,16.42514729024087,1
Scenario B (1 Hand Steady),258,3.0008,0.3334,0.2202,0.8665,27.8756,0.0056,0.0468,0.0095,0.0021,0.0,0.2935,1.4647,34.1432,16.581519165387032,1
Scenario B (1 Hand Steady),259,3.057,0.3677,0.1896,0.6601,20.2047,0.0062,0.0648,0.0124,0.0023,0.0,0.2935,1.656,26.536,29.580857242972616,1
Scenario B (1 Hand Steady),260,2.9514,0.6496,0.2669,0.7185,20.5875,0.0053,0.049,0.0099,0.0021,0.0,0.275,12.8376,38.387,29.501399332466587,1
Scenario B (1 Hand Steady),261,2.8926,0.2363,0.2123,0.5748,18.6717,0.0055,0.0449,0.01,0.0016,0.0,0.2699,1.4876,24.4254,28.937956718583646,1
Scenario B (1 Hand Steady),262,2.7221,0.2962,0.1832,0.6837,18.7404,0.0078,0.0838,0.0138,0.0022,0.0,0.55,14.4904,37.8036,29.467593210587093,1
Scenario B (1 Hand Steady),263,3.3448,0.2328,0.22,0.5514,19.3399,0.0055,0.0467,0.0103,0.0019,0.0,0.3077,1.4344,25.5147,29.170621822974987,1
Scenario B (1 Hand Steady),264,2.9735,0.2539,0.2258,0.6811,19.7708,0.0065,0.0598,0.0121,0.002,0.0,0.2695,1.4041,25.6804,29.595523001659675,1
Scenario B (1 Hand Steady),265,2.8809,0.4124,0.2248,0.6844,20.0252,0.0061,0.0688,0.0099,0.0018,0.0,0.2789,16.6452,41.2598,29.663018644591432,1
Scenario B (1 Hand Steady),266,2.8249,0.4785,0.2322,0.6637,18.3098,0.0053,0.0455,0.0095,0.0022,0.0,0.2955,1.5897,24.4772,29.19368252385465,1
Scenario B (1 Hand Steady),267,2.9267,0.2332,0.1958,0.6439,20.528,0.0069,0.086,0.0123,0.0022,0.0,0.3449,11.9516,36.9494,29.49473888355519,1
Scenario B (1 Hand Steady),268,2.829,0.2156,0.2207,0.669,19.7226,0.0078,0.0653,0.0131,0.0021,0.0,0.27,1.68,25.7169,29.328217355926366,1
Scenario B (1 Hand Steady),269,2.7749,0.2365,0.186,0.5959,19.9125,0.006,0.0458,0.0093,0.0019,0.0,0.269,12.1982,36.2533,29.825201789996186,1
Scenario B (1 Hand Steady),270,3.0641,0.3282,0.2219,0.5929,18.6048,0.0055,0.0485,0.0093,0.002,0.0,0.2661,1.8996,25.0621,16.52537622439339,1
Scenario B (1 Hand Steady),271,2.7964,0.3,0.1963,0.6142,19.3752,0.0052,0.0436,0.0095,0.0026,0.0,0.2478,6.8622,30.4727,16.764376252461798,1
Scenario B (1 Hand Steady),272,2.6963,0.3986,0.1822,0.7813,19.0171,0.0064,0.0466,0.0122,0.0028,0.0,0.5198,5.9295,29.6176,16.98911497189685,1
Scenario B (1 Hand Steady),273,3.0389,0.2399,0.2024,0.6026,18.618,0.005,0.0473,0.0105,0.0052,0.0131,0.2764,8.0616,31.1416,17.238854373972483,1
Scenario B (1 Hand Steady),274,2.7168,0.2763,0.1741,0.6401,21.4498,0.0078,0.0855,0.0155,0.0024,0.0,0.3932,5.1868,30.97,17.226244351716232,1
Scenario B (1 Hand Steady),275,2.9218,0.2427,0.1732,0.5428,19.7117,0.0057,0.0444,0.0097,0.0019,0.0,0.2847,1.3154,25.2737,17.296981180809006,1
Scenario B (1 Hand Steady),276,2.6875,0.2239,0.2771,0.753,18.8507,0.005,0.0452,0.0096,0.0018,0.0,0.2826,1.6933,24.8484,17.550467425767845,1
Scenario B (1 Hand Steady),277,3.3658,0.2279,0.2193,0.5731,18.3123,0.0058,0.0444,0.0095,0.002,0.0,0.3081,4.2509,27.3366,17.557377128638574,1
Scenario B (1 Hand Steady),278,3.2422,0.2383,0.1609,0.6469,19.1636,0.0051,0.0433,0.0106,0.0017,0.0,0.271,7.8375,31.6396,17.671419593839158,1
Scenario B (1 Hand Steady),279,2.9284,0.4137,0.1355,0.6396,20.0433,0.0067,0.0486,0.0112,0.0022,0.0,0.296,5.3544,29.9003,17.599478453983547,1
Scenario B (1 Hand Steady),280,3.5399,0.2377,0.2324,0.5708,20.0181,0.0052,0.0454,0.01,0.0021,0.0,0.274,6.2156,31.1737,17.71885173549272,1
Scenario B (1 Hand Steady),281,2.9661,0.254,0.3431,0.735,23.3275,0.0055,0.0459,0.0102,0.0018,0.0,0.2767,3.4578,31.4477,17.616884951417035,1
Scenario B (1 Hand Steady),282,3.4997,0.2365,0.2825,0.5554,19.2738,0.0055,0.045,0.01,0.002,0.0,0.2822,6.8865,31.0997,17.718465658203318,1
Scenario B (1 Hand Steady),283,2.932,0.4155,0.3905,0.6958,20.2287,0.0064,0.0623,0.0103,0.0017,0.0,0.3418,1.6002,26.7096,17.632815910556776,1
Scenario B (1 Hand Steady),284,3.2522,0.3562,0.1486,0.6924,19.1638,0.0057,0.0438,0.0096,0.0018,0.0,0.2712,1.591,25.5576,17.606928610566133,1
Scenario B (1 Hand Steady),285,3.0668,0.2296,0.2058,0.508,19.5608,0.0053,0.0439,0.0095,0.002,0.0,0.278,15.2813,39.2087,17.871120450999708,1
Scenario B (1 Hand Steady),286,2.9846,0.2506,0.2254,0.6255,17.7633,0.006,0.0455,0.0093,0.002,0.0,0.2728,1.6389,23.8486,17.628439531862433,1
Scenario B (1 Hand Steady),287,2.8745,0.2286,0.2117,0.623,18.6379,0.0058,0.0441,0.0097,0.0022,0.0,0.2727,15.4403,38.3672,17.846771114270762,1
Scenario B (1 Hand Steady),288,2.8231,0.2433,0.1689,0.5802,19.2145,0.0079,0.0586,0.0111,0.0017,0.0,0.3013,7.2122,30.6455,17.637401346512213,1
Scenario B (1 Hand Steady),289,2.7157,0.2428,0.1704,0.6568,19.2273,0.0055,0.0456,0.009,0.0018,0.0,0.2816,7.7556,31.1308,33.66994471982194,1
Scenario B (1 Hand Steady),290,2.6856,0.3772,0.2572,0.5899,23.0296,0.0057,0.0466,0.0098,0.002,0.0,0.2659,1.5006,28.7912,33.30379117329203,1
Scenario B (1 Hand Steady),291,2.7264,0.2954,0.2171,0.6579,32.6978,0.0084,0.0556,0.0109,0.0022,0.0,0.306,11.1705,48.1718,33.39407015992675,1
Scenario B (1 Hand Steady),292,3.0152,0.9019,0.2711,0.6635,20.8665,0.0051,0.0443,0.0098,0.0017,0.0,0.2724,5.9115,32.0264,32.34094526470772,1
Scenario B (1 Hand Steady),293,2.6808,0.2309,0.1453,0.627,20.6001,0.0053,0.0439,0.0092,0.0021,0.0,0.2649,1.6509,26.2772,32.291906821143535,1
Scenario B (1 Hand Steady),294,3.0144,0.2338,0.2279,0.5402,19.0493,0.0066,0.0638,0.0123,0.0022,0.0,0.3365,14.0397,37.5482,32.54368675122909,1
Scenario B (1 Hand Steady),295,2.9801,0.3001,0.2079,0.5886,18.4629,0.0052,0.0444,0.0091,0.0018,0.0,0.2713,1.7326,24.6261,31.86832265747655,1
Scenario B (1 Hand Steady),296,2.8946,0.246,0.1641,0.586,21.5368,0.0066,0.0692,0.0123,0.0023,0.0,0.4832,1.6359,27.6562,31.92115741959104,1
Scenario B (1 Hand Steady),297,2.9639,0.2335,0.1829,0.5895,21.2732,0.0056,0.044,0.0094,0.002,0.0,0.2659,13.4229,39.0109,31.889083364345367,1
Scenario B (1 Hand Steady),298,2.8203,0.2378,0.2334,0.5747,19.1043,0.0053,0.0452,0.0095,0.0016,0.0,0.3092,7.6858,31.0496,31.49268855575117,1
Scenario B (1 Hand Steady),299,3.2212,0.2485,0.206,0.5162,19.8903,0.0057,0.0455,0.0096,0.0017,0.0,0.2685,1.5132,25.9489,31.44050483590663,1
Scenario B (1 Hand Steady),300,3.2372,0.579,0.3487,0.7996,19.7431,0.0075,0.0797,0.0171,0.0028,0.0,0.4214,14.1042,39.3611,17.360703771430263,1
Scenario B (1 Hand Steady),301,2.8717,0.239,0.162,0.5952,19.4098,0.006,0.0446,0.0091,0.0021,0.0,0.2608,7.3113,30.9297,17.251135564407384,1
Scenario B (1 Hand Steady),302,3.1959,0.2646,0.1724,0.5488,20.1225,0.0052,0.0425,0.01,0.0025,0.0,0.2443,5.9638,30.5919,17.23982399286972,1
Scenario B (1 Hand Steady),303,3.386,0.2471,0.1845,0.6249,20.0475,0.0057,0.0475,0.0105,0.0043,0.0123,0.2883,1.3571,26.2341,17.18061688444681,1
Scenario B (1 Hand Steady),304,2.8646,0.3098,0.1555,0.6464,20.0399,0.0056,0.0579,0.0111,0.0018,0.0,0.297,13.4373,37.8487,17.17778383720592,1
Scenario B (1 Hand Steady),305,3.4596,0.2305,0.1844,0.5072,22.5135,0.0051,0.0435,0.0093,0.0017,0.0,0.2718,3.0976,30.3405,17.186645310181948,1
Scenario B (1 Hand Steady),306,2.7192,0.3713,0.252,0.6944,20.356,0.0051,0.0451,0.0096,0.0018,0.0,0.2937,5.8374,30.6073,17.0973907375786,1
Scenario B (1 Hand Steady),307,2.9987,0.306,0.2012,0.6832,31.3501,0.0055,0.0468,0.0088,0.0016,0.0,0.2738,1.521,37.4172,17.212139590386556,1
Scenario B (1 Hand Steady),308,3.4521,0.5427,0.2128,0.8572,17.6665,0.0052,0.0435,0.0091,0.0018,0.0,0.2651,1.6871,24.7767,17.099129613835203,1
Scenario B (1 Hand Steady),309,2.7961,0.2389,0.1572,0.5334,19.2845,0.0054,0.046,0.0093,0.002,0.0,0.272,7.6153,30.9893,17.206279018350653,1
Scenario B (1 Hand Steady),310,3.1288,0.4461,0.1747,0.7515,18.6308,0.0059,0.0441,0.0095,0.002,0.0,0.2849,1.6024,25.1006,17.16733371979977,1
Scenario B (1 Hand Steady),311,2.9152,0.2275,0.2183,0.6222,19.0307,0.0059,0.0461,0.0093,0.002,0.0,0.2939,13.4863,36.8754,17.540856253806506,1
Scenario B (1 Hand Steady),312,3.3961,0.3758,0.1488,0.759,19.4383,0.0075,0.0883,0.0165,0.0024,0.0,0.4631,1.9527,26.6721,17.450932199307147,1
Scenario B (1 Hand Steady),313,2.8963,0.3159,0.2371,0.7751,20.5263,0.0053,0.0463,0.0089,0.0017,0.0,0.426,1.4802,26.7413,17.458031446539504,1
Scenario B (1 Hand Steady),314,2.907,0.2184,0.214,0.5598,27.0322,0.0057,0.0446,0.01,0.0018,0.0,0.2709,9.6271,40.9086,17.630506534469205,1
Scenario B (1 Hand Steady),315,2.8171,0.2363,0.2258,0.5506,18.6912,0.0052,0.0449,0.0105,0.0019,0.0,0.2684,8.6015,31.4721,17.368513324136007,1
Scenario B (1 Hand Steady),316,3.2189,0.2411,0.2048,0.6045,20.3498,0.005,0.0607,0.0097,0.0019,0.0,0.2712,1.4728,26.4601,17.304154837140675,1
Scenario B (1 Hand Steady),317,2.8939,0.3214,0.2037,0.7261,19.6181,0.0056,0.0441,0.009,0.0019,0.0,0.3566,11.6076,35.8071,17.506107669938253,1
Scenario B (1 Hand Steady),318,2.9792,0.2671,0.1733,0.5948,18.5193,0.0058,0.044,0.0092,0.0017,0.0,0.3454,7.7332,30.693,17.435576008797014,1
Scenario B (1 Hand Steady),319,2.9034,0.2401,0.1991,0.6372,19.055,0.0056,0.0443,0.0108,0.0019,0.0,0.2724,6.7495,30.1395,31.681841727900032,1
Scenario B (1 Hand Steady),320,3.3391,0.5269,0.2246,0.8132,18.658,0.0071,0.0617,0.0118,0.0022,0.0,0.2934,1.6534,25.6143,32.14223094136039,1
Scenario B (1 Hand Steady),321,2.9646,0.2276,0.1878,0.6198,19.6362,0.0052,0.0447,0.0091,0.0022,0.0,0.2665,10.2746,34.2565,32.46317717354642,1
Scenario B (1 Hand Steady),322,3.0747,0.2304,0.1856,0.6133,19.3416,0.0055,0.0453,0.0099,0.0018,0.0,0.2803,7.3534,31.1611,32.27617323036833,1
Scenario B (1 Hand Steady),323,3.0956,0.3188,0.1866,0.6144,18.3256,0.0058,0.0473,0.01,0.0021,0.0,0.2862,1.6887,24.6029,31.967228805084478,1
Scenario B (1 Hand Steady),324,2.88,0.2271,0.1845,0.5717,19.8163,0.0067,0.0652,0.0115,0.0021,0.0,0.3295,14.0013,38.1136,32.74068468370755,1
Scenario B (1 Hand Steady),325,2.7421,0.2391,0.1829,0.6709,18.5779,0.0051,0.0465,0.0097,0.002,0.0,0.5418,7.7079,30.7462,32.280356894754775,1
Scenario B (1 Hand Steady),326,2.7039,0.2336,0.2521,0.6023,19.1165,0.0053,0.0434,0.0093,0.0018,0.0,0.2812,1.416,24.6828,32.28136375089016,1
Scenario B (1 Hand Steady),327,2.7823,0.3459,0.1939,0.568,20.4544,0.0055,0.0452,0.0093,0.002,0.0,0.2651,1.4118,26.1016,33.02073352542859,1
Scenario B (1 Hand Steady),328,2.8572,0.2175,0.2236,0.852,20.1975,0.008,0.0784,0.014,0.0024,0.0,0.5266,1.5325,26.5404,32.90351051039148,1
Scenario B (1 Hand Steady),329,3.0858,0.2405,0.218,0.5857,18.3728,0.0055,0.0443,0.0094,0.002,0.0,0.2799,10.8687,33.7333,33.167303236622146,1
Scenario B (1 Hand Steady),330,3.135,0.2526,0.1534,0.783,32.8736,0.0068,0.0661,0.0103,0.0019,0.0,0.256,1.5228,39.0814,17.233299814674254,1
Scenario B (1 Hand Steady),331,3.6438,0.2857,0.1814,0.6293,22.0081,0.0065,0.0642,0.013,0.0029,0.0,0.4272,1.7959,29.0815,17.198532988550248,1
Scenario B (1 Hand Steady),332,3.191,0.3221,0.1645,0.6645,22.3457,0.0072,0.0867,0.011,0.0023,0.0,0.2863,7.6152,34.723,17.16065364504488,1
Scenario B (1 Hand Steady),333,3.031,0.3409,0.1685,0.6938,19.6879,0.0056,0.0456,0.0099,0.0045,0.0117,0.2837,6.3186,30.6264,17.04074848467094,1
Scenario B (1 Hand Steady),334,3.1182,0.2885,0.2182,0.6722,23.4761,0.0053,0.0466,0.0098,0.0018,0.0,0.2821,1.8675,30.0126,17.196206086617835,1
Scenario B (1 Hand Steady),335,3.2727,0.3361,0.1817,0.682,20.2551,0.0053,0.0445,0.0096,0.002,0.0,0.2767,1.3948,26.4939,17.222703897768273,1
Scenario B (1 Hand Steady),336,2.9093,0.24,0.1417,0.6482,21.7348,0.0052,0.0442,0.01,0.0019,0.0,0.2823,10.037,36.0788,17.22276345172882,1
Scenario B (1 Hand Steady),337,2.9706,0.2277,0.1693,0.5625,29.271,0.0055,0.0689,0.0099,0.0019,0.0,0.2708,1.6921,35.269,17.21765447579903,1
Scenario B (1 Hand Steady),338,2.672,0.2294,0.2553,0.6018,21.4595,0.0053,0.0435,0.0095,0.0018,0.0,0.2747,1.8431,27.4135,17.150663575354816,1
Scenario B (1 Hand Steady),339,2.836,0.2298,0.1888,0.6042,20.3501,0.0123,0.0903,0.0124,0.0021,0.0,0.3023,5.8892,30.5369,17.194874060981,1
Scenario B (1 Hand Steady),340,2.8144,0.2758,0.2594,0.7578,20.8891,0.0066,0.0785,0.0158,0.0033,0.0,0.3638,3.9461,29.4418,17.115133594503863,1
Scenario B (1 Hand Steady),341,2.8304,0.2594,0.2057,0.7234,20.1711,0.0054,0.0445,0.0093,0.0019,0.0,0.4756,6.1054,30.8527,17.18835419514613,1
Scenario B (1 Hand Steady),342,2.9291,0.2373,0.1927,0.6349,21.0246,0.0056,0.0486,0.0107,0.002,0.0,0.286,1.8088,27.1998,17.194670008429927,1
Scenario B (1 Hand Steady),343,2.7321,0.2327,0.223,0.5914,22.4137,0.0057,0.0464,0.0097,0.0021,0.0,0.464,2.0617,28.802,17.155448493361533,1
Scenario B (1 Hand Steady),344,3.3986,0.3148,0.1717,0.7828,23.4756,0.006,0.0472,0.0107,0.002,0.0,0.2831,1.4814,29.999,17.28829062771649,1
Scenario B (1 Hand Steady),345,2.7968,0.3915,0.2491,0.6682,19.3,0.0076,0.0767,0.0139,0.0024,0.0,0.4785,1.7018,25.711,17.308405498950528,1
Scenario B (1 Hand Steady),346,3.2174,0.2283,0.153,0.7396,20.6244,0.008,0.2106,0.0154,0.0026,0.0,0.5665,3.9348,29.7283,17.287079297095993,1
Scenario B (1 Hand Steady),347,2.9992,0.3637,0.2268,0.666,20.8086,0.0053,0.0458,0.0099,0.0015,0.0,0.2803,1.4748,26.9001,17.23559203447474,1
Scenario B (1 Hand Steady),348,2.8693,0.5038,0.1953,0.8497,21.2304,0.0053,0.0477,0.0097,0.002,0.0,0.2686,9.399,35.4015,17.234205448171267,1
Scenario B (1 Hand Steady),349,3.3178,0.2663,0.1617,0.6182,21.1,0.0058,0.0442,0.0094,0.0017,0.0,0.2833,5.1507,30.9783,32.550997809422626,1
Scenario B (1 Hand Steady),350,3.1055,0.325,0.2005,0.7462,21.6225,0.0052,0.0444,0.0092,0.0019,0.0,0.2686,1.7325,28.0812,33.05032753061203,1
Scenario B (1 Hand Steady),351,3.1446,0.2401,0.1545,0.6223,21.0646,0.0069,0.0635,0.0121,0.0024,0.0,0.2834,1.8264,27.4422,33.071422139057894,1
Scenario B (1 Hand Steady),352,2.9842,0.2551,0.188,0.5828,31.6064,0.0056,0.0485,0.0098,0.0018,0.0,0.2798,1.6125,37.595,33.502858757214156,1
Scenario B (1 Hand Steady),353,3.168,0.4154,0.1748,0.8808,33.2915,0.0097,0.0976,0.0169,0.0029,0.0,0.5971,1.9112,40.6105,33.08931466078499,1
Scenario B (1 Hand Steady),354,2.7725,0.3256,0.2026,1.0761,25.7573,0.006,0.0533,0.0101,0.0025,0.0,0.3033,2.3209,32.8566,32.52207852627541,1
Scenario B (1 Hand Steady),355,3.416,0.3402,0.2037,1.0274,29.8613,0.0055,0.0502,0.0093,0.002,0.0,0.2775,12.9732,48.1911,32.11510726424394,1
Scenario B (1 Hand Steady),356,3.018,0.3499,0.1552,1.0795,24.4074,0.0063,0.0651,0.0132,0.0019,0.0,0.4481,16.4964,46.0664,31.494505676907323,1
Scenario B (1 Hand Steady),357,2.9607,0.4244,0.2054,0.9079,33.9261,0.0066,0.0649,0.0124,0.0023,0.0,0.4383,1.8765,40.8486,30.927496061867586,1
Scenario B (1 Hand Steady),358,3.311,0.3267,0.2113,0.9559,37.5272,0.0075,0.0685,0.0132,0.0019,0.0,0.487,2.056,44.9934,30.255465243817017,1
Scenario B (1 Hand Steady),359,3.5373,0.379,0.1798,1.0807,34.1429,0.007,0.0657,0.0126,0.0022,0.0,0.4572,1.9534,41.8441,29.56405619160079,1
Scenario B (1 Hand Steady),360,3.2538,0.3507,0.2436,0.8083,22.0593,0.0064,0.0641,0.0112,0.0024,0.0,0.4047,1.9638,29.1937,16.157686094115967,1
Scenario B (1 Hand Steady),361,3.0572,0.2411,0.2462,0.7597,21.796,0.0069,0.0822,0.0128,0.003,0.0,0.3998,1.5956,28.2238,16.18478144533031,1
Scenario B (1 Hand Steady),362,3.2654,0.2492,0.1882,0.7621,24.0271,0.0087,0.0809,0.0172,0.004,0.0,0.5121,1.8125,30.9561,16.16605735100031,1
Scenario B (1 Hand Steady),363,3.2692,0.231,0.182,0.956,25.2651,0.0058,0.0486,0.0096,0.0043,0.011,0.297,1.4259,31.7259,16.143052332182542,1
Scenario B (1 Hand Steady),364,3.2685,0.2481,0.1661,0.7777,23.4952,0.0058,0.0453,0.0094,0.0019,0.0,0.5122,1.7893,30.3414,16.112430678565083,1
Scenario B (1 Hand Steady),365,3.0603,0.2487,0.1329,0.7837,22.462,0.0254,0.0795,0.0148,0.0026,0.0,0.4472,2.0407,29.326,16.0580713334048,1
Scenario B (1 Hand Steady),366,2.9145,0.2372,0.2982,0.9863,23.3801,0.0053,0.0463,0.0098,0.0018,0.0,0.2798,1.5007,29.6819,16.06189688608904,1
Scenario B (1 Hand Steady),367,2.9617,0.2607,0.2537,0.7011,26.5489,0.0066,0.0623,0.0129,0.0023,0.0,0.446,2.2371,33.5177,16.02228634478854,1
Scenario B (1 Hand Steady),368,3.2528,0.5959,0.2122,0.8743,36.0126,0.0066,0.064,0.0123,0.0023,0.0,0.4124,1.6599,43.1439,16.049132733781654,1
Scenario B (1 Hand Steady),369,2.9251,0.419,0.1864,0.8029,32.7508,0.0064,0.0531,0.0127,0.0027,0.0,0.3255,1.6738,39.1886,15.887363119332191,1
Scenario B (1 Hand Steady),370,3.2948,0.495,0.2553,0.9081,25.7779,0.0092,0.0795,0.0143,0.0027,0.0,0.5147,1.68,33.0657,15.732240820119289,1
Scenario B (1 Hand Steady),371,2.9319,0.244,0.1789,0.7607,25.5193,0.0054,0.0464,0.0096,0.0024,0.0,0.285,1.4099,31.4141,15.666278933757434,1
Scenario B (1 Hand Steady),372,3.3216,0.2316,0.206,0.711,24.7155,0.009,0.1038,0.0376,0.0026,0.0,0.4851,1.606,31.4741,15.74445903805455,1
Scenario B (1 Hand Steady),373,2.9371,0.2328,0.1989,0.9638,23.3178,0.0073,0.064,0.0134,0.003,0.0,0.3255,16.7975,44.8855,15.864256431061797,1
Scenario B (1 Hand Steady),374,3.5481,0.4473,0.1418,0.7592,21.0616,0.0059,0.0482,0.01,0.0021,0.0,0.2859,1.4852,27.8179,15.70711505220149,1
Scenario B (1 Hand Steady),375,3.2364,0.4824,0.1945,0.698,23.3295,0.0056,0.0469,0.0093,0.0019,0.0,0.7022,1.5365,30.2716,15.970270187943587,1
Scenario B (1 Hand Steady),376,3.1345,0.4272,0.1794,0.7589,21.817,0.0147,0.0793,0.014,0.0031,0.0,0.4765,1.4994,28.4288,16.192203614505324,1
Scenario B (1 Hand Steady),377,3.3004,0.2665,0.1928,1.1422,22.8921,0.006,0.0456,0.0101,0.0019,0.0,0.3664,2.0028,30.2475,16.36720208207366,1
Scenario B (1 Hand Steady),378,3.2756,0.2367,0.1775,0.6979,24.9865,0.0157,0.0649,0.0119,0.0023,0.0,0.4303,1.3952,31.3178,16.581498464648632,1
Scenario B (1 Hand Steady),379,3.2894,0.2388,0.1653,0.8974,25.234,0.0055,0.0484,0.0097,0.0021,0.0,0.2896,1.4812,31.6834,30.919612351428928,1
Scenario B (1 Hand Steady),380,3.0332,0.3967,0.1743,0.8417,21.4582,0.006,0.0458,0.0157,0.0018,0.0,0.2837,7.0584,33.3402,30.79993244185961,1
Scenario B (1 Hand Steady),381,3.4347,0.267,0.1745,0.8318,22.4034,0.0059,0.0461,0.0094,0.0019,0.0,0.2865,3.2034,30.6859,30.528592191688777,1
Scenario B (1 Hand Steady),382,3.1128,0.2539,0.1442,0.6819,21.7479,0.0058,0.046,0.0097,0.0022,0.0,0.293,2.2488,28.5674,30.561513982664426,1
Scenario B (1 Hand Steady),383,3.2936,0.3775,0.2536,0.8333,20.8853,0.0053,0.0447,0.0093,0.0018,0.0,0.6206,1.7479,28.0958,30.712876652143667,1
Scenario B (1 Hand Steady),384,2.956,0.235,0.1712,0.6916,24.8106,0.0064,0.0654,0.0119,0.0023,0.0,0.4814,6.3111,35.7657,30.82882626376415,1
Scenario B (1 Hand Steady),385,3.5596,0.4349,0.2448,1.2358,23.2814,0.0089,0.0692,0.0146,0.0035,0.0,0.4171,1.7013,31.003,30.477267425273272,1
Scenario B (1 Hand Steady),386,3.2744,0.2355,0.1598,0.6567,19.7337,0.0057,0.0468,0.0097,0.0017,0.0,0.2828,6.0766,30.5033,30.429333085902435,1
Scenario B (1 Hand Steady),387,2.9368,0.2564,0.139,0.6222,20.6808,0.0078,0.0937,0.0115,0.0022,0.0,0.4649,1.5977,26.8348,30.603142272446764,1
Scenario B (1 Hand Steady),388,2.8503,0.2214,0.1896,0.6444,19.9138,0.0062,0.0464,0.0102,0.0021,0.0,0.2668,1.4512,25.6197,31.42358234261943,1
Scenario B (1 Hand Steady),389,3.2823,0.2503,0.1566,0.6714,19.0985,0.0058,0.0443,0.0093,0.0019,0.0,0.2843,17.7792,41.6057,32.16188338762136,1
Scenario B (1 Hand Steady),390,3.0937,0.2412,0.1478,0.5844,27.8853,0.0065,0.0705,0.0114,0.0021,0.0,0.6988,5.8767,38.6395,17.038059727020833,1
Scenario B (1 Hand Steady),391,3.5271,0.2717,0.1946,0.6149,27.8347,0.0054,0.0452,0.0099,0.0025,0.0,0.2586,1.4458,34.2323,16.928258834935207,1
Scenario B (1 Hand Steady),392,3.356,0.32,0.1986,0.838,35.9165,0.006,0.0462,0.0097,0.0023,0.0,0.2509,1.6808,42.648,16.882463051766084,1
Scenario B (1 Hand Steady),393,2.8556,0.3231,0.1642,0.6786,21.495,0.0058,0.0481,0.0096,0.0045,0.012,0.2784,4.3611,30.2579,16.932787320304296,1
Scenario B (1 Hand Steady),394,2.8931,0.2515,0.185,0.6755,25.0747,0.0066,0.0503,0.01,0.002,0.0,0.2754,17.0349,46.4823,16.89586409319847,1
Scenario B (1 Hand Steady),395,3.3541,0.251,0.1653,0.5667,19.9021,0.0056,0.046,0.011,0.0019,0.0,0.2829,7.2948,31.9007,16.644268590611286,1
Scenario B (1 Hand Steady),396,3.2366,0.246,0.2424,0.6022,20.368,0.0056,0.0477,0.0103,0.0021,0.0,0.281,6.5219,31.5865,16.596091498259,1
Scenario B (1 Hand Steady),397,3.5494,0.2911,0.1958,0.7791,19.8802,0.005,0.044,0.0097,0.0018,0.0,0.2646,1.6238,26.6654,16.572002279145405,1
Scenario B (1 Hand Steady),398,3.2616,0.2829,0.1599,0.6648,21.6765,0.0058,0.0473,0.0092,0.0016,0.0,0.6355,1.735,28.4995,16.645680083800954,1
Scenario B (1 Hand Steady),399,3.1863,0.2316,0.195,0.566,19.8009,0.0055,0.0467,0.0091,0.0019,0.0,0.2701,1.6956,26.0246,16.688066591628928,1
Scenario B (1 Hand Steady),400,3.4695,0.2584,0.2697,0.5241,25.7029,0.0092,0.0856,0.0112,0.0019,0.0,0.3122,1.608,32.277,16.7987041950925,1
Scenario B (1 Hand Steady),401,3.3146,0.4669,0.1856,0.912,23.6166,0.0062,0.0454,0.0091,0.0018,0.0,0.2698,1.8012,30.655,16.77224435367369,1
Scenario B (1 Hand Steady),402,2.8884,0.2717,0.1895,0.7208,21.5567,0.0055,0.0458,0.0093,0.0018,0.0,0.4483,1.7984,27.9563,16.74925356194816,1
Scenario B (1 Hand Steady),403,3.066,0.4632,0.2404,0.6277,21.0829,0.006,0.0468,0.0109,0.0029,0.0,0.3145,1.9343,27.8195,16.743218454317496,1
Scenario B (1 Hand Steady),404,3.037,0.695,0.2551,0.6649,22.7121,0.0074,0.0905,0.0202,0.0022,0.0,0.3751,6.4283,34.3192,16.871336747891025,1
Scenario B (1 Hand Steady),405,2.8538,0.3147,0.2845,0.9052,23.7873,0.0064,0.0502,0.0098,0.0019,0.0,0.2772,1.4117,29.9258,16.81888434335845,1
Scenario B (1 Hand Steady),406,2.9058,0.2472,0.1839,0.831,22.27,0.0057,0.0464,0.0101,0.0018,0.0,0.2831,1.4826,28.2902,16.822981593294433,1
Scenario B (1 Hand Steady),407,3.0396,0.4846,0.2418,0.7797,19.0065,0.0067,0.0585,0.0129,0.0025,0.0,0.4169,8.5949,32.6764,16.799196422266185,1
Scenario B (1 Hand Steady),408,3.072,0.2393,0.1998,0.6019,18.605,0.0056,0.0443,0.0095,0.0018,0.0,0.2645,1.426,24.4859,16.698738957945636,1
Scenario B (1 Hand Steady),409,3.3899,0.2397,0.2172,0.65,18.6737,0.0058,0.0495,0.0153,0.0019,0.0,0.2952,15.794,39.3523,31.366601630995447,1
Scenario B (1 Hand Steady),410,2.9792,0.4265,0.2447,0.722,18.5229,0.005,0.0424,0.0091,0.0016,0.0,0.266,1.5891,24.8342,31.3577891618343,1
Scenario B (1 Hand Steady),411,2.9997,0.2323,0.2387,0.539,19.0677,0.0054,0.0451,0.0089,0.002,0.0,0.276,13.848,37.2808,31.84719442021135,1
Scenario B (1 Hand Steady),412,3.1661,0.4154,0.2314,0.6885,18.3302,0.005,0.043,0.0092,0.0018,0.0,0.2628,1.4275,24.601,32.11317900492063,1
Scenario B (1 Hand Steady),413,3.1924,0.2474,0.1803,0.6153,19.1758,0.006,0.0512,0.0109,0.0023,0.0,0.2892,12.4104,36.2119,32.42190417179117,1
Scenario B (1 Hand Steady),414,2.9181,0.2649,0.1659,0.6474,20.3479,0.0062,0.0469,0.0099,0.0018,0.0,0.299,2.281,27.008,33.02273126585006,1
Scenario B (1 Hand Steady),415,2.8483,0.2862,0.1381,0.6185,28.6364,0.0058,0.0447,0.0095,0.0018,0.0,0.2803,1.6552,34.5456,33.31590415400643,1
Scenario B (1 Hand Steady),416,3.0636,0.2551,0.1559,0.6619,26.7558,0.0056,0.0466,0.0104,0.0018,0.0,0.2814,16.3356,47.5966,33.148443817364424,1
Scenario B (1 Hand Steady),417,3.1218,0.2428,0.1566,0.6034,18.9651,0.0049,0.0446,0.0101,0.0018,0.0,0.2792,7.9691,31.4165,31.9668825823884,1
Scenario B (1 Hand Steady),418,2.9483,0.3336,0.2234,0.7459,18.1665,0.0054,0.0432,0.0101,0.0016,0.0,0.2661,1.4569,24.2218,31.811573023077944,1
Scenario B (1 Hand Steady),419,3.102,0.3127,0.187,0.6689,18.9147,0.0054,0.0458,0.0098,0.0024,0.0,0.3088,14.6339,38.2105,31.915200131358418,1
Scenario B (1 Hand Steady),420,2.7627,0.3145,0.234,0.6212,18.1664,0.0052,0.0439,0.0092,0.0017,0.0,0.242,1.7154,24.1346,17.16548111386821,1
Scenario B (1 Hand Steady),421,2.7212,0.2213,0.1539,0.6388,19.8321,0.0057,0.0465,0.0094,0.0022,0.0,0.2564,6.5666,30.4721,17.261048644358844,1
Scenario B (1 Hand Steady),422,2.9477,0.5065,0.1999,0.7137,21.0816,0.0096,0.0907,0.0153,0.0031,0.0,0.4152,1.5226,27.5515,17.21348916496674,1
Scenario B (1 Hand Steady),423,2.9245,0.2783,0.3043,0.7486,20.5043,0.0075,0.0792,0.0135,0.0064,0.0157,0.4543,7.8712,33.2351,17.219213266515027,1
Scenario B (1 Hand Steady),424,2.7815,0.2787,0.2379,0.6971,24.433,0.0089,0.1276,0.0153,0.0023,0.0,0.5771,2.2399,31.4247,17.24177101863299,1
Scenario B (1 Hand Steady),425,3.7836,0.3991,0.168,0.7946,40.0836,0.009,0.1085,0.0161,0.0029,0.0,0.4726,2.1334,48.0005,17.203716040742258,1
Scenario B (1 Hand Steady),426,3.2402,0.418,0.2104,0.7663,29.9001,0.0134,0.0797,0.0152,0.0028,0.0,0.5344,2.4583,37.6706,16.908895357509397,1
Scenario B (1 Hand Steady),427,3.5008,0.4274,0.2148,1.3102,23.7695,0.0077,0.0746,0.0138,0.0022,0.0,0.3515,8.4255,38.1325,16.834140202089678,1
Scenario B (1 Hand Steady),428,2.8035,0.2519,0.1827,0.7144,20.2977,0.0057,0.0598,0.0098,0.0017,0.0,0.283,5.8746,30.5058,16.644299877274783,1
Scenario B (1 Hand Steady),429,2.979,0.2338,0.1956,0.6903,22.6967,0.0081,0.0672,0.0172,0.0023,0.0,0.388,1.7593,29.0557,16.769092698463332,1
Scenario B (1 Hand Steady),430,2.8169,0.3005,0.1979,0.6897,19.7374,0.0058,0.0475,0.0093,0.0019,0.0,0.2847,1.5985,25.7105,16.710416549590814,1
Scenario B (1 Hand Steady),431,2.9737,0.2755,0.1739,0.5395,22.2928,0.0051,0.0446,0.0094,0.0017,0.0,0.2789,1.4077,28.0211,16.87978825435234,1
Scenario B (1 Hand Steady),432,2.9483,0.3491,0.1844,0.6862,19.9644,0.0123,0.0912,0.0136,0.0022,0.0,0.6069,2.2227,27.1034,16.828836240848243,1
Scenario B (1 Hand Steady),433,3.3754,0.2525,0.1479,0.5821,19.6677,0.0056,0.0462,0.0099,0.0019,0.0,0.2862,6.7491,31.1445,16.957428843796812,1
Scenario B (1 Hand Steady),434,3.0365,0.4634,0.1807,0.66,18.0309,0.0055,0.0444,0.0094,0.0018,0.0,0.269,1.4617,24.1823,16.897856019650185,1
Scenario B (1 Hand Steady),435,2.8962,0.243,0.1629,0.6004,18.6154,0.0057,0.0458,0.0095,0.0018,0.0,0.2655,14.4269,37.2924,17.061160402804827,1
Scenario B (1 Hand Steady),436,2.9136,0.2289,0.205,0.5758,18.2772,0.0052,0.0461,0.0097,0.0017,0.0,0.2856,8.1332,30.702,17.220824437510263,1
Scenario B (1 Hand Steady),437,2.9474,0.2361,0.234,0.63,18.0953,0.0059,0.0558,0.0174,0.0021,0.0,0.54,8.0162,30.8276,17.228192035689602,1
Scenario B (1 Hand Steady),438,3.1568,0.2307,0.1937,0.6372,19.2928,0.0061,0.0484,0.01,0.002,0.0,0.2807,7.2754,31.1627,17.126650141433018,1
Scenario B (1 Hand Steady),439,3.0245,0.229,0.2103,0.6032,19.66,0.0052,0.0475,0.0116,0.0018,0.0,0.2875,5.9906,30.0908,31.834561440652575,1
Scenario B (1 Hand Steady),440,3.2318,0.2397,0.2508,0.541,19.077,0.0066,0.0484,0.01,0.0017,0.0,0.2895,1.3995,25.1136,31.508090942446135,1
Scenario B (1 Hand Steady),441,2.8545,0.2412,0.1918,0.6202,24.6044,0.0057,0.0485,0.0107,0.0017,0.0,0.2772,1.6441,30.5194,31.851153034804874,1
Scenario B (1 Hand Steady),442,2.9602,0.2971,0.1995,0.7194,19.8394,0.0059,0.043,0.0099,0.0017,0.0,0.2623,13.3034,37.662,31.674261192164163,1
Scenario B (1 Hand Steady),443,3.1772,0.3799,0.1714,0.597,18.5834,0.0053,0.0477,0.0101,0.002,0.0,0.4492,1.5303,24.9733,31.406814208537543,1
Scenario B (1 Hand Steady),444,2.6621,0.232,0.1582,0.644,20.4644,0.0063,0.0493,0.0101,0.0018,0.0,0.2779,1.6298,26.1511,31.824670698473856,1
Scenario B (1 Hand Steady),445,2.8866,0.2243,0.1754,0.5127,20.324,0.0053,0.0447,0.0097,0.0018,0.0,0.2695,17.2156,41.6874,32.98990868262295,1
Scenario B (1 Hand Steady),446,3.582,0.2273,0.233,0.5538,19.1492,0.0054,0.0426,0.0092,0.0016,0.0,0.2883,7.0381,31.1513,32.737080150860805,1
Scenario B (1 Hand Steady),447,2.7648,0.3735,0.2839,0.725,18.3224,0.0061,0.0456,0.0092,0.0019,0.0,0.3014,1.3997,24.2552,33.14321885058102,1
Scenario B (1 Hand Steady),448,3.2294,0.2316,0.211,0.5598,18.8758,0.0056,0.0441,0.0091,0.0016,0.0,0.2847,14.2498,37.7199,33.49059539984207,1
Scenario B (1 Hand Steady),449,3.3042,0.4856,0.209,0.6537,19.2942,0.0049,0.0432,0.0095,0.0019,0.0,0.4718,1.6215,26.1193,32.949574919023334,1
Scenario B (1 Hand Steady),450,2.8213,0.2244,0.2022,0.6013,17.781,0.0077,0.0497,0.0105,0.002,0.0,0.2634,1.4887,23.4682,17.480958924062072,1
Scenario B (1 Hand Steady),451,2.8009,0.2381,0.1834,0.5514,18.953,0.0069,0.0631,0.0111,0.0023,0.0,0.3068,10.1927,33.328,17.55602337284911,1
Scenario B (1 Hand Steady),452,2.6489,0.2323,0.202,0.5893,18.7111,0.0051,0.0463,0.0105,0.002,0.0,0.2592,7.7666,30.4922,17.46516709336917,1
Scenario B (1 Hand Steady),453,2.7032,0.2637,0.2253,0.6625,18.0142,0.0053,0.0474,0.0114,0.0046,0.0116,0.2789,1.5054,23.7532,17.47051978515839,1
Scenario B (1 Hand Steady),454,2.8708,0.2302,0.2053,0.6139,19.0634,0.0056,0.045,0.0129,0.0257,0.0,0.342,14.9272,38.3675,17.471431371405544,1
Scenario B (1 Hand Steady),455,3.1915,0.2261,0.166,0.6175,18.0691,0.0049,0.0448,0.0108,0.0017,0.0,0.2751,9.1554,31.7849,17.446492849264697,1
Scenario B (1 Hand Steady),456,2.878,0.2321,0.2067,0.6463,17.9796,0.005,0.044,0.0095,0.002,0.0,0.262,1.4627,23.7448,17.437323311271495,1
Scenario B (1 Hand Steady),457,2.7629,0.2398,0.1862,0.736,17.2183,0.0054,0.047,0.0106,0.0022,0.0,0.2687,1.4751,22.9716,17.554894113459053,1
Scenario B (1 Hand Steady),458,3.6994,0.3314,0.2127,0.6472,21.478,0.0064,0.0504,0.0111,0.0019,0.0,0.2709,1.5817,28.3113,17.673198810961086,1
Scenario B (1 Hand Steady),459,2.9578,0.2929,0.1876,0.6411,20.5361,0.0058,0.0432,0.0092,0.0025,0.0,0.2701,9.1867,34.1541,17.722532132910025,1
Scenario B (1 Hand Steady),460,2.9982,0.2338,0.1759,0.5732,18.5384,0.0054,0.0459,0.0095,0.0018,0.0,0.2805,8.3594,31.2428,17.563607095283476,1
Scenario B (1 Hand Steady),461,2.9899,0.2428,0.3296,0.7411,18.2082,0.0054,0.0467,0.009,0.0017,0.0,0.2668,1.6572,24.5167,17.555126141200954,1
Scenario B (1 Hand Steady),462,3.2019,0.2313,0.1982,0.6307,20.1577,0.0058,0.0451,0.0094,0.0018,0.0,0.2705,11.9245,36.6946,17.771555084571894,1
Scenario B (1 Hand Steady),463,2.8707,0.3581,0.2312,0.8247,21.5672,0.0068,0.0563,0.0104,0.0019,0.0,0.2926,4.9263,31.1677,17.575041483142538,1
Scenario B (1 Hand Steady),464,3.0156,0.2374,0.198,0.6461,17.4434,0.0052,0.0463,0.0087,0.0021,0.0,0.4855,8.9067,31.0152,17.49486647207382,1
Scenario B (1 Hand Steady),465,3.147,0.344,0.1914,0.8143,29.709,0.0069,0.0481,0.0099,0.0017,0.0,0.2914,11.7613,46.3473,17.678264094823838,1
Scenario B (1 Hand Steady),466,2.8294,0.2264,0.1885,0.6584,22.0115,0.0051,0.0419,0.0091,0.0018,0.0,0.2748,4.7688,31.0366,17.423049947441235,1
Scenario B (1 Hand Steady),467,3.3117,0.3846,0.1912,0.5703,18.8637,0.0052,0.0444,0.0094,0.0017,0.0,0.2845,7.6581,31.3465,17.317409813052635,1
Scenario B (1 Hand Steady),468,3.5289,0.2278,0.2182,0.5437,18.0877,0.007,0.0493,0.0118,0.0019,0.0,0.2759,7.4288,30.4022,17.421019875347064,1
Scenario B (1 Hand Steady),469,2.9818,0.2321,0.2107,0.713,17.6012,0.0056,0.0459,0.0091,0.0017,0.0,0.2696,8.7824,30.8728,32.509355461013506,1
Scenario B (1 Hand Steady),470,3.3521,0.2454,0.2104,0.6171,18.3102,0.0055,0.0455,0.0097,0.0016,0.0,0.2712,7.3942,30.4831,32.082422895606626,1
Scenario B (1 Hand Steady),471,3.0728,0.2528,0.226,0.6797,18.6515,0.0053,0.0443,0.0099,0.0017,0.0,0.285,7.6131,30.8606,32.2440344403444,1
Scenario B (1 Hand Steady),472,2.7993,0.2879,0.2688,0.5869,18.2144,0.0063,0.0484,0.011,0.0019,0.0,0.4557,8.4159,31.1173,32.2392210977111,1
Scenario B (1 Hand Steady),473,2.6926,0.2504,0.2191,0.5405,18.823,0.0054,0.0447,0.0093,0.0018,0.0,0.2702,8.2336,31.1098,31.8530244909885,1
Scenario B (1 Hand Steady),474,3.4765,0.2581,0.2303,0.7812,19.1841,0.0053,0.0435,0.01,0.0019,0.0,0.2794,7.5744,31.8646,32.22673137480807,1
Scenario B (1 Hand Steady),475,3.6259,0.2456,0.2447,1.1046,20.1152,0.0057,0.048,0.0106,0.0019,0.0,0.2959,5.4249,31.1457,32.19571845675693,1
Scenario B (1 Hand Steady),476,3.3493,0.2546,0.2777,1.2303,18.7425,0.0056,0.0455,0.0103,0.0018,0.0,0.2963,6.3165,30.5529,31.800275258388936,1
Scenario B (1 Hand Steady),477,3.9825,0.2561,0.247,0.8687,25.2119,0.0049,0.0446,0.0093,0.0018,0.0,0.307,16.0334,46.9903,31.418416245904243,1
Scenario B (1 Hand Steady),478,3.5901,0.2681,0.2231,0.9634,24.7443,0.0054,0.0493,0.0097,0.0021,0.0,0.2666,1.4713,31.6128,30.451867518795556,1
Scenario B (1 Hand Steady),479,2.8902,0.3456,0.222,1.3801,26.1853,0.0077,0.0675,0.0141,0.0029,0.0,0.6445,1.7731,33.5605,30.617639578209054,1
Scenario B (1 Hand Steady),480,3.238,0.2785,0.181,0.8487,18.0384,0.006,0.0467,0.0095,0.0022,0.0,0.2615,11.7101,34.6407,17.04809771086951,1
Scenario B (1 Hand Steady),481,3.4278,0.2622,0.3119,0.9008,18.6612,0.0055,0.0452,0.0101,0.0027,0.0,0.2642,1.5559,25.4681,16.895018741201813,1
Scenario B (1 Hand Steady),482,3.4006,0.2605,0.1991,1.1715,19.4256,0.0056,0.0453,0.0103,0.0022,0.0,0.2644,11.6104,36.4144,17.061803286866343,1
Scenario B (1 Hand Steady),483,3.2993,0.2594,0.156,1.3832,18.6449,0.0053,0.0478,0.0097,0.0047,0.012,0.2855,1.4528,25.582,16.9841110777456,1
Scenario B (1 Hand Steady),484,3.7227,0.2407,0.2067,0.9594,19.8397,0.0063,0.0504,0.0099,0.0021,0.0,0.2828,1.5058,26.8458,17.062625226258344,1
Scenario B (1 Hand Steady),485,4.1167,0.2585,0.1759,0.968,19.1837,0.005,0.0515,0.01,0.0072,0.0,0.29,15.902,40.9913,17.35634044414166,1
Scenario B (1 Hand Steady),486,3.4464,0.3245,0.1977,1.3668,20.0272,0.0052,0.0476,0.0098,0.0023,0.0,0.2898,1.3926,27.1328,17.215352148609096,1
Scenario B (1 Hand Steady),487,3.2684,0.4192,0.1618,1.2067,23.4519,0.0058,0.0497,0.0097,0.002,0.0,0.2807,1.7018,30.5826,17.28184590028842,1
Scenario B (1 Hand Steady),488,3.5165,0.3382,0.2194,1.0857,22.736,0.0056,0.0456,0.0099,0.002,0.0,0.2781,1.6867,29.9465,17.274788085625893,1
Scenario B (1 Hand Steady),489,3.0491,0.424,0.1996,1.0344,34.5836,0.0062,0.0644,0.0125,0.0021,0.0,0.4334,1.8888,41.729,17.301138171986285,1
Scenario B (1 Hand Steady),490,3.4244,0.3935,0.2064,1.2025,38.5494,0.0074,0.081,0.0131,0.0022,0.0,0.4524,2.096,46.455,17.116262127060015,1
Scenario B (1 Hand Steady),491,3.454,0.327,0.1706,1.1425,36.6599,0.0056,0.0467,0.0095,0.0019,0.0,0.2784,1.3992,43.5167,16.87364086476488,1
Scenario B (1 Hand Steady),492,3.4439,0.3775,0.1842,1.0412,21.7895,0.0049,0.0435,0.0101,0.0019,0.0,0.2711,1.8194,29.0093,16.689558922945338,1
Scenario B (1 Hand Steady),493,3.2636,0.3577,0.1956,1.1051,19.9835,0.0049,0.0579,0.0094,0.0017,0.0,0.2829,1.6119,26.8965,16.733321854671747,1
Scenario B (1 Hand Steady),494,3.6474,0.2995,0.1919,0.903,28.1945,0.006,0.0522,0.0098,0.0018,0.0,0.2869,1.6606,35.2752,16.803397462024513,1
Scenario B (1 Hand Steady),495,3.2533,0.3908,0.1493,1.1278,29.7428,0.0064,0.0635,0.0125,0.0021,0.0,0.4552,1.9984,37.2271,16.74574809526351,1
Scenario B (1 Hand Steady),496,3.803,0.3288,0.2144,1.1213,26.6462,0.0066,0.0491,0.0108,0.0019,0.0,0.3091,6.0496,38.5627,16.648900296640065,1
Scenario B (1 Hand Steady),497,3.3429,0.286,0.1783,0.8006,26.7545,0.0069,0.0904,0.0118,0.0023,0.0,0.3901,1.7187,33.6056,16.771894895661525,1
Scenario B (1 Hand Steady),498,3.2125,0.4221,0.1734,0.9243,21.6172,0.0054,0.046,0.0101,0.0019,0.0,0.2848,17.4554,44.1758,16.735908255077362,1
Scenario B (1 Hand Steady),499,3.4694,0.2315,0.1849,0.7395,20.0636,0.0062,0.0632,0.0127,0.0019,0.0,0.5028,1.8846,27.1822,29.02562750267158,1
Scenario B (1 Hand Steady),500,3.3957,0.2808,0.2341,0.7183,17.9831,0.0067,0.0634,0.0118,0.0021,0.0,0.4879,1.4569,24.6635,29.372179869171582,1
Scenario B (1 Hand Steady),501,3.3082,0.2286,0.1777,0.9578,18.2141,0.0057,0.0465,0.0102,0.0018,0.0,0.2726,17.4442,40.6861,29.413288649063624,1
Scenario B (1 Hand Steady),502,3.0526,0.2804,0.1525,0.8096,18.5291,0.0057,0.0476,0.0099,0.0016,0.0,0.2805,9.1053,32.2989,29.22752732340644,1
Scenario B (1 Hand Steady),503,3.3719,0.2974,0.1906,1.0059,27.537,0.085,0.0679,0.0125,0.002,0.0,0.3526,13.5126,46.4584,28.937042546925877,1
Scenario B (1 Hand Steady),504,2.9431,0.2924,0.3686,1.2374,28.0006,0.0057,0.0512,0.0101,0.002,0.0,0.2957,1.6151,34.8422,28.12842852806427,1
Scenario B (1 Hand Steady),505,3.4386,0.4577,0.1638,0.8235,24.0949,0.0059,0.0463,0.0129,0.0019,0.0,0.3573,1.6974,31.1235,28.339045348574224,1
Scenario B (1 Hand Steady),506,3.3264,0.3777,0.1962,0.7865,19.7864,0.0054,0.0447,0.0092,0.002,0.0,0.2722,1.3815,26.2099,28.184655779264137,1
Scenario B (1 Hand Steady),507,3.9274,0.3767,0.1675,1.1017,27.3124,0.0053,0.0438,0.009,0.0018,0.0,0.2785,1.5081,34.7538,28.333846263243974,1
Scenario B (1 Hand Steady),508,3.0254,0.2328,0.1903,0.837,20.0826,0.0065,0.0449,0.0094,0.0016,0.0,0.2847,1.4513,26.1842,28.15159058770832,1
Scenario B (1 Hand Steady),509,3.0616,0.3239,0.1941,0.9155,17.4497,0.0054,0.0445,0.0092,0.0019,0.0,0.3549,11.1494,33.5326,28.828249825276266,1
Scenario B (1 Hand Steady),510,3.1651,0.2801,0.1641,0.7304,18.4638,0.0058,0.0469,0.01,0.0021,0.0,0.2562,15.1068,38.2489,16.31314313834625,1
Scenario B (1 Hand Steady),511,3.5367,0.2309,0.1835,0.8217,18.8355,0.0059,0.0456,0.0102,0.0023,0.0,0.2578,1.3885,25.3363,16.380474022142028,1
Scenario B (1 Hand Steady),512,3.3133,0.2482,0.1882,0.6756,20.7091,0.0054,0.0459,0.0094,0.0023,0.0,0.2601,11.2506,36.7269,16.432584910278518,1
Scenario B (1 Hand Steady),513,3.4407,0.3212,0.1926,0.8926,20.8032,0.0055,0.0444,0.0098,0.0047,0.0117,0.2923,5.138,31.1791,16.29710666851536,1
Scenario B (1 Hand Steady),514,3.4738,0.405,0.2208,1.0313,19.317,0.0081,0.0785,0.0115,0.0017,0.0,0.2922,1.3768,26.2404,16.34781231595274,1
Scenario B (1 Hand Steady),515,3.2162,0.222,0.1529,0.8,30.2816,0.0057,0.0461,0.0102,0.0019,0.0,0.2785,1.6195,36.6508,16.515379435961275,1
Scenario B (1 Hand Steady),516,3.3778,0.2785,0.2243,0.7936,18.9152,0.007,0.0643,0.0134,0.0027,0.0,0.4474,5.836,29.9853,16.534373052290526,1
Scenario B (1 Hand Steady),517,3.9589,0.2283,0.1869,0.8674,28.4855,0.0057,0.0446,0.0088,0.0016,0.0,0.2791,1.6298,35.7159,16.57618698370873,1
Scenario B (1 Hand Steady),518,2.9968,0.2282,0.1693,0.9177,22.4786,0.0108,0.1466,0.0163,0.0032,0.0,0.5615,1.9189,29.471,16.717017141430702,1
Scenario B (1 Hand Steady),519,3.2961,0.2176,0.2309,1.0694,23.2186,0.0085,0.0633,0.0136,0.0023,0.0,0.3819,1.4175,29.9459,16.677742919023398,1
Scenario B (1 Hand Steady),520,2.9841,0.4603,0.2043,0.737,21.1558,0.0059,0.047,0.0102,0.0019,0.0,0.2826,2.3365,28.2464,16.60380931109374,1
Scenario B (1 Hand Steady),521,3.4455,0.311,0.1588,0.8218,25.4574,0.0053,0.0457,0.0101,0.0021,0.0,0.2807,1.4245,31.9864,16.777265448782376,1
Scenario B (1 Hand Steady),522,3.4317,0.2369,0.3687,0.9351,19.6507,0.006,0.0471,0.0098,0.0019,0.0,0.539,1.8407,27.0882,16.78577497831526,1
Scenario B (1 Hand Steady),523,3.2085,0.2428,0.1938,0.8494,22.9345,0.005,0.0451,0.009,0.0019,0.0,0.274,6.9665,34.7503,17.076350520871724,1
Scenario B (1 Hand Steady),524,3.4646,0.2264,0.2241,0.8821,23.3754,0.0061,0.0469,0.0099,0.0019,0.0,0.2882,1.3969,29.9426,17.08012024616772,1
Scenario B (1 Hand Steady),525,3.3626,0.2669,0.1717,0.7905,19.8494,0.006,0.0517,0.0097,0.0022,0.0,0.2679,8.1387,32.9372,17.098084044575465,1
Scenario B (1 Hand Steady),526,3.5729,0.2395,0.3549,1.0001,19.9567,0.0061,0.0556,0.0162,0.0021,0.0,0.5651,5.4948,31.286,17.00231955199705,1
Scenario B (1 Hand Steady),527,3.3301,0.29,0.2037,0.7416,23.1433,0.006,0.0568,0.0119,0.0018,0.0,0.5378,1.4942,29.8404,17.045855087579177,1
Scenario B (1 Hand Steady),528,3.4712,0.2386,0.2115,0.8134,19.5268,0.0056,0.0451,0.0097,0.0019,0.0,0.2905,1.7843,26.4163,16.98837252929038,1
Scenario B (1 Hand Steady),529,3.3575,0.2477,0.191,0.8822,20.5242,0.005,0.0449,0.0096,0.0018,0.0,0.272,10.4947,36.0508,32.06686692084058,1
Scenario B (1 Hand Steady),530,3.9668,0.2256,0.2036,0.8878,20.0716,0.0052,0.044,0.0092,0.0018,0.0,0.8091,4.4134,30.6577,32.175362111115376,1
Scenario B (1 Hand Steady),531,3.4565,0.2358,0.2038,0.8766,29.5392,0.0051,0.0459,0.0096,0.0018,0.0,0.2671,1.4844,36.1456,31.9021683303276,1
Scenario B (1 Hand Steady),532,3.647,0.2892,0.1778,0.8104,26.9084,0.0057,0.0449,0.009,0.0018,0.0,0.2689,9.5179,41.7006,31.93768582978623,1
Scenario B (1 Hand Steady),533,3.5411,0.3058,0.1826,1.0399,19.994,0.0051,0.0454,0.0091,0.002,0.0,0.2783,1.4311,26.8538,31.39179506329822,1
Scenario B (1 Hand Steady),534,3.1074,0.2349,0.2324,0.8036,19.4,0.0059,0.046,0.01,0.0016,0.0,0.2814,1.3681,25.5097,31.364095621167635,1
Scenario B (1 Hand Steady),535,3.1916,0.372,0.1917,1.0134,19.3576,0.0092,0.0845,0.0133,0.0024,0.0,0.5381,2.0012,26.7984,31.955871484842252,1
Scenario B (1 Hand Steady),536,3.2034,0.2258,0.2278,1.1031,19.1509,0.0054,0.0444,0.0095,0.002,0.0,0.2856,1.9203,26.1986,32.15787311622982,1
Scenario B (1 Hand Steady),537,3.673,0.3178,0.2168,0.7929,22.6884,0.0097,0.07,0.0154,0.0034,0.0,0.3924,1.6687,29.8716,32.613741828841626,1
Scenario B (1 Hand Steady),538,2.9188,0.3063,0.2961,0.8293,26.1996,0.0064,0.0654,0.0131,0.0023,0.0,0.4966,2.0513,33.2089,32.6421826397758,1
Scenario B (1 Hand Steady),539,2.903,0.4043,0.225,0.8012,23.7214,0.0057,0.0469,0.0094,0.0017,0.0,0.2996,5.9734,34.4151,32.441081404986264,1
Scenario B (1 Hand Steady),540,2.6013,0.2106,0.3368,0.8453,19.0732,0.0186,0.1272,0.0096,0.0018,0.0,0.2572,1.5858,25.0873,17.517101488777566,1
Scenario B (1 Hand Steady),541,2.9823,0.2339,0.1824,0.629,19.4971,0.0051,0.0435,0.0095,0.0023,0.0,0.2406,16.6683,40.5433,17.62363270063049,1
Scenario B (1 Hand Steady),542,3.3028,0.3228,0.2269,0.6042,18.9889,0.0054,0.047,0.0092,0.0022,0.0,0.2546,7.9104,31.6965,17.397140200055013,1
Scenario B (1 Hand Steady),543,2.8873,0.3707,0.1666,0.6761,18.5342,0.0052,0.0434,0.0091,0.0044,0.0123,0.268,1.6023,24.6009,17.456497948376004,1
Scenario B (1 Hand Steady),544,3.0853,0.3875,0.1965,0.6576,25.9108,0.0055,0.0455,0.0094,0.0017,0.0,0.2826,6.7958,37.3999,17.538817937745957,1
Scenario B (1 Hand Steady),545,2.9102,0.4453,0.1796,0.7424,28.791,0.0048,0.043,0.0091,0.0018,0.0,0.272,1.4152,34.8391,17.471538623100678,1
Scenario B (1 Hand Steady),546,2.9556,0.4439,0.1858,0.7932,26.2386,0.0068,0.0593,0.0155,0.002,0.0,0.4813,10.3146,41.522,17.409511118004755,1
Scenario B (1 Hand Steady),547,2.783,0.5097,0.179,0.7599,28.9439,0.005,0.0428,0.0091,0.0018,0.0,0.271,1.4213,34.9475,17.2299054678921,1
Scenario B (1 Hand Steady),548,3.0778,0.3086,0.2082,0.6484,18.4428,0.0057,0.0446,0.0092,0.0017,0.0,0.2746,1.5869,24.6294,17.09175466146898,1
Scenario B (1 Hand Steady),549,3.1297,0.2283,0.1998,0.6136,22.0854,0.0083,0.076,0.0146,0.0026,0.0,0.518,7.7409,34.6437,17.279796142413225,1
Scenario B (1 Hand Steady),550,2.8316,0.3439,0.1709,0.7131,22.4113,0.0067,0.0716,0.019,0.0021,0.0,0.4365,4.1373,31.1667,17.21372712843673,1
Scenario B (1 Hand Steady),551,2.9458,0.2627,0.1671,0.5884,18.7621,0.0071,0.0749,0.0187,0.0022,0.0,0.5243,1.4304,24.819,17.290953901725608,1
Scenario B (1 Hand Steady),552,2.9159,0.2252,0.2168,0.5906,19.7244,0.0067,0.0614,0.012,0.0021,0.0,0.2739,12.7652,36.8134,17.56275553471217,1
Scenario B (1 Hand Steady),553,3.171,0.3915,0.1851,0.5719,19.1375,0.0072,0.0718,0.0145,0.0256,0.0,0.4372,7.7278,31.7647,17.389691932837877,1
Scenario B (1 Hand Steady),554,2.9489,0.2382,0.159,0.6178,19.2742,0.0054,0.0458,0.0101,0.0017,0.0,0.271,6.792,30.3829,17.295419539677333,1
Scenario B (1 Hand Steady),555,2.8365,0.4458,0.3495,0.7304,23.6267,0.0052,0.0427,0.0088,0.0018,0.0,0.262,17.2572,45.594,17.241927694994523,1
Scenario B (1 Hand Steady),556,2.9681,0.3131,0.1673,0.7298,19.0129,0.0051,0.0447,0.0098,0.0017,0.0,0.283,8.3427,31.9139,16.94653867909683,1
Scenario B (1 Hand Steady),557,3.2407,0.2654,0.1553,0.6646,17.8936,0.0082,0.0779,0.013,0.002,0.0,0.5067,8.1281,30.9784,16.902117309405778,1
Scenario B (1 Hand Steady),558,3.2674,0.2324,0.2341,0.5843,19.3214,0.0066,0.0502,0.0107,0.0026,0.0,0.2873,5.489,29.5071,16.93853144143499,1
Scenario B (1 Hand Steady),559,3.4894,0.3285,0.2176,0.6319,20.8678,0.0053,0.0444,0.0091,0.0017,0.0,0.2845,4.127,30.0282,30.449005261687873,1
Scenario B (1 Hand Steady),560,2.9931,0.2495,0.2515,0.5805,18.9761,0.0055,0.0456,0.0102,0.0017,0.0,0.2841,7.1165,30.535,30.249206303416045,1
Scenario B (1 Hand Steady),561,3.0267,0.2944,0.1962,0.6848,19.3771,0.0049,0.0442,0.0094,0.0016,0.0,0.2687,6.5476,30.5001,30.759678815742088,1
Scenario B (1 Hand Steady),562,3.027,0.2507,0.2138,0.5837,18.2472,0.0052,0.0441,0.0097,0.0018,0.0,0.2754,1.6905,24.3709,30.797670883845246,1
Scenario B (1 Hand Steady),563,2.8118,0.2333,0.2185,0.5663,18.7197,0.0056,0.0434,0.0092,0.0019,0.0,0.2682,13.4661,36.3616,30.825451531161868,1
Scenario B (1 Hand Steady),564,3.2003,0.234,0.2084,0.7331,21.4866,0.0068,0.0646,0.0151,0.0021,0.0,0.4495,4.1111,30.534,30.85867051620228,1
Scenario B (1 Hand Steady),565,3.5131,0.2368,0.2277,0.654,18.8661,0.0056,0.0448,0.0094,0.0022,0.0,0.2657,1.4188,25.2636,31.054753192500886,1
Scenario B (1 Hand Steady),566,2.6757,0.3212,0.198,0.841,19.1198,0.0047,0.0381,0.0077,0.001,0.0,0.2662,1.6106,25.1038,31.940975642993703,1
Scenario B (1 Hand Steady),567,3.0561,0.2311,0.2251,0.6007,19.6716,0.0056,0.045,0.0098,0.0017,0.0,0.2748,3.2906,27.431,32.4697641482143,1
Scenario B (1 Hand Steady),568,2.9469,0.24,0.1929,0.6071,19.0714,0.0051,0.0456,0.0094,0.0017,0.0,0.281,7.3247,30.7466,32.32099479444443,1
Scenario B (1 Hand Steady),569,3.1635,0.3928,0.2306,0.7126,22.9298,0.0054,0.044,0.0099,0.002,0.0,0.2824,3.5285,31.3238,32.51028381510224,1
Scenario B (1 Hand Steady),570,2.6763,0.2994,0.1708,0.5234,19.553,0.0077,0.0738,0.0149,0.0036,0.0,0.2667,1.4334,25.0606,17.482657804947554,1
Scenario B (1 Hand Steady),571,3.1446,0.2524,0.18,0.6226,23.0826,0.0062,0.0665,0.0125,0.0026,0.0,0.4002,17.9189,45.7147,17.46824889365473,1
Scenario B (1 Hand Steady),572,3.4632,0.2913,0.2079,0.6764,20.9141,0.0074,0.049,0.0105,0.0025,0.0,0.2739,1.5648,27.4831,17.328250725002288,1
Scenario B (1 Hand Steady),573,3.2768,0.267,0.1814,0.6444,25.0743,0.0054,0.0461,0.0096,0.0042,0.0126,0.3218,4.2817,34.1485,17.39631229974167,1
Scenario B (1 Hand Steady),574,2.9351,0.2389,0.1693,0.6274,20.7724,0.0063,0.047,0.0104,0.0019,0.0,0.2836,5.9051,31.0197,17.339346667803884,1
Scenario B (1 Hand Steady),575,3.4009,0.2356,0.2209,0.6317,19.3108,0.0065,0.0524,0.0098,0.0021,0.0,0.2835,1.4182,25.5986,17.56854777550855,1
Scenario B (1 Hand Steady),576,3.5894,0.3031,0.2164,0.5478,19.5851,0.0055,0.0451,0.0092,0.002,0.0,0.2717,13.0303,37.6268,17.673206649714604,1
Scenario B (1 Hand Steady),577,3.1898,0.2895,0.2931,0.7823,18.2997,0.0053,0.0434,0.0091,0.0018,0.0,0.2668,8.2557,31.4605,17.56702965320824,1
Scenario B (1 Hand Steady),578,3.4663,0.2351,0.2252,0.5521,18.7673,0.0057,0.0468,0.0096,0.002,0.0,0.2713,7.6586,31.2622,17.540871697403045,1
Scenario B (1 Hand Steady),579,2.8846,0.2347,0.3419,0.6611,18.3642,0.0065,0.0467,0.0102,0.0023,0.0,0.2643,1.4238,24.2621,17.520613799226023,1
Scenario B (1 Hand Steady),580,3.3573,0.3212,0.1769,0.5917,20.1205,0.0057,0.0461,0.0098,0.0021,0.0,0.2716,13.0007,37.9253,17.611975434394367,1
Scenario B (1 Hand Steady),581,2.9813,0.2348,0.3526,0.6864,19.3842,0.0055,0.0456,0.0102,0.0016,0.0,0.2669,1.8969,25.8888,17.500621698530455,1
Scenario B (1 Hand Steady),582,3.2051,0.2266,0.2174,0.5764,18.7134,0.0083,0.0925,0.01,0.0018,0.0,0.2678,11.9366,35.2775,17.46809190611236,1
Scenario B (1 Hand Steady),583,2.9515,0.2469,0.1722,0.6325,19.7023,0.0061,0.0478,0.0101,0.0019,0.0,0.3066,7.5426,31.6439,17.49366826299143,1
Scenario B (1 Hand Steady),584,3.2874,0.2365,0.2307,0.6043,21.085,0.0064,0.0522,0.0098,0.0017,0.0,0.2682,4.9233,30.7275,17.477481658264402,1
Scenario B (1 Hand Steady),585,2.9921,0.2226,0.2275,0.6146,20.6668,0.0056,0.0472,0.0109,0.002,0.0,0.2832,1.7102,26.8034,17.380991390177876,1
Scenario B (1 Hand Steady),586,2.6058,0.2287,0.1733,0.6209,18.6724,0.0057,0.0449,0.0093,0.0018,0.0,0.2717,12.6324,35.2866,17.366836553793824,1
Scenario B (1 Hand Steady),587,3.1083,0.3575,0.2178,0.6599,18.3473,0.0051,0.0434,0.0094,0.002,0.0,0.2666,7.7914,30.832,17.233299814674254,1
Scenario B (1 Hand Steady),588,3.1284,0.2338,0.2388,0.5346,18.954,0.0088,0.0606,0.0122,0.0025,0.0,0.296,7.2113,30.7043,17.237441163320735,1
Scenario B (1 Hand Steady),589,3.0935,0.2301,0.2403,0.5839,19.4012,0.0057,0.047,0.01,0.0019,0.0,0.2864,7.114,31.0334,31.703596083943236,1
Scenario B (1 Hand Steady),590,3.2006,0.3351,0.198,0.7556,19.3395,0.0061,0.0471,0.024,0.0024,0.0,0.2811,6.7196,30.9335,31.399921432992862,1
Scenario B (1 Hand Steady),591,2.88,0.2372,0.1649,0.6084,20.048,0.0051,0.0457,0.011,0.0018,0.0,0.2889,1.4296,25.7407,32.222105594286276,1
Scenario B (1 Hand Steady),592,3.2045,0.3067,0.2351,0.6187,19.373,0.0053,0.0456,0.0109,0.002,0.0,0.2783,12.5987,36.7085,32.29386969112204,1
Scenario B (1 Hand Steady),593,3.0605,0.235,0.1835,0.6526,19.2273,0.0053,0.0438,0.0092,0.002,0.0,0.2638,6.899,30.6011,32.139780934908416,1
Scenario B (1 Hand Steady),594,3.1354,0.4451,0.2084,0.7485,18.7566,0.0137,0.0907,0.0156,0.0028,0.0,0.4145,7.2483,31.1073,32.17954566837595,1
Scenario B (1 Hand Steady),595,3.0166,0.2391,0.2022,0.6371,19.4505,0.0056,0.0436,0.0092,0.0016,0.0,0.2611,7.106,30.9923,31.90568075812838,1
Scenario B (1 Hand Steady),596,3.2251,0.3148,0.2283,0.6494,17.4853,0.0053,0.0427,0.0089,0.0017,0.0,0.2702,1.5032,23.7568,32.229559618705586,1
Scenario B (1 Hand Steady),597,2.8199,0.2246,0.1568,0.6248,19.9917,0.0052,0.047,0.0094,0.0024,0.0,0.2721,12.9951,37.1678,32.68403214111116,1
Scenario B (1 Hand Steady),598,2.793,0.3355,0.237,0.747,18.2251,0.0058,0.0493,0.0101,0.0019,0.0,0.2742,8.8304,31.5331,32.33408246325929,1
Scenario B (1 Hand Steady),599,3.6985,0.2331,0.1969,0.6166,19.2378,0.0063,0.0504,0.0108,0.002,0.0,0.2861,7.1992,31.56,31.927270425445737,1
Scenario B (1 Hand Steady),600,3.1084,0.2238,0.2011,0.6384,22.0014,0.0061,0.0483,0.0109,0.0021,0.0,0.2646,1.3941,27.9185,17.33397601095568,1
Scenario B (1 Hand Steady),601,3.2295,0.2314,0.2198,0.6235,19.0485,0.0062,0.0471,0.0095,0.0022,0.0,0.2429,3.1275,26.8089,17.303527374312836,1
Scenario B (1 Hand Steady),602,2.8063,0.3497,0.2338,0.7872,21.3589,0.0056,0.0473,0.0098,0.0022,0.0,0.2913,1.3727,27.2887,17.439799892111562,1
Scenario B (1 Hand Steady),603,3.0542,0.5003,0.203,0.6791,18.9333,0.0076,0.0763,0.0131,0.0064,0.0175,0.5455,10.6802,34.7476,17.511851055236363,1
Scenario B (1 Hand Steady),604,2.9318,0.4398,0.1908,0.6841,21.7192,0.006,0.0465,0.0095,0.0018,0.0,0.2801,5.3099,31.6456,17.444560413003735,1
Scenario B (1 Hand Steady),605,2.8947,0.228,0.1362,0.638,18.451,0.0056,0.0465,0.015,0.0018,0.0,0.2718,8.222,30.9306,17.361868704583788,1
Scenario B (1 Hand Steady),606,2.9067,0.28,0.1574,0.5745,18.1882,0.0065,0.0468,0.0101,0.0024,0.0,0.2825,1.6908,24.166,17.44007087045658,1
Scenario B (1 Hand Steady),607,2.76,0.2229,0.1604,0.5438,19.0802,0.006,0.0488,0.0104,0.0018,0.0,0.2697,14.6892,37.8116,17.548967884276728,1
Scenario B (1 Hand Steady),608,3.1926,0.2851,0.1884,0.5738,17.5466,0.0056,0.0462,0.0108,0.002,0.0,0.2871,1.3898,23.5487,17.42608260596895,1
Scenario B (1 Hand Steady),609,3.1698,0.2196,0.189,0.5785,20.1987,0.006,0.0598,0.01,0.0017,0.0,0.2918,14.4811,39.2301,17.550602706287112,1
Scenario B (1 Hand Steady),610,3.2878,0.2362,0.2286,0.6237,20.4707,0.0054,0.0438,0.0102,0.0018,0.0,0.2694,6.9405,32.1408,17.411603179857263,1
Scenario B (1 Hand Steady),611,2.9056,0.2478,0.18,0.588,20.4724,0.0051,0.0445,0.0093,0.0017,0.0,0.2819,1.8217,26.5752,17.31784258694856,1
Scenario B (1 Hand Steady),612,2.8983,0.2333,0.1791,0.5512,19.0892,0.0055,0.0443,0.0091,0.0016,0.0,0.2608,12.8251,36.1153,17.48026105965442,1
Scenario B (1 Hand Steady),613,3.2641,0.2975,0.1786,0.7555,19.3848,0.0063,0.0463,0.0098,0.0019,0.0,0.2688,1.6476,25.882,17.381503168798357,1
Scenario B (1 Hand Steady),614,2.8827,0.3255,0.2181,0.738,18.6696,0.0059,0.0451,0.0101,0.0025,0.0,0.2668,12.5234,35.7088,17.47258439613932,1
Scenario B (1 Hand Steady),615,3.2937,0.2307,0.2337,0.636,18.7333,0.0052,0.0922,0.0106,0.0021,0.0,0.282,7.927,31.4667,17.395556624669272,1
Scenario B (1 Hand Steady),616,2.6756,0.2497,0.1974,0.5459,17.7806,0.0055,0.0446,0.0101,0.0016,0.0,0.5315,9.4247,31.4888,17.277289878235653,1
Scenario B (1 Hand Steady),617,2.9542,0.228,0.2292,0.622,18.3342,0.0054,0.0436,0.0097,0.0016,0.0,0.267,8.4316,31.1455,17.36029532539426,1
Scenario B (1 Hand Steady),618,3.404,0.2241,0.2141,0.7237,19.2439,0.0055,0.0446,0.0095,0.0019,0.0,0.2807,6.2172,30.3894,17.371784525788534,1
Scenario B (1 Hand Steady),619,3.1757,0.2285,0.1981,0.6375,18.3772,0.007,0.0476,0.0105,0.0019,0.0,0.2935,1.4164,24.4112,32.46633805875262,1
Scenario B (1 Hand Steady),620,2.6396,0.272,0.1457,0.5333,23.6547,0.0066,0.0625,0.0121,0.002,0.0,0.435,2.1648,29.9497,32.69371321577698,1
Scenario B (1 Hand Steady),621,3.2003,0.2359,0.1408,0.5628,21.0115,0.0053,0.0436,0.0094,0.0019,0.0,0.2708,1.6645,27.1648,32.46292591619464,1
Scenario B (1 Hand Steady),622,2.8431,0.2401,0.1364,0.53,18.7145,0.0053,0.0432,0.0097,0.002,0.0,0.2688,2.7931,25.603,32.511092852614496,1
Scenario B (1 Hand Steady),623,2.6634,0.2642,0.2396,0.5534,20.4841,0.0054,0.0467,0.0095,0.0018,0.0,0.2687,6.4965,31.0971,33.025577779324934,1
Scenario B (1 Hand Steady),624,3.3928,0.2317,0.2104,0.6034,19.5424,0.0051,0.0448,0.0099,0.0024,0.0,0.2792,1.6139,25.9534,33.014536595025604,1
Scenario B (1 Hand Steady),625,2.7658,0.235,0.2105,0.6089,19.2601,0.0058,0.0451,0.0095,0.0019,0.0,0.2788,13.2037,36.6432,33.33245887596536,1
Scenario B (1 Hand Steady),626,3.185,0.2561,0.2055,0.6292,19.4149,0.0051,0.0449,0.0099,0.0018,0.0,0.2747,7.1657,31.2124,32.59188055335846,1
Scenario B (1 Hand Steady),627,2.8158,0.3529,0.2346,0.7069,22.2136,0.0056,0.0526,0.0096,0.0018,0.0,0.2765,4.6157,31.3111,33.0125535214815,1
Scenario B (1 Hand Steady),628,3.1446,0.3077,0.2245,0.7445,21.9437,0.0059,0.0503,0.0102,0.0021,0.0,0.2823,1.4016,28.14,32.551197247935015,1
Scenario B (1 Hand Steady),629,3.0747,0.3176,0.2115,0.7807,26.5942,0.0054,0.0455,0.0092,0.0021,0.0,0.2734,1.8068,33.1434,33.18838161831921,1
Scenario C (Gesture Active),0,2.7056,0.3227,0.2026,0.7206,21.3012,0.0741,0.0567,0.0117,0.002,0.0,0.2964,1.6082,27.3261,34.84159037450924,1
Scenario C (Gesture Active),1,3.1519,0.3001,0.2016,0.7474,19.3594,0.006,0.0516,0.0112,0.002,0.0,0.3025,1.4022,25.5615,34.84914752899731,1
Scenario C (Gesture Active),2,2.973,0.2621,0.197,0.7385,34.7874,0.0058,0.0482,0.0097,0.002,0.0,0.4511,1.4944,40.9932,34.94914571877024,1
Scenario C (Gesture Active),3,3.195,0.5248,0.237,0.6533,31.6878,0.0059,0.0504,0.0107,0.002,0.0,0.3029,6.3652,43.0603,34.13752975561946,1
Scenario C (Gesture Active),4,2.8597,0.2473,0.2033,0.8205,19.8611,0.0052,0.0443,0.0102,0.0027,0.0,0.3405,2.2059,26.6245,33.31121106899058,1
Scenario C (Gesture Active),5,2.9977,0.3409,0.1927,0.6359,19.8157,0.0071,0.0636,0.0142,0.0025,0.0,0.4088,1.6789,26.1849,33.53580727166681,1
Scenario C (Gesture Active),6,3.2301,0.2561,0.2135,0.5854,24.2881,0.007,0.0493,0.0139,0.0025,0.0,0.3438,1.4455,30.4587,34.76653238507319,1
Scenario C (Gesture Active),7,3.4298,0.3824,0.2987,0.7738,21.3179,0.006,0.0527,0.0109,0.0019,0.0,0.2946,1.4569,28.0507,34.38945131729075,1
Scenario C (Gesture Active),8,2.8124,0.2882,0.2975,0.8952,22.644,0.0057,0.0489,0.0099,0.0018,0.0,0.2854,1.4281,28.7409,34.27178740869948,1
Scenario C (Gesture Active),9,3.0986,0.265,0.2162,0.6525,21.9715,0.0069,0.0482,0.0111,0.0021,0.0,0.2706,1.9316,28.4984,34.23887798316064,1
Scenario C (Gesture Active),10,2.897,0.2392,0.2233,0.6544,21.3471,0.007,0.056,0.0115,0.0021,0.0,0.3198,2.4343,28.2158,34.11709836884604,1
Scenario C (Gesture Active),11,2.9169,0.2786,0.2537,0.6979,21.6485,0.0077,0.0748,0.0146,0.0029,0.0,0.4307,1.6309,27.9858,33.87804939223649,1
Scenario C (Gesture Active),12,3.2723,0.3784,0.2225,0.7208,22.4973,0.0057,0.0491,0.0108,0.0018,0.0,0.2804,2.0593,29.5265,33.94262125410697,1
Scenario C (Gesture Active),13,2.9491,0.2755,0.2252,0.5678,27.9186,0.0082,0.0629,0.011,0.0019,0.0,0.2749,1.7503,34.0825,33.9230722406139,1
Scenario C (Gesture Active),14,2.8191,0.3502,0.2193,0.7103,29.836,0.0067,0.0608,0.0109,0.0023,0.0,0.2965,1.3712,35.7075,33.61310987517578,1
Scenario C (Gesture Active),15,2.9405,0.3935,0.1845,0.7781,22.6583,0.0052,0.0445,0.0095,0.0018,0.0,0.252,17.0674,44.359,33.122954955613984,1
Scenario C (Gesture Active),16,2.7708,0.3264,0.1659,0.5526,27.9094,0.0086,0.0697,0.0124,0.0019,0.0,0.3679,14.6488,46.8583,32.25528421983132,1
Scenario C (Gesture Active),17,3.0146,0.3949,0.1924,0.901,21.1729,0.0086,0.0692,0.0138,0.0022,0.0,0.4511,1.53,27.7799,31.376456724566207,1
Scenario C (Gesture Active),18,3.1112,0.2966,0.1706,0.7563,22.0996,0.005,0.0461,0.0099,0.0016,0.0,0.2777,6.605,33.4028,31.297395607308715,1
Scenario C (Gesture Active),19,3.1956,0.2356,0.1565,0.6607,27.9654,0.0056,0.0461,0.0099,0.0026,0.0,0.2991,1.6334,34.2324,30.94005589973611,1
Scenario C (Gesture Active),20,3.124,0.4014,0.2194,0.7201,20.8168,0.0064,0.048,0.0115,0.0018,0.0,0.2491,1.56,27.1894,30.61922770876534,1
Scenario C (Gesture Active),21,3.1064,0.3537,0.226,0.7342,20.4535,0.005,0.0435,0.0096,0.0016,0.0,0.2578,6.5888,31.8041,30.532452028069766,1
Scenario C (Gesture Active),22,2.7681,0.3868,0.1623,0.7354,19.4071,0.0068,0.0573,0.0135,0.002,0.0,0.2811,7.3501,31.1973,31.017295580960965,1
Scenario C (Gesture Active),23,3.0231,0.4177,0.1684,0.7364,24.0815,0.0054,0.0497,0.0122,0.0017,0.0,0.2679,1.541,30.3369,31.597827970333835,1
Scenario C (Gesture Active),24,2.8641,0.441,0.2298,0.8795,22.3883,0.0054,0.0447,0.0107,0.0016,0.0,0.2538,4.2393,31.3845,31.42209552198788,1
Scenario C (Gesture Active),25,2.9022,0.3546,0.2236,0.7152,22.2704,0.0086,0.059,0.0108,0.0019,0.0,0.2816,4.4764,31.3285,31.1558512387195,1
Scenario C (Gesture Active),26,3.1348,0.4582,0.1869,0.7153,20.0803,0.0062,0.048,0.0105,0.0023,0.0,0.2634,1.5726,26.5029,31.113423450541926,1
Scenario C (Gesture Active),27,3.2193,0.4693,0.1827,0.7584,19.725,0.0071,0.0713,0.0164,0.0024,0.0,0.5284,11.1525,36.1608,31.154511439420506,1
Scenario C (Gesture Active),28,3.2646,0.3423,0.2107,0.7303,23.2166,0.0054,0.0452,0.0103,0.0021,0.0,0.2637,3.3343,31.4513,30.79424347119784,1
Scenario C (Gesture Active),29,3.1127,0.3882,0.1785,0.7678,28.7522,0.0082,0.0616,0.0109,0.0018,0.0,0.2661,1.4143,34.9893,30.64182051960356,1
Scenario C (Gesture Active),30,2.862,0.3358,0.1731,0.809,21.6329,0.0068,0.0497,0.0107,0.002,0.0,0.2748,1.3017,27.4819,16.63967767894093,1
Scenario C (Gesture Active),31,2.9709,0.3754,0.1713,0.741,23.4299,0.0063,0.0477,0.0099,0.0022,0.0,0.2797,14.4032,42.4648,16.650465644789485,1
Scenario C (Gesture Active),32,2.9559,0.3621,0.1973,0.6982,20.1001,0.0064,0.048,0.0107,0.0023,0.0,0.2702,6.917,31.594,16.45823122463116,1
Scenario C (Gesture Active),33,3.0757,0.2353,0.1705,0.6856,22.3082,0.0114,0.0545,0.0121,0.0043,0.0129,0.4583,2.1526,29.2037,16.49142481576122,1
Scenario C (Gesture Active),34,3.1296,0.3133,0.1745,0.7087,28.011,0.0057,0.0454,0.0097,0.0019,0.0,0.2888,1.3767,34.089,16.585373853550397,1
Scenario C (Gesture Active),35,3.1647,0.4278,0.1851,0.8789,24.5989,0.0054,0.0479,0.0099,0.0021,0.0,0.2753,1.6489,31.2716,16.727663378652416,1
Scenario C (Gesture Active),36,2.9708,0.3577,0.2425,0.7596,28.0369,0.0215,0.1353,0.0205,0.0021,0.0,0.9993,12.5036,46.0819,16.971447969370722,1
Scenario C (Gesture Active),37,2.9667,0.3931,0.2051,0.7685,25.5142,0.0089,0.1252,0.0929,0.0225,0.0,0.8858,15.1543,46.219,16.701262175680203,1
Scenario C (Gesture Active),38,3.0048,0.3343,0.1656,0.8355,27.2448,0.0064,0.056,0.012,0.0021,0.0,0.3677,1.4757,33.531,16.51521857256483,1
Scenario C (Gesture Active),39,2.8698,0.3426,0.1764,0.7124,20.726,0.0055,0.0458,0.0097,0.0017,0.0,0.2906,1.6564,26.8615,16.525852563814105,1
Scenario C (Gesture Active),40,3.1277,0.3371,0.199,0.7568,27.6828,0.0085,0.0691,0.0139,0.0026,0.0,0.4899,1.5298,34.2436,16.526997261461474,1
Scenario C (Gesture Active),41,3.072,0.3381,0.185,0.7653,18.9261,0.0054,0.0461,0.0091,0.0019,0.0,0.2695,1.4288,25.0681,16.48846650333745,1
Scenario C (Gesture Active),42,3.0399,0.3475,0.2024,0.6798,22.6224,0.0055,0.0447,0.0095,0.0018,0.0,0.2898,1.5842,28.8497,16.583924252964863,1
Scenario C (Gesture Active),43,3.506,0.3767,0.236,0.7122,23.1962,0.0056,0.0457,0.0095,0.0021,0.0,0.588,1.8483,30.5523,16.591976191700617,1
Scenario C (Gesture Active),44,3.1695,0.3175,0.2396,0.6848,25.6389,0.0151,0.0807,0.0138,0.0022,0.0,0.5177,7.0477,37.7549,16.612680514775242,1
Scenario C (Gesture Active),45,3.0138,0.2752,0.2013,0.6485,18.3547,0.0058,0.0477,0.0119,0.0031,0.0,0.3403,1.5846,24.5101,16.52377263596508,1
Scenario C (Gesture Active),46,3.0434,0.2541,0.188,0.6397,18.6497,0.0055,0.0473,0.01,0.0021,0.0,0.2758,1.6331,24.7702,16.552650546003047,1
Scenario C (Gesture Active),47,3.2976,0.3659,0.2226,0.7405,22.6327,0.0073,0.0792,0.015,0.0021,0.0,0.5754,2.0784,30.0429,16.716505172477806,1
Scenario C (Gesture Active),48,3.2058,0.2643,0.1997,0.7043,19.5266,0.0134,0.0774,0.0117,0.002,0.0,0.2806,1.503,25.8247,16.73761656107088,1
Scenario C (Gesture Active),49,3.1868,0.2652,0.2175,0.6425,18.9432,0.0062,0.0493,0.0232,0.0022,0.0,0.3367,1.3798,25.073,31.10356291588721,1
Scenario C (Gesture Active),50,3.2213,0.4276,0.2304,0.7037,24.6218,0.0051,0.045,0.0092,0.0017,0.0,0.2771,1.5272,31.0978,31.22203429606636,1
Scenario C (Gesture Active),51,3.1157,0.3737,0.2321,0.6858,22.1435,0.0057,0.0462,0.0097,0.0021,0.0,0.6083,1.4493,28.6948,31.82669157152619,1
Scenario C (Gesture Active),52,2.7257,0.3554,0.1745,0.7538,24.3244,0.0054,0.0462,0.0095,0.0017,0.0,0.2738,13.6844,42.3774,32.00532058021955,1
Scenario C (Gesture Active),53,3.2871,0.3108,0.2247,0.7274,20.836,0.0059,0.0716,0.0242,0.0024,0.0,0.3028,5.7074,31.5229,31.286447761944057,1
Scenario C (Gesture Active),54,3.287,0.3618,0.2135,0.7746,23.5157,0.0072,0.0695,0.0146,0.0023,0.0,0.5943,1.9663,30.8333,31.44234075099318,1
Scenario C (Gesture Active),55,2.9295,0.3169,0.2159,0.6897,20.4476,0.0071,0.0662,0.0124,0.0021,0.0,0.4442,6.9856,32.1445,31.452466944860937,1
Scenario C (Gesture Active),56,2.8672,0.3534,0.203,0.6832,28.1187,0.005,0.0518,0.0104,0.0016,0.0,0.2777,1.3803,33.975,32.194860006585074,1
Scenario C (Gesture Active),57,2.836,0.2843,0.2363,0.6682,17.8917,0.0068,0.0824,0.0137,0.0022,0.0,0.484,6.4556,28.9872,32.88329434658443,1
Scenario C (Gesture Active),58,3.0641,0.4226,0.1992,0.7247,24.7426,0.0055,0.0448,0.0103,0.0017,0.0,0.2807,17.4245,46.9447,33.12661742747972,1
Scenario C (Gesture Active),59,3.2162,0.3183,0.2184,0.7139,18.6931,0.0051,0.0438,0.0098,0.0018,0.0,0.2835,8.1989,31.7261,32.007891542698594,1
Scenario C (Gesture Active),60,2.8078,0.2578,0.1516,0.5546,17.5762,0.0064,0.0584,0.0106,0.0019,0.0,0.2907,17.6237,39.3594,17.389255560499144,1
Scenario C (Gesture Active),61,2.9887,0.3727,0.1773,0.6048,31.1749,0.0065,0.0653,0.0132,0.003,0.0,0.4047,2.0596,37.8941,17.158359147092025,1
Scenario C (Gesture Active),62,3.1966,0.2364,0.173,0.528,27.005,0.0058,0.0585,0.0109,0.0024,0.0,0.2574,9.5574,41.0499,17.02632729858308,1
Scenario C (Gesture Active),63,3.4029,0.4544,0.1886,0.714,21.4598,0.0058,0.0484,0.0102,0.0042,0.0136,0.2806,1.6016,28.2154,16.859048044571715,1
Scenario C (Gesture Active),64,2.7747,0.4161,0.1566,0.6992,21.25,0.0066,0.047,0.0101,0.0017,0.0,0.2681,1.7057,27.358,17.011425728071302,1
Scenario C (Gesture Active),65,3.0885,0.2708,0.1782,0.6524,22.8546,0.0075,0.1258,0.0298,0.0099,0.0,0.5573,11.6588,39.4714,16.963677168131646,1
Scenario C (Gesture Active),66,2.7015,0.2962,0.1639,0.6677,25.0397,0.0063,0.0485,0.01,0.0021,0.0,0.6308,17.9472,47.5364,16.75251749893788,1
Scenario C (Gesture Active),67,3.4757,0.2827,0.1798,0.6938,29.9164,0.0058,0.0442,0.0096,0.0018,0.0,0.269,1.5491,36.4497,16.48452714725367,1
Scenario C (Gesture Active),68,2.9593,0.3377,0.2288,0.7349,19.1778,0.0056,0.0445,0.0093,0.0018,0.0,0.2712,1.4842,25.2772,16.341221879483662,1
Scenario C (Gesture Active),69,3.0034,0.4279,0.2005,0.7848,23.7336,0.0054,0.0472,0.0099,0.0019,0.0,0.2765,2.5361,31.0487,16.339694032771746,1
Scenario C (Gesture Active),70,3.0198,0.3269,0.2373,0.7172,23.9891,0.0051,0.0449,0.0093,0.0016,0.0,0.264,2.5916,31.2302,16.338139674962527,1
Scenario C (Gesture Active),71,2.7587,0.4305,0.2242,0.8018,32.2449,0.0077,0.071,0.0297,0.0025,0.0,0.4933,1.6328,38.7337,16.30139042504381,1
Scenario C (Gesture Active),72,2.9314,0.3061,0.2182,0.7212,20.8664,0.0056,0.0589,0.0154,0.0022,0.0,0.2882,1.5579,26.9957,16.357677725420054,1
Scenario C (Gesture Active),73,2.9191,0.3538,0.1893,0.6763,26.3877,0.012,0.0745,0.0258,0.002,0.0,0.2956,12.0111,42.9748,16.42085238994421,1
Scenario C (Gesture Active),74,2.9398,0.3133,0.1956,0.7512,23.2639,0.0069,0.0672,0.0122,0.0019,0.0,0.4738,1.9455,29.9966,16.246085298507264,1
Scenario C (Gesture Active),75,2.9956,0.3541,0.2014,0.7431,23.2501,0.0071,0.0594,0.0123,0.0023,0.0,0.3529,1.5647,29.5674,16.274215959281264,1
Scenario C (Gesture Active),76,2.9465,0.3559,0.2278,0.7661,25.4445,0.0053,0.0473,0.011,0.0019,0.0,0.2774,2.8808,32.9884,16.33611342409524,1
Scenario C (Gesture Active),77,2.8107,0.42,0.2058,0.757,22.7093,0.0049,0.0456,0.0105,0.0021,0.0,0.2804,3.9954,31.2791,16.284525121216777,1
Scenario C (Gesture Active),78,2.6836,0.2367,0.1804,0.6284,30.9863,0.0057,0.0453,0.0103,0.0018,0.0,0.3772,1.3935,36.5681,16.510383865639255,1
Scenario C (Gesture Active),79,2.7027,0.3269,0.218,0.7987,31.3352,0.0057,0.0444,0.0093,0.0018,0.0,0.2697,6.3356,42.0704,29.04533617523471,1
Scenario C (Gesture Active),80,2.9596,0.3179,0.1753,0.6933,24.7555,0.0052,0.0455,0.0095,0.002,0.0,0.2684,16.3865,45.6412,28.922308187563647,1
Scenario C (Gesture Active),81,3.2509,0.3112,0.2185,0.7633,23.8171,0.005,0.0437,0.0096,0.0019,0.0,0.2732,1.4162,30.1323,28.582323254603683,1
Scenario C (Gesture Active),82,2.8725,0.3183,0.2195,0.8311,19.9228,0.0074,0.0683,0.0149,0.0029,0.0,0.6494,1.865,26.7988,29.082360840957445,1
Scenario C (Gesture Active),83,2.7922,0.3296,0.1406,0.7744,31.5007,0.0055,0.0539,0.0112,0.0018,0.0,0.3101,1.4113,37.3529,29.121555024955033,1
Scenario C (Gesture Active),84,3.0448,0.3648,0.1331,0.6608,25.8043,0.0052,0.0458,0.0099,0.002,0.0,0.2881,15.288,45.6785,28.687498267593064,1
Scenario C (Gesture Active),85,3.0962,0.3016,0.1964,0.7139,33.176,0.0061,0.049,0.0098,0.002,0.0,0.2869,1.4802,39.3392,28.401047062576065,1
Scenario C (Gesture Active),86,3.138,0.2855,0.1881,0.6608,23.2471,0.0081,0.1022,0.0155,0.0025,0.0,0.5889,1.6609,29.9263,28.783799080629322,1
Scenario C (Gesture Active),87,3.0116,0.3185,0.228,0.7276,17.6627,0.0052,0.0451,0.0098,0.0018,0.0,0.2729,1.4142,23.7175,29.053595744393846,1
Scenario C (Gesture Active),88,2.7925,0.2568,0.1559,0.6267,18.8196,0.0057,0.0539,0.01,0.0019,0.0,0.2732,9.4194,32.4359,29.135278786121695,1
Scenario C (Gesture Active),89,3.0207,0.3032,0.212,0.708,25.3803,0.0047,0.0432,0.0106,0.0017,0.0,0.2671,1.5078,31.4809,29.064605213057884,1
Scenario C (Gesture Active),90,3.1231,0.2824,0.1687,0.6945,18.6682,0.0053,0.0466,0.0097,0.002,0.0,0.259,14.451,37.7295,16.3776900100578,1
Scenario C (Gesture Active),91,2.9564,0.2591,0.2326,0.7531,21.0139,0.0051,0.044,0.0097,0.0025,0.0,0.2533,1.3939,26.9458,16.39707315989187,1
Scenario C (Gesture Active),92,2.8046,0.3234,0.2258,0.7365,21.9905,0.0067,0.0645,0.0131,0.0029,0.0,0.4053,1.9042,28.5014,16.40017764233716,1
Scenario C (Gesture Active),93,3.2068,0.4188,0.1441,0.7705,25.9872,0.0058,0.0485,0.01,0.0051,0.0116,0.2855,1.5684,32.4834,16.602103997395055,1
Scenario C (Gesture Active),94,2.7626,0.3963,0.1566,0.7887,22.0735,0.0082,0.0891,0.017,0.0024,0.0,0.5042,2.0157,28.8543,16.57364626441999,1
Scenario C (Gesture Active),95,5.4591,0.3449,0.1907,0.7062,27.1523,0.0075,0.0657,0.0129,0.0021,0.0,0.303,5.3689,39.6388,16.54443750581295,1
Scenario C (Gesture Active),96,2.9874,0.3376,0.2232,0.6585,19.5539,0.0053,0.044,0.0098,0.0016,0.0,0.2704,7.1972,31.3232,16.48274738048258,1
Scenario C (Gesture Active),97,3.1752,0.3534,0.2133,0.7194,33.4079,0.0075,0.0731,0.0129,0.0025,0.0,0.2866,9.4941,47.7772,16.476626826468536,1
Scenario C (Gesture Active),98,2.864,0.3408,0.2106,0.605,24.4327,0.0053,0.0458,0.0098,0.0019,0.0,0.2764,16.4079,45.2234,16.321950414245514,1
Scenario C (Gesture Active),99,3.0362,0.3258,0.2082,0.7501,20.8556,0.0063,0.047,0.0109,0.0019,0.0,0.2889,1.5835,27.1356,16.280024065053272,1
Scenario C (Gesture Active),100,3.3661,0.2736,0.1498,0.6369,26.8434,0.0082,0.07,0.0251,0.0025,0.0,0.2955,2.9598,34.6571,16.542030122056246,1
Scenario C (Gesture Active),101,2.9198,0.3517,0.2336,0.6863,24.6105,0.0055,0.044,0.0091,0.002,0.0,0.2633,1.4536,30.6014,16.477972549455043,1
Scenario C (Gesture Active),102,3.0665,0.3073,0.2272,0.8211,17.8613,0.0067,0.064,0.0116,0.002,0.0,0.4687,1.9026,24.7602,16.420101267053838,1
Scenario C (Gesture Active),103,3.3732,0.3422,0.2288,0.7484,17.4516,0.0049,0.0446,0.0096,0.0019,0.0,0.2638,14.5065,37.0003,16.599648684357707,1
Scenario C (Gesture Active),104,2.873,0.2291,0.182,0.589,17.1261,0.0055,0.048,0.0101,0.0028,0.0,0.2893,9.0035,30.3784,16.73513154813842,1
Scenario C (Gesture Active),105,2.7349,0.3615,0.1934,0.7335,28.9235,0.0054,0.0442,0.0109,0.002,0.0,0.2844,14.0601,47.377,16.870854570504587,1
Scenario C (Gesture Active),106,2.8742,0.3008,0.1717,0.6612,17.8107,0.0047,0.0719,0.0101,0.0019,0.0,0.2881,1.846,24.0612,16.61095260408242,1
Scenario C (Gesture Active),107,2.7269,0.2457,0.1514,0.6633,18.3911,0.0052,0.0445,0.0095,0.0018,0.0,0.2654,1.5252,24.0494,16.603183181594023,1
Scenario C (Gesture Active),108,2.6707,0.3215,0.3459,0.811,18.4533,0.0053,0.0465,0.0095,0.0019,0.0,0.2731,6.4843,29.4472,16.730082953666113,1
Scenario C (Gesture Active),109,3.0589,0.3553,0.1656,0.6123,17.8057,0.0045,0.0447,0.0094,0.0018,0.0,0.2822,8.1681,30.5318,30.246898613850714,1
Scenario C (Gesture Active),110,3.0692,0.3135,0.1948,0.7412,18.4707,0.0061,0.0477,0.0096,0.002,0.0,0.2867,7.7633,30.9276,30.58911659724869,1
Scenario C (Gesture Active),111,2.7032,0.3568,0.1915,0.6204,18.844,0.0074,0.0772,0.0229,0.0021,0.0,0.5953,8.1393,31.5853,30.40394338254931,1
Scenario C (Gesture Active),112,2.9432,0.3522,0.2326,0.7975,23.0814,0.0071,0.0663,0.0127,0.0022,0.0,0.4401,1.9726,29.9377,30.26311730123871,1
Scenario C (Gesture Active),113,3.0382,0.421,0.2593,0.6426,17.1926,0.0053,0.0461,0.0099,0.0017,0.0,0.2752,1.61,23.5418,30.360391030378764,1
Scenario C (Gesture Active),114,3.5029,0.3279,0.2219,0.7281,26.6614,0.0056,0.046,0.01,0.002,0.0,0.2706,8.1374,39.9388,30.729243570003774,1
Scenario C (Gesture Active),115,2.9942,0.384,0.1595,0.7426,26.2779,0.0057,0.0451,0.0096,0.002,0.0,0.2608,16.3028,47.2093,30.61665149122706,1
Scenario C (Gesture Active),116,2.9675,0.3545,0.1756,0.6245,18.9135,0.0058,0.0567,0.0234,0.0022,0.0,0.3105,1.5893,25.0559,29.866279701651173,1
Scenario C (Gesture Active),117,2.8012,0.2808,0.1652,0.6327,18.7498,0.0064,0.0578,0.0106,0.0016,0.0,0.3613,15.55,38.6408,30.96454446337997,1
Scenario C (Gesture Active),118,3.1042,0.3151,0.2101,0.6767,22.3907,0.0057,0.0471,0.0119,0.0021,0.0,0.292,4.2101,31.289,31.29356114674268,1
Scenario C (Gesture Active),119,3.1351,0.2362,0.1268,0.5259,18.7704,0.0068,0.0671,0.0131,0.0021,0.0,0.476,1.9192,25.3018,31.091573548133123,1
Scenario C (Gesture Active),120,3.1628,0.2745,0.1689,0.5751,23.5472,0.0218,0.0518,0.0106,0.0025,0.0,0.2648,10.5689,38.675,17.358449994009955,1
Scenario C (Gesture Active),121,2.8976,0.2626,0.1988,0.6414,22.6144,0.0072,0.0666,0.0132,0.0029,0.0,0.4395,2.0584,29.2272,17.237914693583374,1
Scenario C (Gesture Active),122,2.9272,0.3158,0.1988,0.7323,26.5982,0.0068,0.0675,0.0136,0.0036,0.0,0.4159,1.9394,33.2464,17.172864332869885,1
Scenario C (Gesture Active),123,3.1313,0.3327,0.1831,0.7588,20.0005,0.0056,0.0604,0.0099,0.01,0.0115,0.3303,1.6215,26.4806,17.220381614513634,1
Scenario C (Gesture Active),124,3.2046,0.4333,0.1857,0.8125,20.6077,0.0059,0.0474,0.0298,0.0034,0.0,0.7263,1.5926,27.6875,17.278956893768548,1
Scenario C (Gesture Active),125,2.7903,0.2357,0.1523,0.6532,18.8854,0.0057,0.0461,0.0091,0.0018,0.0,0.2794,1.6253,24.7056,17.601620311317994,1
Scenario C (Gesture Active),126,3.0494,0.4144,0.1536,0.724,21.6355,0.006,0.0465,0.0099,0.0018,0.0,0.2681,1.5731,27.9051,17.585508927938974,1
Scenario C (Gesture Active),127,3.2995,0.2715,0.1597,0.6286,32.7006,0.0054,0.0587,0.0104,0.0019,0.0,0.2875,1.3535,38.7968,17.517894716479777,1
Scenario C (Gesture Active),128,2.7747,0.3261,0.2154,0.7917,30.7784,0.0063,0.0458,0.0098,0.0019,0.0,0.2889,7.8846,43.1491,17.3820528905171,1
Scenario C (Gesture Active),129,3.0962,0.3195,0.1583,0.6632,30.8239,0.0063,0.049,0.0105,0.002,0.0,0.5911,10.0982,45.8421,17.18025020216364,1
Scenario C (Gesture Active),130,2.6882,0.2609,0.2638,0.6642,23.3882,0.0071,0.073,0.0134,0.0023,0.0,0.4997,3.4593,31.3444,16.950518097023973,1
Scenario C (Gesture Active),131,2.9561,0.3147,0.2068,0.7199,25.4258,0.0072,0.0726,0.0134,0.0021,0.0,0.4411,15.0892,45.2735,16.95396194559663,1
Scenario C (Gesture Active),132,2.8304,0.2771,0.1533,0.5435,27.0371,0.0074,0.0618,0.0126,0.0025,0.0,0.3154,1.4127,32.6772,16.727680934730962,1
Scenario C (Gesture Active),133,2.8798,0.2975,0.2186,0.6712,24.2203,0.0131,0.0876,0.0128,0.0022,0.0,0.2771,14.9452,43.6474,16.60106299430756,1
Scenario C (Gesture Active),134,2.9638,0.3202,0.2141,0.811,32.5754,0.0055,0.0453,0.0102,0.0018,0.0,0.4733,8.2316,45.6765,16.53849072047191,1
Scenario C (Gesture Active),135,2.6907,0.3344,0.1802,0.6674,33.2375,0.0063,0.0539,0.0129,0.0026,0.0,0.3243,1.4034,38.9364,16.564148739373532,1
Scenario C (Gesture Active),136,2.8979,0.2523,0.1731,0.5974,24.4749,0.0056,0.0469,0.011,0.0021,0.0,0.3013,10.9734,39.7599,16.36154996207917,1
Scenario C (Gesture Active),137,2.8021,0.4251,0.2046,0.7709,19.3702,0.0076,0.0799,0.0235,0.0024,0.0,0.7777,6.25,30.7405,16.3504654105806,1
Scenario C (Gesture Active),138,3.1982,0.2494,0.2008,0.6592,24.9194,0.005,0.0444,0.009,0.0018,0.0,0.266,16.4848,46.0593,16.35471013979692,1
Scenario C (Gesture Active),139,3.0187,0.3949,0.2156,0.7554,25.9945,0.0076,0.0649,0.0132,0.0021,0.0,0.5045,15.8396,46.8416,27.53870364674944,1
Scenario C (Gesture Active),140,2.7457,0.3123,0.2283,0.7756,27.5675,0.007,0.051,0.01,0.0017,0.0,0.272,1.3745,33.3687,27.2168205697065,1
Scenario C (Gesture Active),141,2.9052,0.3667,0.1982,0.6759,29.2995,0.0154,0.0979,0.0153,0.0024,0.0,0.4697,1.9556,36.0261,27.050344630478598,1
Scenario C (Gesture Active),142,3.2732,0.3679,0.2446,0.7063,23.918,0.0072,0.0655,0.0124,0.0022,0.0,0.4562,1.9761,31.0574,26.9364018987898,1
Scenario C (Gesture Active),143,2.9679,0.2487,0.1985,0.5432,18.6163,0.0061,0.0459,0.0098,0.0024,0.0,0.2743,1.4874,24.4215,26.779437318392652,1
Scenario C (Gesture Active),144,2.7533,0.3645,0.2212,0.7528,29.4076,0.0065,0.0658,0.0131,0.0023,0.0,0.4663,1.9144,35.9922,26.894821284537425,1
Scenario C (Gesture Active),145,3.0161,0.3193,0.2826,0.7705,17.2808,0.0106,0.0672,0.0128,0.0023,0.0,0.4486,1.6043,23.8398,26.472498148893106,1
Scenario C (Gesture Active),146,2.6587,0.3153,0.2261,0.7122,21.631,0.0053,0.0451,0.0093,0.0017,0.0,0.264,1.4256,27.3149,26.643901444168247,1
Scenario C (Gesture Active),147,2.9604,0.2566,0.2088,0.6529,22.5765,0.0067,0.0633,0.0124,0.002,0.0,0.4887,9.6569,36.9083,27.054633253066367,1
Scenario C (Gesture Active),148,2.7004,0.3151,0.2149,0.7926,21.0237,0.0075,0.093,0.0113,0.0017,0.0,0.264,4.5122,29.9567,27.31170151295709,1
Scenario C (Gesture Active),149,2.9661,0.2518,0.2194,0.5578,19.2025,0.0056,0.046,0.0097,0.0018,0.0,0.2725,1.4017,24.9545,27.930039421518654,1
Scenario C (Gesture Active),150,3.2371,0.2381,0.1664,0.6927,17.3717,0.0067,0.0506,0.0105,0.0033,0.0,0.2552,1.4593,23.5135,16.055014143771473,1
Scenario C (Gesture Active),151,3.3381,0.2648,0.2225,0.6828,19.1176,0.0058,0.0453,0.0098,0.0024,0.0,0.2454,7.797,31.7557,16.353787185105805,1
Scenario C (Gesture Active),152,3.5152,0.3395,0.2173,0.6971,24.6707,0.0054,0.0472,0.0089,0.0018,0.0,0.2531,1.5122,31.2905,16.36363964902223,1
Scenario C (Gesture Active),153,2.9512,0.3008,0.1901,0.8335,26.1727,0.0053,0.0438,0.0098,0.0042,0.0116,0.2627,1.591,32.4002,16.548776686617927,1
Scenario C (Gesture Active),154,3.1125,0.2543,0.1669,0.6649,20.0399,0.0081,0.1311,0.0156,0.0022,0.0,0.4127,1.5158,26.3465,16.735437301994306,1
Scenario C (Gesture Active),155,3.3696,0.2974,0.1705,0.6404,20.5725,0.0054,0.0438,0.009,0.0018,0.0,0.2814,9.691,35.1071,16.922500116792165,1
Scenario C (Gesture Active),156,3.175,0.3371,0.232,0.7175,19.4643,0.0072,0.0688,0.0137,0.0025,0.0,0.4702,6.7271,31.2416,16.995303310032934,1
Scenario C (Gesture Active),157,3.0392,0.4775,0.2135,0.7866,25.3798,0.0073,0.0672,0.0137,0.0022,0.0,0.4856,1.9559,32.4604,16.994661803317562,1
Scenario C (Gesture Active),158,3.1188,0.3313,0.1796,0.7027,34.4042,0.0067,0.0485,0.0097,0.002,0.0,0.2752,1.7925,40.8958,17.19966141012066,1
Scenario C (Gesture Active),159,3.1421,0.3483,0.2139,0.7861,20.6781,0.0061,0.0468,0.0103,0.0021,0.0,0.2708,1.7418,27.2852,17.287851828905062,1
Scenario C (Gesture Active),160,3.4062,0.3616,0.2076,0.7213,24.5917,0.0083,0.5156,0.0114,0.0019,0.0,0.3005,1.4866,31.6359,17.382905975821526,1
Scenario C (Gesture Active),161,2.6773,0.4119,0.147,0.8955,20.7719,0.008,0.0694,0.0134,0.0021,0.0,0.4624,2.0192,27.5166,17.47068830654072,1
Scenario C (Gesture Active),162,3.1971,0.2742,0.1939,0.7815,25.4938,0.0075,0.067,0.0142,0.0023,0.0,0.5667,2.0453,32.669,17.51330962089771,1
Scenario C (Gesture Active),163,3.2938,0.359,0.2099,0.7789,21.7917,0.006,0.0462,0.01,0.0016,0.0,0.2742,1.6675,28.4659,17.377205164855173,1
Scenario C (Gesture Active),164,2.911,0.3348,0.253,0.823,19.0262,0.0058,0.0454,0.0095,0.002,0.0,0.3015,1.6927,25.4301,17.50827301839503,1
Scenario C (Gesture Active),165,2.827,0.3019,0.187,0.6446,22.1256,0.0061,0.048,0.0104,0.0019,0.0,0.2744,1.5271,27.9758,17.479145359246665,1
Scenario C (Gesture Active),166,2.6716,0.2606,0.1633,0.5806,24.9513,0.0072,0.0748,0.0145,0.0024,0.0,0.4991,1.9925,31.2479,17.473381259629715,1
Scenario C (Gesture Active),167,2.8963,0.3675,0.2423,0.8052,23.1706,0.0071,0.0616,0.0143,0.0024,0.0,0.2861,1.5849,29.4636,17.55827072183397,1
Scenario C (Gesture Active),168,3.3864,0.2474,0.2171,0.6549,18.7866,0.0069,0.048,0.0096,0.0018,0.0,0.2707,1.735,25.3869,17.562925840220387,1
Scenario C (Gesture Active),169,3.1063,0.3146,0.1946,0.6962,23.7673,0.0054,0.0441,0.0097,0.0018,0.0,0.3323,1.6769,30.1752,33.19984369050386,1
Scenario C (Gesture Active),170,2.9945,0.353,0.225,0.7697,23.014,0.0059,0.045,0.0095,0.0017,0.0,0.273,1.7568,29.4727,32.82929845571027,1
Scenario C (Gesture Active),171,2.8921,0.3439,0.2002,0.7387,28.5306,0.0054,0.0455,0.0097,0.0019,0.0,0.2709,1.5232,34.5877,32.978290844745196,1
Scenario C (Gesture Active),172,3.1636,0.2558,0.1985,0.6386,18.3191,0.0057,0.045,0.0092,0.0018,0.0,0.2873,4.1558,27.1012,32.74344241818636,1
Scenario C (Gesture Active),173,3.19,0.342,0.2293,0.7758,24.9476,0.0056,0.0448,0.0098,0.0017,0.0,0.2612,16.8318,46.6629,33.05744292335938,1
Scenario C (Gesture Active),174,2.9978,0.2466,0.2358,0.6174,21.363,0.0053,0.0449,0.0095,0.0017,0.0,0.2701,5.5822,31.3969,31.94911988530806,1
Scenario C (Gesture Active),175,3.0163,0.355,0.2285,0.766,18.0141,0.0053,0.0464,0.0096,0.0019,0.0,0.2743,1.6852,24.4275,32.13917173203247,1
Scenario C (Gesture Active),176,3.1724,0.2979,0.2444,0.6624,19.0876,0.0056,0.0448,0.01,0.0021,0.0,0.2749,1.8232,25.6514,32.50163891235112,1
Scenario C (Gesture Active),177,3.3112,0.4151,0.293,0.7634,23.3273,0.0051,0.046,0.0096,0.0017,0.0,0.2746,15.859,44.335,32.87674198706577,1
Scenario C (Gesture Active),178,2.7279,0.3267,0.1922,0.7151,28.3892,0.0061,0.0471,0.0103,0.002,0.0,0.2859,1.4218,34.1487,32.71872011850572,1
Scenario C (Gesture Active),179,3.0073,0.3063,0.1908,0.7102,33.6083,0.0057,0.0606,0.011,0.0021,0.0,0.2798,6.1732,44.3773,32.336352245356395,1
Scenario C (Gesture Active),180,3.1736,0.4169,0.1499,0.7103,17.3575,0.0067,0.0706,0.01,0.0026,0.0,0.2534,17.4594,39.6315,17.373280450906044,1
Scenario C (Gesture Active),181,3.0541,0.2493,0.1752,0.5823,19.4042,0.0052,0.045,0.0106,0.0022,0.0,0.2579,7.7559,31.5611,17.192729896129663,1
Scenario C (Gesture Active),182,3.0019,0.3215,0.197,0.7197,20.9006,0.0074,0.0665,0.0132,0.0032,0.0,0.4021,1.9621,27.6189,17.211377527439538,1
Scenario C (Gesture Active),183,3.0016,0.4219,0.227,0.5777,27.387,0.0057,0.0551,0.0112,0.0048,0.0252,0.3005,1.5636,33.6029,17.218696118501054,1
Scenario C (Gesture Active),184,3.1754,0.2891,0.2253,0.7216,20.1419,0.0056,0.0471,0.0091,0.0021,0.0,0.2821,7.0097,31.9334,17.08709679563503,1
Scenario C (Gesture Active),185,3.2104,0.3189,0.2206,0.747,24.2762,0.0059,0.0468,0.0103,0.0017,0.0,0.2747,2.7432,31.8773,17.025086928767546,1
Scenario C (Gesture Active),186,3.1009,0.3403,0.2045,0.7661,23.8933,0.006,0.0475,0.01,0.002,0.0,0.5604,17.6543,46.6092,17.021395988217503,1
Scenario C (Gesture Active),187,3.0861,0.2844,0.1814,0.6036,17.3292,0.0055,0.0459,0.0099,0.0019,0.0,0.2797,1.3431,23.1896,16.76937852203812,1
Scenario C (Gesture Active),188,3.3501,0.3189,0.1907,0.7668,21.5325,0.0068,0.0562,0.0137,0.0022,0.0,0.3599,12.7407,39.3628,16.795804535672428,1
Scenario C (Gesture Active),189,2.9095,0.4477,0.183,0.6486,30.4607,0.0054,0.0445,0.0089,0.0017,0.0,0.2653,11.828,46.8314,16.66373770033835,1
Scenario C (Gesture Active),190,2.8648,0.3736,0.1832,0.7145,20.0754,0.0061,0.0902,0.0107,0.0021,0.0,0.3231,1.5276,26.1919,16.413550464930385,1
Scenario C (Gesture Active),191,2.6327,0.2426,0.1442,0.6337,34.5989,0.005,0.0441,0.0103,0.0018,0.0,0.268,1.4123,40.0126,16.540835275923172,1
Scenario C (Gesture Active),192,3.0789,0.3409,0.2229,0.7166,17.4255,0.0054,0.0443,0.0097,0.002,0.0,0.2662,4.579,26.7166,16.351676527587838,1
Scenario C (Gesture Active),193,3.0322,0.3711,0.2246,0.631,19.3683,0.0061,0.0475,0.0102,0.0024,0.0,0.2741,7.6691,31.6605,16.635502531696304,1
Scenario C (Gesture Active),194,2.7451,0.2941,0.2253,0.6747,20.4233,0.0058,0.0458,0.0106,0.0021,0.0,0.3424,6.5194,31.3117,16.634856647845282,1
Scenario C (Gesture Active),195,3.4281,0.3455,0.2317,0.7697,26.4396,0.0055,0.0443,0.0096,0.0017,0.0,0.2946,1.3724,32.9649,16.527298884841784,1
Scenario C (Gesture Active),196,2.9922,0.3464,0.3283,0.7884,21.3025,0.0058,0.0446,0.0091,0.0018,0.0,0.271,4.1275,30.2419,16.431910640770436,1
Scenario C (Gesture Active),197,3.0283,0.2224,0.2071,0.6326,32.8858,0.0065,0.0701,0.0135,0.0022,0.0,0.4993,1.4906,39.0803,16.62499752268232,1
Scenario C (Gesture Active),198,2.723,0.2804,0.2337,0.6533,18.1435,0.0111,0.0666,0.0128,0.0023,0.0,0.4412,1.5319,24.1249,16.56151533760818,1
Scenario C (Gesture Active),199,2.9526,0.3284,0.225,0.7361,21.5251,0.0057,0.0441,0.0093,0.0017,0.0,0.2697,1.6233,27.7446,29.94152946745918,1
Scenario C (Gesture Active),200,2.8672,0.3522,0.1885,0.5896,34.6372,0.0072,0.0682,0.0145,0.0022,0.0,0.4574,2.1342,41.3407,30.518479371859517,1
Scenario C (Gesture Active),201,2.9881,0.43,0.1905,0.6746,25.0486,0.0057,0.0502,0.0104,0.0017,0.0,0.2981,9.2378,38.9586,30.033947516196264,1
Scenario C (Gesture Active),202,3.0315,0.4396,0.1651,0.7602,29.8101,0.0066,0.0694,0.0125,0.0019,0.0,0.4405,1.9965,36.7591,29.504763456227,1
Scenario C (Gesture Active),203,3.1136,0.3117,0.2297,0.6993,26.4342,0.0064,0.046,0.0096,0.0017,0.0,0.2717,9.3918,40.538,29.36252645479252,1
Scenario C (Gesture Active),204,2.9395,0.3015,0.2161,0.7467,20.6553,0.0079,0.0732,0.0137,0.0023,0.0,0.5376,5.6482,31.1664,28.986838544470473,1
Scenario C (Gesture Active),205,3.01,0.2354,0.175,0.9035,31.2808,0.005,0.0421,0.0097,0.0016,0.0,0.2674,10.5112,46.4624,29.007793236446282,1
Scenario C (Gesture Active),206,2.9684,0.2493,0.2052,0.6237,21.9095,0.0063,0.0638,0.0128,0.002,0.0,0.4504,2.0865,28.5997,29.02052221209454,1
Scenario C (Gesture Active),207,2.8942,0.2887,0.2386,0.6996,18.0573,0.0056,0.044,0.0096,0.002,0.0,0.269,1.5002,24.0311,28.792035380645057,1
Scenario C (Gesture Active),208,2.8416,0.3991,0.2546,0.637,21.1628,0.0063,0.05,0.0126,0.0024,0.0,0.3576,14.652,40.4018,29.46393253579017,1
Scenario C (Gesture Active),209,2.6999,0.367,0.2083,0.6233,24.9845,0.0069,0.0686,0.013,0.002,0.0,0.4385,1.8411,31.2796,29.76311271374604,1
Scenario C (Gesture Active),210,2.6805,0.2353,0.1991,0.7141,25.5276,0.0073,0.0627,0.0114,0.0024,0.0,0.3324,1.6387,31.4337,16.331654093889036,1
Scenario C (Gesture Active),211,2.9139,0.4424,0.236,0.7465,23.6472,0.0057,0.0452,0.0101,0.0021,0.0,0.2541,1.5341,29.8672,16.455193068035307,1
Scenario C (Gesture Active),212,2.9355,0.3595,0.2227,0.7891,31.2792,0.0057,0.0432,0.0094,0.0019,0.0,0.2391,3.7455,39.6545,16.409244732387428,1
Scenario C (Gesture Active),213,3.0397,0.3379,0.213,0.6545,20.4095,0.1396,0.0538,0.0114,0.0052,0.0128,0.3546,1.6126,26.8676,16.292372154546133,1
Scenario C (Gesture Active),214,2.699,0.3281,0.206,0.7751,22.4788,0.0078,0.0736,0.0147,0.002,0.0,0.5129,2.0109,29.1376,16.367837433553998,1
Scenario C (Gesture Active),215,3.3853,0.3393,0.1871,0.7382,22.7929,0.0061,0.0458,0.0095,0.0017,0.0,0.2617,1.5329,29.3239,16.406606306633854,1
Scenario C (Gesture Active),216,2.6432,0.3374,0.2306,0.8035,22.0822,0.0073,0.0687,0.0139,0.0024,0.0,0.5254,1.9787,28.7213,16.43083327972659,1
Scenario C (Gesture Active),217,3.3085,0.3394,0.2079,0.7275,26.5436,0.0116,0.0487,0.0242,0.0077,0.0,0.2917,9.3587,40.8929,16.56596679147511,1
Scenario C (Gesture Active),218,3.4635,0.3396,0.2032,0.7994,31.4302,0.0077,0.1439,0.0111,0.0016,0.0,0.2983,9.8453,46.5688,16.32743135829564,1
Scenario C (Gesture Active),219,2.9512,0.3384,0.1833,0.7151,29.1593,0.0079,0.0706,0.0138,0.0024,0.0,0.4793,12.0123,45.9611,16.071517364273422,1
Scenario C (Gesture Active),220,2.7871,0.3417,0.2066,0.8374,24.1056,0.0078,0.069,0.0135,0.0023,0.0,0.402,1.5917,30.3918,16.014085811804023,1
Scenario C (Gesture Active),221,3.1698,0.2748,0.2046,0.61,23.525,0.0063,0.0478,0.0097,0.0018,0.0,0.5171,1.4817,29.8699,16.126199623696667,1
Scenario C (Gesture Active),222,2.9335,0.2717,0.1798,0.5982,23.679,0.0081,0.0775,0.0137,0.0023,0.0,0.5085,4.6806,32.978,16.227962667354134,1
Scenario C (Gesture Active),223,2.9313,0.364,0.2159,0.7902,28.2346,0.0128,0.0863,0.0118,0.0075,0.0,0.3008,1.4763,34.457,16.327819410842956,1
Scenario C (Gesture Active),224,2.9904,0.3397,0.2255,0.7747,29.7273,0.0054,0.0433,0.0099,0.002,0.0,0.2692,1.6035,36.0175,16.282325846436304,1
Scenario C (Gesture Active),225,3.1648,0.4001,0.2199,0.813,20.0418,0.0053,0.0454,0.0103,0.0026,0.0,0.2804,1.4216,26.4334,16.42519807081908,1
Scenario C (Gesture Active),226,2.9648,0.2416,0.2294,0.6577,22.2487,0.0056,0.0473,0.0104,0.0019,0.0,0.2773,1.7804,28.485,16.459869711953537,1
Scenario C (Gesture Active),227,2.8952,0.2604,0.2164,0.6536,18.5893,0.0055,0.0453,0.01,0.0017,0.0,0.2673,1.6796,24.6452,16.397090028902596,1
Scenario C (Gesture Active),228,3.6483,0.3146,0.2103,0.6407,19.2977,0.0056,0.0473,0.0098,0.0021,0.0,0.3002,1.6813,26.18,16.610384792071546,1
Scenario C (Gesture Active),229,2.8506,0.3321,0.2049,0.7073,20.0121,0.0068,0.0654,0.0125,0.0024,0.0,0.536,1.998,26.7545,30.727229332456275,1
Scenario C (Gesture Active),230,2.8993,0.5526,0.1778,0.6805,21.5246,0.0068,0.0725,0.0138,0.002,0.0,0.4536,5.3494,31.7552,30.971054815096934,1
Scenario C (Gesture Active),231,3.368,0.3344,0.2235,0.6395,18.8808,0.0055,0.0472,0.0113,0.0019,0.0,0.2775,7.4359,31.2494,30.854500788864907,1
Scenario C (Gesture Active),232,2.6329,0.2388,0.1471,0.615,24.9639,0.007,0.0668,0.0131,0.0021,0.0,0.4439,1.8797,31.0304,31.32058214346071,1
Scenario C (Gesture Active),233,3.3829,0.2524,0.2034,0.5739,18.0762,0.0049,0.0457,0.0109,0.0017,0.0,0.2708,8.2203,31.0638,31.054862107248923,1
Scenario C (Gesture Active),234,2.9512,0.338,0.1865,0.8114,23.6767,0.0065,0.066,0.0131,0.002,0.0,0.464,17.3626,45.9098,31.014036369948073,1
Scenario C (Gesture Active),235,3.012,0.3044,0.1907,0.7674,18.6905,0.0076,0.0674,0.0127,0.0023,0.0,0.4525,7.665,31.198,30.16195499916923,1
Scenario C (Gesture Active),236,2.7422,0.4397,0.1901,0.7462,19.0622,0.0059,0.0467,0.0097,0.0021,0.0,0.2775,1.4121,24.9651,30.082675875356536,1
Scenario C (Gesture Active),237,3.4422,0.3389,0.2014,0.7381,24.5076,0.0076,0.0677,0.0126,0.0021,0.0,0.4543,1.5016,31.3021,30.837952473695065,1
Scenario C (Gesture Active),238,3.2075,0.246,0.2267,0.7108,24.8426,0.0065,0.0671,0.0126,0.0022,0.0,0.4485,1.6521,31.4456,31.603980688252655,1
Scenario C (Gesture Active),239,3.1495,0.3607,0.2203,0.7313,20.8853,0.0054,0.046,0.0093,0.0019,0.0,0.2698,1.4457,27.1447,32.38159121762878,1
Scenario C (Gesture Active),240,3.1531,0.3191,0.1842,0.7558,21.3891,0.0054,0.0429,0.0094,0.0015,0.0,0.2653,1.4691,27.6183,17.578363808215038,1
Scenario C (Gesture Active),241,3.1577,0.2552,0.2055,0.619,27.1494,0.005,0.0424,0.0086,0.002,0.0,0.2368,1.4112,33.1123,17.611414965766905,1
Scenario C (Gesture Active),242,3.1436,0.3395,0.226,0.715,20.8319,0.007,0.0664,0.0129,0.003,0.0,0.4231,16.405,42.2147,17.61046925584222,1
Scenario C (Gesture Active),243,3.512,0.3033,0.1844,0.7201,20.7138,0.0056,0.0466,0.0103,0.0042,0.0115,0.2897,1.4327,27.2558,17.4800923535458,1
Scenario C (Gesture Active),244,2.9586,0.2622,0.1721,0.664,25.9647,0.0053,0.0451,0.0099,0.0019,0.0,0.2876,1.5371,31.9297,17.633869374198568,1
Scenario C (Gesture Active),245,2.8202,0.261,0.1684,0.6552,21.515,0.0054,0.0454,0.0109,0.0019,0.0,0.271,1.3659,27.1424,17.542655615781037,1
Scenario C (Gesture Active),246,2.5977,0.2381,0.1831,0.6333,24.0142,0.0064,0.0464,0.0101,0.002,0.0,0.2792,1.4492,29.4771,17.564977507014593,1
Scenario C (Gesture Active),247,2.8263,0.345,0.2121,0.6955,24.3904,0.0058,0.0479,0.0101,0.0019,0.0,0.2832,11.4642,40.3074,17.496230018593582,1
Scenario C (Gesture Active),248,2.6711,0.3485,0.1564,0.827,22.0834,0.0069,0.0644,0.013,0.0024,0.0,0.4393,1.9724,28.6113,17.26244329287035,1
Scenario C (Gesture Active),249,2.8379,0.4248,0.1757,0.7674,28.7259,0.0053,0.0446,0.0095,0.0016,0.0,0.2655,15.0427,48.3524,17.230918788158693,1
Scenario C (Gesture Active),250,2.8983,0.3832,0.1667,0.7535,29.8205,0.0074,0.0487,0.0105,0.0022,0.0,0.2866,1.3893,35.7889,16.981704320787454,1
Scenario C (Gesture Active),251,3.0216,0.3717,0.1798,0.6332,18.0434,0.0079,0.0781,0.0138,0.0021,0.0,0.6011,2.9248,25.9028,16.901486402655312,1
Scenario C (Gesture Active),252,3.0615,0.3064,0.3059,0.803,21.9189,0.0057,0.045,0.0098,0.002,0.0,0.2722,1.403,28.1556,16.989176543221983,1
Scenario C (Gesture Active),253,3.0856,0.4483,0.2056,0.7034,18.895,0.0069,0.0658,0.0128,0.0027,0.0,0.4558,9.9202,33.8278,17.02730953779438,1
Scenario C (Gesture Active),254,3.1106,0.2372,0.1433,0.731,23.6409,0.0073,0.069,0.0153,0.0024,0.0,0.4485,1.9472,30.3727,17.212243682271094,1
Scenario C (Gesture Active),255,3.2764,0.3806,0.1638,0.7125,21.5915,0.0053,0.0451,0.0099,0.0019,0.0,0.2747,6.2734,32.7593,17.220541623556848,1
Scenario C (Gesture Active),256,2.975,0.303,0.1871,0.6701,17.8078,0.0058,0.0447,0.009,0.0016,0.0,0.2623,8.4998,30.7859,17.113494362808733,1
Scenario C (Gesture Active),257,2.9931,0.3091,0.221,0.6466,21.034,0.0056,0.0459,0.0101,0.0017,0.0,0.2849,1.531,27.104,17.118486543846213,1
Scenario C (Gesture Active),258,2.9938,0.2978,0.1795,0.5849,27.626,0.0056,0.0582,0.0098,0.0016,0.0,0.2665,3.547,35.5989,17.18626725139073,1
Scenario C (Gesture Active),259,2.983,0.3222,0.2115,0.7093,27.7124,0.0111,0.1943,0.0153,0.0024,0.0,0.2823,15.5832,48.0646,30.824748058072547,1
Scenario C (Gesture Active),260,3.105,0.3019,0.1897,0.7267,22.2553,0.0051,0.0487,0.0096,0.0019,0.0,0.2864,1.6878,28.6425,29.825994333599063,1
Scenario C (Gesture Active),261,3.12,0.2964,0.1911,0.6043,25.2483,0.0071,0.0662,0.0259,0.0021,0.0,0.448,1.9789,32.0105,30.039313721203385,1
Scenario C (Gesture Active),262,3.2821,0.3798,0.1837,0.6414,24.3177,0.0072,0.0491,0.0102,0.0018,0.0,0.5827,1.9349,31.4139,30.541590863711043,1
Scenario C (Gesture Active),263,3.3483,0.2953,0.2179,0.6344,22.5475,0.0061,0.0508,0.0099,0.0023,0.0,0.331,6.8324,34.2988,30.31215460261685,1
Scenario C (Gesture Active),264,2.9383,0.3149,0.2208,0.7409,22.4076,0.0065,0.0446,0.0098,0.0017,0.0,0.2742,1.4223,28.4007,30.207183531936685,1
Scenario C (Gesture Active),265,3.0462,0.3132,0.2032,0.8248,22.7481,0.0058,0.0459,0.0093,0.0017,0.0,0.2728,6.1443,33.6391,30.139106519644255,1
Scenario C (Gesture Active),266,2.8729,0.3112,0.2166,0.6201,24.9551,0.0055,0.0476,0.0115,0.002,0.0,0.2844,2.3822,31.7292,29.95227662673244,1
Scenario C (Gesture Active),267,3.0407,0.2567,0.1721,0.6639,20.8453,0.0067,0.0671,0.0128,0.0022,0.0,0.4578,1.5502,27.098,30.351071309145947,1
Scenario C (Gesture Active),268,3.0889,0.362,0.2041,0.7311,25.6662,0.0072,0.082,0.0128,0.0023,0.0,0.4539,4.7174,35.3544,30.43133169717815,1
Scenario C (Gesture Active),269,2.9307,0.3455,0.2392,0.7472,21.392,0.0058,0.0463,0.0104,0.0017,0.0,0.2647,4.945,30.9528,31.08668580170967,1
Scenario C (Gesture Active),270,2.99,0.3165,0.2265,0.7048,20.1215,0.0057,0.0459,0.0099,0.002,0.0,0.2638,15.9134,40.6211,16.903440215673672,1
Scenario C (Gesture Active),271,3.0381,0.2368,0.1419,0.5209,30.0919,0.0067,0.067,0.0138,0.003,0.0,0.4311,1.5434,36.1151,16.68583732916975,1
Scenario C (Gesture Active),272,3.1498,0.3099,0.1946,0.7575,26.0797,0.0066,0.0638,0.0123,0.0027,0.0,0.4175,10.702,41.7198,16.567675022182602,1
Scenario C (Gesture Active),273,3.4079,0.2284,0.1767,0.5764,18.8605,0.0072,0.0895,0.0155,0.0061,0.0165,0.6595,1.5322,25.5975,16.45128657382807,1
Scenario C (Gesture Active),274,2.6703,0.401,0.1854,0.7023,30.3788,0.0058,0.0457,0.0099,0.0018,0.0,0.268,1.4724,36.1698,16.53184170445319,1
Scenario C (Gesture Active),275,3.284,0.2374,0.2283,0.6041,25.5481,0.0066,0.0678,0.0124,0.002,0.0,0.4439,17.0237,47.4817,16.47249223315219,1
Scenario C (Gesture Active),276,3.2171,0.3364,0.2041,0.8177,24.4813,0.0065,0.0647,0.0161,0.0021,0.0,0.4553,16.6882,46.3139,16.236423461913812,1
Scenario C (Gesture Active),277,2.8895,0.3115,0.2386,0.6335,17.9361,0.0053,0.0438,0.0094,0.0015,0.0,0.2743,1.6116,23.9766,15.977631413540767,1
Scenario C (Gesture Active),278,3.1533,0.3601,0.1875,0.6712,19.2378,0.0052,0.0469,0.01,0.0017,0.0,0.269,13.6342,37.5961,16.133107621969366,1
Scenario C (Gesture Active),279,2.9196,0.3956,0.1932,0.6573,25.4831,0.0075,0.0682,0.0151,0.0025,0.0,0.4949,1.7164,31.9804,16.281560731278923,1
Scenario C (Gesture Active),280,2.8038,0.3403,0.2098,0.727,21.6816,0.0057,0.0459,0.0093,0.002,0.0,0.2737,1.4356,27.567,16.23733983328623,1
Scenario C (Gesture Active),281,2.7566,0.2441,0.1814,0.6121,20.712,0.0069,0.0704,0.0132,0.0021,0.0,0.4655,1.9473,27.0363,16.301897290721463,1
Scenario C (Gesture Active),282,2.7956,0.3381,0.2143,0.7536,17.9722,0.0053,0.0463,0.0095,0.002,0.0,0.275,14.4452,36.8819,16.36329021082692,1
Scenario C (Gesture Active),283,2.7292,0.334,0.2525,0.7238,19.7172,0.0071,0.0484,0.0104,0.002,0.0,0.2687,7.2134,31.3294,16.323013543354566,1
Scenario C (Gesture Active),284,3.2854,0.2979,0.186,0.6437,19.5695,0.0055,0.0441,0.0091,0.0022,0.0,0.2688,6.3247,30.6571,16.274787609462816,1
Scenario C (Gesture Active),285,3.1278,0.3328,0.1979,0.6894,19.242,0.0079,0.0693,0.0135,0.0023,0.0,0.4687,2.1017,26.2787,16.31775274190084,1
Scenario C (Gesture Active),286,3.166,0.3396,0.1704,0.7304,27.104,0.0088,0.0859,0.0139,0.0025,0.0,0.4906,1.996,34.1334,16.395720378239133,1
Scenario C (Gesture Active),287,2.9448,0.3888,0.2326,0.8485,19.9343,0.0074,0.0683,0.0141,0.0021,0.0,0.5128,6.9973,31.9811,16.300023378731982,1
Scenario C (Gesture Active),288,2.8876,0.4,0.3184,0.8213,25.8222,0.0062,0.0469,0.0098,0.0017,0.0,0.2837,1.4279,32.0513,16.34712486553769,1
Scenario C (Gesture Active),289,3.0829,0.3429,0.2029,0.6478,29.903,0.005,0.0446,0.011,0.0018,0.0,0.2817,1.4015,35.9474,29.418174703665287,1
Scenario C (Gesture Active),290,2.8801,0.2638,0.2282,0.7434,21.4676,0.0056,0.0451,0.0097,0.0019,0.0,0.2703,1.5311,27.4689,29.64379729733751,1
Scenario C (Gesture Active),291,2.9507,0.3611,0.2479,0.7849,22.99,0.0056,0.0437,0.0098,0.0017,0.0,0.2841,1.639,29.3558,30.050267180854533,1
Scenario C (Gesture Active),292,3.1195,0.286,0.1739,0.7023,19.2086,0.0056,0.0451,0.0099,0.0019,0.0,0.2692,1.6835,25.5295,30.658430226407212,1
Scenario C (Gesture Active),293,3.3934,0.2995,0.235,0.7293,21.314,0.0056,0.0462,0.0098,0.0018,0.0,0.275,9.9252,36.2614,30.61660444105676,1
Scenario C (Gesture Active),294,2.8133,0.3961,0.1777,0.7963,18.8728,0.0078,0.0544,0.0122,0.0023,0.0,0.3443,6.7604,30.2613,30.657486680697986,1
Scenario C (Gesture Active),295,2.8991,0.2602,0.1861,0.6251,25.9454,0.0054,0.072,0.0121,0.0021,0.0,0.3423,1.5796,31.9516,31.53215226576157,1
Scenario C (Gesture Active),296,2.7218,0.2544,0.1579,0.7335,25.3666,0.0063,0.0529,0.011,0.0024,0.0,0.3128,1.5018,31.1436,32.291160993114424,1
Scenario C (Gesture Active),297,2.7885,0.24,0.2032,0.5996,23.929,0.0062,0.0553,0.0103,0.0017,0.0,0.2775,1.6303,29.7622,31.91536629165245,1
Scenario C (Gesture Active),298,3.0139,0.2307,0.1733,0.7469,20.0446,0.0065,0.0628,0.0545,0.0021,0.0,0.3703,1.7072,26.4321,32.319133482062654,1
Scenario C (Gesture Active),299,2.7414,0.3447,0.2358,0.7052,21.7231,0.0119,0.0672,0.0188,0.0026,0.0,0.371,1.4865,27.7326,32.6346701961067,1
Scenario C (Gesture Active),300,3.1392,0.2285,0.165,0.5841,18.1668,0.0053,0.0469,0.0103,0.0021,0.0,0.2632,16.2826,38.912,17.594279524901015,1
Scenario C (Gesture Active),301,2.9167,0.2379,0.1875,0.5645,17.4148,0.0054,0.058,0.0098,0.0021,0.0,0.243,1.753,23.4123,17.405271480365176,1
Scenario C (Gesture Active),302,3.0497,0.3088,0.2272,0.6438,23.0462,0.0074,0.0669,0.0106,0.0024,0.0,0.2622,11.8983,39.5444,17.619790680932578,1
Scenario C (Gesture Active),303,3.4448,0.3167,0.2079,0.6923,24.5032,0.0059,0.0471,0.0107,0.0042,0.0149,0.3182,1.4959,31.0845,17.489445116978494,1
Scenario C (Gesture Active),304,2.666,0.2278,0.1436,0.5966,18.657,0.0051,0.0455,0.0101,0.0019,0.0,0.285,8.2827,30.9392,17.491107257451553,1
Scenario C (Gesture Active),305,3.1174,0.3331,0.2133,0.7491,25.0841,0.0054,0.0461,0.0104,0.0017,0.0,0.2869,16.6394,46.5115,17.411257004002163,1
Scenario C (Gesture Active),306,3.0514,0.3672,0.204,0.739,26.1992,0.0056,0.0449,0.0102,0.0015,0.0,0.2742,1.6104,32.5295,17.21372712843673,1
Scenario C (Gesture Active),307,3.0399,0.2295,0.171,0.6429,33.6679,0.0065,0.0683,0.0128,0.0021,0.0,0.4472,2.1343,40.4443,17.203285238317072,1
Scenario C (Gesture Active),308,3.1751,0.3024,0.1957,0.7059,19.3247,0.0065,0.0661,0.0127,0.0021,0.0,0.452,1.9944,26.2582,17.075208951846797,1
Scenario C (Gesture Active),309,3.046,0.4021,0.1781,0.7111,30.9526,0.0055,0.0464,0.0103,0.0019,0.0,0.2747,1.5799,37.2309,17.223950894786892,1
Scenario C (Gesture Active),310,2.8644,0.3012,0.1916,0.6856,31.9278,0.0054,0.0432,0.0097,0.0018,0.0,0.2706,13.3407,49.6626,17.07635783911425,1
Scenario C (Gesture Active),311,2.6737,0.2456,0.1764,0.592,33.462,0.0055,0.0438,0.0092,0.0016,0.0,0.2606,1.4806,38.9705,16.77589865048492,1
Scenario C (Gesture Active),312,3.1937,0.394,0.2286,0.706,19.8098,0.0059,0.0436,0.0101,0.002,0.0,0.2672,14.1033,38.786,16.573890994519445,1
Scenario C (Gesture Active),313,2.6818,0.3795,0.2067,0.7802,25.694,0.0057,0.0463,0.0159,0.0019,0.0,0.2927,1.6102,31.7378,16.538298517002794,1
Scenario C (Gesture Active),314,3.1496,0.3081,0.1683,0.6009,31.7149,0.0068,0.0664,0.0128,0.002,0.0,0.5416,9.1669,45.7635,16.51220381933329,1
Scenario C (Gesture Active),315,3.0957,0.3162,0.2061,0.6916,27.412,0.0086,0.0918,0.0109,0.002,0.0,0.2834,15.0263,47.1675,16.314382130857712,1
Scenario C (Gesture Active),316,2.9767,0.2652,0.1699,0.6347,18.4518,0.0066,0.0641,0.013,0.0023,0.0,0.4729,1.6811,24.7642,16.095755593953267,1
Scenario C (Gesture Active),317,2.8095,0.3088,0.1836,0.7081,21.6215,0.0071,0.0684,0.0134,0.002,0.0,0.4495,11.6874,37.8826,16.1687206645401,1
Scenario C (Gesture Active),318,3.1652,0.3287,0.2099,0.6798,18.9406,0.0072,0.0732,0.014,0.0024,0.0,0.5491,6.7521,30.7456,16.00415146751324,1
Scenario C (Gesture Active),319,3.1566,0.3154,0.2134,0.7725,28.9138,0.0068,0.0773,0.0122,0.0025,0.0,0.5424,1.953,35.9926,27.43004736560041,1
Scenario C (Gesture Active),320,2.9061,0.2997,0.1995,0.6049,27.0937,0.005,0.0447,0.0095,0.002,0.0,0.2962,1.4006,32.8799,27.5497852139529,1
Scenario C (Gesture Active),321,3.2327,0.2429,0.157,0.6244,27.9058,0.0075,0.0668,0.0133,0.0023,0.0,0.4524,2.0136,34.7394,27.17252652492987,1
Scenario C (Gesture Active),322,2.9576,0.3115,0.18,0.7631,21.7555,0.0064,0.0633,0.0124,0.0023,0.0,0.5289,1.9438,28.5469,27.383043439417783,1
Scenario C (Gesture Active),323,3.4551,0.3148,0.1739,0.7001,27.6915,0.0068,0.0558,0.0125,0.0022,0.0,0.2936,1.4779,34.2055,27.43709251110422,1
Scenario C (Gesture Active),324,2.8004,0.3507,0.2106,0.7353,35.0793,0.0072,0.0684,0.013,0.0021,0.0,0.463,2.0249,41.7784,27.346922415946718,1
Scenario C (Gesture Active),325,3.3005,0.3638,0.2285,0.7911,23.7681,0.0056,0.0455,0.0096,0.0017,0.0,0.2825,12.5118,41.333,27.511266629290752,1
Scenario C (Gesture Active),326,2.9543,0.3128,0.1979,0.6951,20.161,0.0071,0.0675,0.0148,0.0023,0.0,0.4612,1.7846,26.6825,27.180932501108497,1
Scenario C (Gesture Active),327,3.2668,0.2496,0.2361,0.6836,35.4251,0.007,0.0667,0.0141,0.0023,0.0,0.4619,1.8022,42.2365,27.719640296202922,1
Scenario C (Gesture Active),328,3.3452,0.2501,0.2159,0.6289,27.1075,0.0065,0.0645,0.0124,0.002,0.0,0.5072,2.0659,34.2281,27.081985664436903,1
Scenario C (Gesture Active),329,2.9139,0.3436,0.2209,0.7291,27.923,0.0069,0.0664,0.0125,0.002,0.0,0.4434,2.0039,34.6869,27.206608918065516,1
Scenario C (Gesture Active),330,2.9041,0.2945,0.1894,0.8114,20.7136,0.0054,0.0475,0.0095,0.0017,0.0,0.2608,13.4381,38.6973,15.994479829722497,1
Scenario C (Gesture Active),331,3.1025,0.3446,0.2086,0.7563,25.9631,0.0053,0.043,0.0095,0.0022,0.0,0.2443,1.5949,32.2984,16.003209808068178,1
Scenario C (Gesture Active),332,2.7227,0.233,0.1327,0.5097,29.5229,0.0069,0.0697,0.0132,0.0032,0.0,0.5635,1.6107,35.4071,16.08835660161078,1
Scenario C (Gesture Active),333,2.9985,0.2628,0.1786,0.5996,27.9207,0.0082,0.099,0.0309,0.0139,0.0166,0.7119,2.3397,35.2043,16.042480524089655,1
Scenario C (Gesture Active),334,3.0929,0.3721,0.1881,0.7962,20.5313,0.0084,0.0722,0.0188,0.0027,0.0,0.5857,1.9607,27.6533,16.183782257941687,1
Scenario C (Gesture Active),335,2.9689,0.3389,0.1494,0.8147,30.4504,0.0062,0.0531,0.0117,0.0029,0.0,0.292,4.1322,39.2429,16.45615808793162,1
Scenario C (Gesture Active),336,3.4931,0.3487,0.2135,0.7289,21.8149,0.0062,0.045,0.0099,0.0019,0.0,0.2691,1.5369,28.4921,16.244052014867798,1
Scenario C (Gesture Active),337,2.9394,0.2727,0.199,0.6475,18.5847,0.0056,0.0451,0.0091,0.0018,0.0,0.2699,11.9649,34.9599,16.38990360014545,1
Scenario C (Gesture Active),338,2.852,0.2888,0.2026,0.6939,29.4956,0.0178,0.0776,0.0132,0.0021,0.0,0.4839,1.8989,36.0497,16.32935172955311,1
Scenario C (Gesture Active),339,2.926,0.3054,0.1764,0.827,33.829,0.0065,0.0492,0.0107,0.0018,0.0,0.3558,1.7521,40.2609,16.32442792031546,1
Scenario C (Gesture Active),340,2.9383,0.2473,0.2024,0.6305,20.6508,0.0051,0.0412,0.0097,0.002,0.0,0.2622,7.0553,32.0634,16.225894272401224,1
Scenario C (Gesture Active),341,2.7158,0.3529,0.2266,0.7326,24.169,0.0067,0.0651,0.0127,0.0021,0.0,0.4683,1.8694,30.6627,16.261895365432498,1
Scenario C (Gesture Active),342,2.7362,0.6888,0.1914,0.7383,26.2181,0.0177,0.0834,0.0176,0.0026,0.0,0.4228,15.3811,46.5531,16.232696186878186,1
Scenario C (Gesture Active),343,3.0118,0.2413,0.1814,0.6163,25.5348,0.0055,0.0456,0.0104,0.0021,0.0,0.272,17.1997,47.1412,16.057644227436782,1
Scenario C (Gesture Active),344,3.0109,0.3162,0.2355,0.7026,21.0428,0.0057,0.0469,0.0105,0.0021,0.0,0.315,1.3879,27.0964,15.992178475878417,1
Scenario C (Gesture Active),345,2.7987,0.3399,0.2368,0.8005,21.2448,0.0054,0.0444,0.0098,0.0018,0.0,0.2668,1.4067,27.1782,16.1839071496183,1
Scenario C (Gesture Active),346,3.1637,0.3324,0.2359,0.6509,26.52,0.0058,0.0464,0.0104,0.0019,0.0,0.2705,6.9878,38.2494,16.176095272215754,1
Scenario C (Gesture Active),347,3.016,0.3162,0.2294,0.701,28.3153,0.006,0.0617,0.0207,0.0027,0.0,0.3093,1.7109,34.7129,16.233407114347536,1
Scenario C (Gesture Active),348,2.7293,0.2646,0.1555,0.6039,21.3241,0.0055,0.0445,0.0095,0.0021,0.0,0.2725,1.9022,27.3396,16.225507745883547,1
Scenario C (Gesture Active),349,3.0059,0.3221,0.2363,0.7107,22.7364,0.0121,0.0509,0.0105,0.0021,0.0,0.282,5.1382,32.5292,28.805012950942565,1
Scenario C (Gesture Active),350,2.7282,0.3388,0.2266,0.7556,23.572,0.0056,0.0493,0.0104,0.0021,0.0,0.2949,1.5201,29.5274,29.097280018110087,1
Scenario C (Gesture Active),351,2.9326,0.238,0.1879,0.5832,26.1708,0.0066,0.06,0.0121,0.0021,0.0,0.2736,1.4391,31.9291,29.197993081156813,1
Scenario C (Gesture Active),352,2.8387,0.3353,0.2491,0.7002,22.3384,0.005,0.0436,0.0096,0.0017,0.0,0.2696,4.6366,31.4531,29.366259365837067,1
Scenario C (Gesture Active),353,2.9463,0.2585,0.1292,0.5464,29.5729,0.0059,0.047,0.0102,0.0021,0.0,0.2658,13.1239,46.9271,29.538578324971237,1
Scenario C (Gesture Active),354,2.8375,0.3108,0.2199,0.6867,30.2633,0.008,0.0803,0.0119,0.0021,0.0,0.3307,11.7123,46.4899,28.681282793881223,1
Scenario C (Gesture Active),355,2.778,0.3509,0.2092,0.7182,27.7939,0.0051,0.0448,0.0093,0.002,0.0,0.2877,13.7627,45.9861,28.394287349199907,1
Scenario C (Gesture Active),356,2.9641,0.2945,0.1952,0.7095,18.2526,0.0068,0.0871,0.0137,0.0023,0.0,0.5503,2.0911,25.1917,27.63824223448249,1
Scenario C (Gesture Active),357,3.1527,0.3407,0.1925,0.7092,20.711,0.0069,0.0664,0.0125,0.0022,0.0,0.443,1.9521,27.6138,28.029780054313743,1
Scenario C (Gesture Active),358,3.3877,0.3047,0.2136,0.6818,25.3719,0.0067,0.0786,0.0178,0.0024,0.0,0.489,1.5746,32.1551,28.375593474293048,1
Scenario C (Gesture Active),359,2.7221,0.3168,0.2159,0.6926,24.226,0.0058,0.0461,0.01,0.0019,0.0,0.2717,1.6712,30.2044,28.75114989409321,1
Scenario C (Gesture Active),360,2.7344,0.2991,0.1391,0.6768,24.4299,0.0055,0.0469,0.0096,0.0018,0.0,0.4133,4.3024,33.0824,16.52985627082391,1
Scenario C (Gesture Active),361,2.6998,0.3547,0.1728,0.7843,25.8875,0.0066,0.0666,0.0131,0.0031,0.0,0.4701,15.8127,46.2987,16.50098602013121,1
Scenario C (Gesture Active),362,3.0745,0.3107,0.1991,0.8168,19.4542,0.0069,0.0453,0.0111,0.0024,0.0,0.2661,5.8683,30.0821,16.49678113964569,1
Scenario C (Gesture Active),363,3.1944,0.2773,0.2385,0.6597,20.4332,0.0065,0.0573,0.0101,0.0047,0.0116,0.2774,6.6976,31.8913,16.744776960507245,1
Scenario C (Gesture Active),364,2.7214,0.2466,0.1494,0.5888,28.6878,0.0057,0.0478,0.01,0.0018,0.0,0.4244,1.5092,34.4134,16.676193375917467,1
Scenario C (Gesture Active),365,3.06,0.3408,0.2322,0.7799,28.344,0.0074,0.084,0.0137,0.0022,0.0,0.5513,9.9998,43.443,16.57164733142951,1
Scenario C (Gesture Active),366,2.8993,0.3669,0.1688,0.7058,22.5284,0.0055,0.0453,0.009,0.002,0.0,0.2645,3.9548,30.9807,16.49695871919051,1
Scenario C (Gesture Active),367,2.8265,0.2377,0.1997,0.6229,21.7273,0.0053,0.0456,0.0099,0.0021,0.0,0.2653,1.3832,27.3447,16.54893476783311,1
Scenario C (Gesture Active),368,3.0101,0.3236,0.2208,0.8125,27.7102,0.0054,0.0472,0.0108,0.0018,0.0,0.2751,3.1597,35.6038,16.54873544853674,1
Scenario C (Gesture Active),369,2.737,0.2679,0.1653,0.5883,23.2574,0.0127,0.0731,0.0141,0.0021,0.0,0.5429,1.9255,29.6102,16.50351818007673,1
Scenario C (Gesture Active),370,2.8555,0.3209,0.2039,0.7364,31.4681,0.0063,0.0651,0.0133,0.002,0.0,0.478,1.9378,38.1127,16.504119724996837,1
Scenario C (Gesture Active),371,2.8607,0.398,0.1647,0.5599,28.6205,0.0056,0.0595,0.0106,0.002,0.0,0.2761,7.8772,40.8593,16.415230786533424,1
Scenario C (Gesture Active),372,2.7826,0.7457,0.1187,0.5487,17.9089,0.0059,0.0462,0.015,0.0025,0.0,0.3414,8.72,31.3107,16.27946867482481,1
Scenario C (Gesture Active),373,2.9395,0.244,0.1592,0.6251,21.9336,0.0061,0.051,0.0139,0.0162,0.0,0.3331,1.5547,27.8998,16.502510007102817,1
Scenario C (Gesture Active),374,2.7836,0.2811,0.1906,0.6072,23.0247,0.0057,0.046,0.01,0.0018,0.0,0.2638,6.7384,33.9766,16.776272996865227,1
Scenario C (Gesture Active),375,3.0188,0.3394,0.2544,0.7837,27.6698,0.0055,0.0454,0.0107,0.0018,0.0,0.2817,1.5291,33.9644,16.95355438057403,1
Scenario C (Gesture Active),376,3.3389,0.2717,0.2168,0.5986,19.5866,0.0075,0.0708,0.0134,0.0022,0.0,0.5044,3.6045,28.24,16.821550524424268,1
Scenario C (Gesture Active),377,3.0633,0.4671,0.2226,0.7913,26.0005,0.006,0.0698,0.0104,0.002,0.0,0.3229,1.4621,32.4713,16.812490374541618,1
Scenario C (Gesture Active),378,2.9055,0.267,0.1952,0.6403,24.1623,0.0078,0.108,0.0128,0.0027,0.0,0.3832,14.0708,42.7801,16.804953017190478,1
Scenario C (Gesture Active),379,3.0212,0.43,0.232,0.6807,23.4335,0.006,0.0452,0.0094,0.0019,0.0,0.2734,1.5488,29.7037,29.097269394035212,1
Scenario C (Gesture Active),380,2.8086,0.4461,0.3615,0.7299,18.2898,0.0084,0.086,0.1025,0.0025,0.0,0.2816,1.6462,24.7911,29.26105315413097,1
Scenario C (Gesture Active),381,3.0813,0.3465,0.2506,0.7431,20.9128,0.0063,0.052,0.0422,0.0036,0.0,0.3085,1.4273,27.2014,30.26647347802226,1
Scenario C (Gesture Active),382,3.1613,0.4725,0.2451,0.7986,19.94,0.0061,0.0483,0.0107,0.0023,0.0,0.2906,1.5713,26.5725,30.378723397766763,1
Scenario C (Gesture Active),383,2.8447,0.3983,0.2621,0.8095,21.0277,0.0061,0.0462,0.0096,0.0019,0.0,0.2685,5.3255,31.0266,30.662405550429664,1
Scenario C (Gesture Active),384,3.0842,0.3586,0.2478,0.7413,22.4386,0.0061,0.0473,0.0099,0.002,0.0,0.2712,3.2271,30.4586,30.837224564596916,1
Scenario C (Gesture Active),385,3.0289,0.2617,0.2036,0.6906,18.6715,0.0054,0.0472,0.0101,0.0021,0.0,0.2691,1.4834,24.6939,31.49253921265269,1
Scenario C (Gesture Active),386,3.2498,0.3086,0.2424,0.6337,17.6601,0.0054,0.0444,0.0101,0.0018,0.0,0.2661,13.4437,35.8933,31.811204767143497,1
Scenario C (Gesture Active),387,2.6939,0.3719,0.2486,0.7844,17.9826,0.0064,0.0475,0.0113,0.0032,0.0,0.2902,1.3713,23.8341,31.3982636583737,1
Scenario C (Gesture Active),388,3.1476,0.3766,0.2046,0.7004,18.095,0.0066,0.065,0.0109,0.0023,0.0,0.3114,15.2617,38.2061,31.98710429434063,1
Scenario C (Gesture Active),389,2.9507,0.3702,0.2292,0.9212,22.0707,0.0064,0.0465,0.0101,0.0017,0.0,0.2671,1.4319,28.3307,31.545357959988284,1
Scenario C (Gesture Active),390,2.9428,0.277,0.1551,0.5985,20.615,0.0057,0.0449,0.0091,0.002,0.0,0.2532,1.5264,26.4512,17.318967900315904,1
Scenario C (Gesture Active),391,2.9363,0.2625,0.1487,0.5329,20.9821,0.0062,0.0507,0.017,0.0021,0.0,0.2572,1.6879,26.9048,17.556325048918247,1
Scenario C (Gesture Active),392,2.85,0.259,0.18,0.6391,21.8334,0.0053,0.0442,0.0096,0.002,0.0,0.244,7.6555,33.7461,17.626076722706564,1
Scenario C (Gesture Active),393,3.4251,0.3802,0.2269,0.6788,20.4136,0.0053,0.0439,0.0097,0.0043,0.011,0.2717,5.9813,31.4765,17.51712459148136,1
Scenario C (Gesture Active),394,3.184,0.3421,0.1665,0.7999,29.276,0.0053,0.0462,0.0099,0.0021,0.0,0.2771,12.4852,46.6187,17.566220353393,1
Scenario C (Gesture Active),395,3.3391,0.314,0.1994,0.7082,31.1388,0.0061,0.0644,0.01,0.0019,0.0,0.2785,10.4112,46.4929,17.363896363664097,1
Scenario C (Gesture Active),396,3.0843,0.3191,0.216,0.684,19.4037,0.0069,0.0738,0.0138,0.0021,0.0,0.4822,6.9334,31.245,17.08641536966962,1
Scenario C (Gesture Active),397,2.9912,0.2524,0.1904,0.6349,30.1856,0.0071,0.0765,0.0148,0.0024,0.0,0.4854,1.9667,36.8299,17.099676295686272,1
Scenario C (Gesture Active),398,3.3782,0.2507,0.1588,0.52,24.9765,0.0068,0.066,0.0126,0.002,0.0,0.5293,1.7047,31.6267,17.18634137925457,1
Scenario C (Gesture Active),399,3.2069,0.3193,0.175,0.7525,30.6887,0.0059,0.059,0.0104,0.0074,0.0,0.3485,1.4301,37.0326,17.1556072979778,1
Scenario C (Gesture Active),400,3.4349,0.3193,0.2032,0.6783,29.2911,0.0064,0.0501,0.0102,0.0021,0.0,0.2785,15.2726,49.5696,16.969539833131964,1
Scenario C (Gesture Active),401,3.1471,0.3165,0.2052,0.6196,25.0268,0.0057,0.0481,0.0098,0.0021,0.0,0.2852,1.4432,31.1286,16.649150732565108,1
Scenario C (Gesture Active),402,3.1275,0.3235,0.1459,0.7095,26.5736,0.0076,0.0478,0.0104,0.0024,0.0,0.2726,1.5226,32.7651,16.571047745553894,1
Scenario C (Gesture Active),403,3.3027,0.3256,0.2121,0.7444,20.7155,0.0057,0.0455,0.0105,0.0021,0.0,0.2868,3.0195,28.6971,16.54623749145611,1
Scenario C (Gesture Active),404,2.9474,0.2321,0.1303,0.5192,28.1774,0.0071,0.0659,0.0136,0.0022,0.0,0.4523,1.9603,34.5287,16.576693841798754,1
Scenario C (Gesture Active),405,2.942,0.3251,0.2189,0.7408,22.4352,0.0069,0.0682,0.0337,0.0024,0.0,0.4937,1.6036,28.8959,16.437170732793952,1
Scenario C (Gesture Active),406,2.9977,0.6518,0.191,0.7007,26.9701,0.0196,0.0535,0.0106,0.002,0.0,0.3073,1.4787,33.4193,16.523443733215675,1
Scenario C (Gesture Active),407,2.8733,0.2796,0.1442,0.5818,25.6811,0.0071,0.071,0.0139,0.0023,0.0,0.4458,13.2705,43.3911,16.40057253577577,1
Scenario C (Gesture Active),408,3.1969,0.2615,0.1957,0.7076,21.8905,0.0077,0.1075,0.0146,0.0022,0.0,0.576,3.8286,30.812,16.321947071290644,1
Scenario C (Gesture Active),409,3.1173,0.3418,0.2128,0.7264,24.5808,0.0054,0.067,0.0101,0.0018,0.0,0.2747,17.2935,46.656,28.697002204171614,1
Scenario C (Gesture Active),410,2.8909,0.2792,0.1664,0.6331,22.8345,0.0081,0.0839,0.0872,0.0022,0.0,0.3636,3.6061,30.9816,27.855160587416556,1
Scenario C (Gesture Active),411,2.9722,0.3542,0.2228,0.6555,35.0493,0.0058,0.0534,0.023,0.002,0.0,0.2996,7.0166,46.679,27.679713018240626,1
Scenario C (Gesture Active),412,2.9529,0.3276,0.2055,0.7059,26.8671,0.0062,0.0479,0.0108,0.0021,0.0,0.2908,14.7651,46.209,27.193490905790252,1
Scenario C (Gesture Active),413,2.7121,0.2708,0.3316,0.7229,26.7368,0.0108,0.0669,0.0132,0.0021,0.0,0.4626,1.5849,32.9431,26.63302026557566,1
Scenario C (Gesture Active),414,3.1484,0.2352,0.2037,0.6153,21.1995,0.0053,0.0429,0.0095,0.0018,0.0,0.5326,4.168,30.1819,27.14234683937838,1
Scenario C (Gesture Active),415,3.0331,0.4194,0.2081,0.7857,25.2124,0.006,0.0474,0.0105,0.0017,0.0,0.3875,1.5908,31.7262,27.785069893460978,1
Scenario C (Gesture Active),416,2.9385,0.2608,0.1509,0.5452,23.2257,0.0056,0.0476,0.0095,0.0019,0.0,0.2944,1.391,28.8915,27.761733068298124,1
Scenario C (Gesture Active),417,2.9769,0.3001,0.1901,0.7452,22.192,0.0069,0.0822,0.0232,0.0021,0.0,0.4538,3.9753,30.9793,28.105463144363075,1
Scenario C (Gesture Active),418,3.0633,0.3844,0.1901,0.8184,24.3806,0.0076,0.1058,0.0127,0.0024,0.0,0.328,16.7197,46.0404,28.122750653559713,1
Scenario C (Gesture Active),419,2.9854,0.2861,0.2021,0.6352,26.0932,0.0056,0.0604,0.0105,0.0019,0.0,0.4156,1.5857,32.3041,27.763609404787122,1
Scenario C (Gesture Active),420,2.7024,0.2374,0.1616,0.6318,23.419,0.0072,0.0508,0.0115,0.0021,0.0,0.2554,10.7515,38.2514,16.340612046754966,1
Scenario C (Gesture Active),421,3.0365,0.3201,0.2051,0.724,29.9459,0.0056,0.0455,0.0103,0.0023,0.0,0.258,11.2746,45.851,16.236218367686224,1
Scenario C (Gesture Active),422,2.9066,0.2584,0.1533,0.6467,29.2176,0.0079,0.0634,0.0116,0.0049,0.0125,0.2904,1.7185,35.3147,16.060760681457662,1
Scenario C (Gesture Active),423,3.2151,0.2656,0.1665,0.6277,23.7554,0.0055,0.0464,0.0107,0.0018,0.0,0.2982,1.3988,29.8119,15.963174744092115,1
Scenario C (Gesture Active),424,3.0838,0.3296,0.1648,0.6975,18.2551,0.0061,0.0459,0.0098,0.0021,0.0,0.269,4.7655,27.6519,16.028438228531996,1
Scenario C (Gesture Active),425,2.9729,0.3295,0.2137,0.7494,34.218,0.0077,0.0525,0.0124,0.003,0.0,0.3928,1.8352,40.8149,16.05330650657095,1
Scenario C (Gesture Active),426,2.9568,0.3284,0.2125,0.6945,23.8425,0.0068,0.068,0.0352,0.0021,0.0,0.4607,1.887,30.5179,15.946146487173634,1
Scenario C (Gesture Active),427,2.9381,0.4,0.1786,0.7651,29.1284,0.0062,0.0461,0.01,0.0023,0.0,0.2994,1.5874,35.3845,16.12363837805761,1
Scenario C (Gesture Active),428,2.9075,0.3022,0.2132,0.6865,22.9126,0.0075,0.0675,0.0131,0.0022,0.0,0.4656,2.0128,29.6163,16.062486092523017,1
Scenario C (Gesture Active),429,2.9728,0.3218,0.1798,0.736,27.4498,0.0064,0.0649,0.0127,0.0021,0.0,0.4468,1.8559,34.0763,16.29322489689945,1
Scenario C (Gesture Active),430,3.098,0.34,0.1973,0.7099,25.7688,0.0056,0.0452,0.0108,0.0019,0.0,0.2757,2.575,33.0494,16.24971269500648,1
Scenario C (Gesture Active),431,3.0057,0.3384,0.196,0.7128,30.5722,0.007,0.0659,0.0133,0.002,0.0,0.4535,1.8341,37.2267,16.441558977439936,1
Scenario C (Gesture Active),432,2.8558,0.3456,0.2169,0.6316,25.6602,0.0061,0.0449,0.0094,0.0017,0.0,0.2645,9.3772,39.4335,16.569325039083317,1
Scenario C (Gesture Active),433,2.9001,0.2442,0.1524,0.6599,20.3975,0.0054,0.0459,0.0108,0.0019,0.0,0.2904,1.4284,26.1569,16.482058761604296,1
Scenario C (Gesture Active),434,3.0255,0.2668,0.1721,0.669,19.8552,0.0079,0.1108,0.0138,0.0023,0.0,0.4586,1.5043,26.1104,16.53666496786949,1
Scenario C (Gesture Active),435,3.0855,0.3249,0.2405,0.7518,24.7391,0.0058,0.0442,0.0097,0.0019,0.0,0.2801,1.4268,30.9349,16.615385641824552,1
Scenario C (Gesture Active),436,2.8397,0.3966,0.2361,0.787,20.8507,0.0057,0.053,0.0094,0.0017,0.0,0.2742,1.6059,27.0828,16.58907493560922,1
Scenario C (Gesture Active),437,3.1154,0.2717,0.1827,0.6248,25.2857,0.0083,0.0649,0.0115,0.0019,0.0,0.3239,15.5567,45.4709,16.644014825353477,1
Scenario C (Gesture Active),438,2.7068,0.3929,0.1565,0.6094,22.2186,0.0073,0.0728,0.0132,0.002,0.0,0.5115,4.1095,30.8293,16.65648976220355,1
Scenario C (Gesture Active),439,2.7951,0.3761,0.2145,0.7506,23.6088,0.0057,0.0493,0.0099,0.0017,0.0,0.2859,1.6605,29.7987,29.50615083456967,1
Scenario C (Gesture Active),440,3.4141,0.3393,0.177,0.739,32.3036,0.0062,0.0503,0.0106,0.0036,0.0,0.3028,9.7401,47.1151,29.886272684690535,1
Scenario C (Gesture Active),441,2.8564,0.3308,0.2181,0.7762,23.7517,0.0079,0.0788,0.0148,0.0021,0.0,0.5349,17.4223,46.0289,29.847129473505223,1
Scenario C (Gesture Active),442,2.9451,0.4333,0.2196,0.7184,25.4163,0.0057,0.045,0.0102,0.0021,0.0,0.2722,1.4807,31.5714,29.360676581062435,1
Scenario C (Gesture Active),443,3.0006,0.2491,0.1409,0.5892,22.2064,0.0062,0.0478,0.0098,0.0019,0.0,0.2712,1.4791,28.022,29.27438179496561,1
Scenario C (Gesture Active),444,2.8348,0.3817,0.2015,0.7753,35.1638,0.0055,0.0434,0.0105,0.002,0.0,0.2895,1.4378,41.1686,29.259978792587393,1
Scenario C (Gesture Active),445,2.7439,0.394,0.2315,0.7301,21.2523,0.007,0.046,0.0105,0.0018,0.0,0.2674,12.6996,38.4083,29.24756489812576,1
Scenario C (Gesture Active),446,2.8783,0.4725,0.1453,0.7917,24.29,0.0054,0.0463,0.0103,0.002,0.0,0.2803,1.3849,30.3328,28.88930231479031,1
Scenario C (Gesture Active),447,2.9405,0.2551,0.1624,0.564,24.9679,0.0066,0.0681,0.0148,0.0023,0.0,0.4552,1.4618,30.9216,29.10713187366274,1
Scenario C (Gesture Active),448,2.9279,0.3736,0.2883,0.6888,29.3075,0.0059,0.0467,0.01,0.0018,0.0,0.269,1.3985,35.3416,29.05306614392486,1
Scenario C (Gesture Active),449,2.9532,0.3179,0.188,0.6752,19.5535,0.0091,0.1117,0.0164,0.0021,0.0,0.3191,4.0839,28.2534,29.00070999026538,1
Scenario C (Gesture Active),450,3.1213,0.233,0.2049,0.5439,27.3172,0.0053,0.0463,0.0108,0.0018,0.0,0.243,1.4639,33.211,16.239381364477037,1
Scenario C (Gesture Active),451,2.9023,0.2623,0.232,0.7075,24.2269,0.0083,0.0691,0.0148,0.0032,0.0,0.4568,2.074,30.9838,16.29688004217585,1
Scenario C (Gesture Active),452,3.274,0.3568,0.242,0.8111,21.0863,0.0072,0.0693,0.0174,0.0029,0.0,0.4315,9.5202,35.845,16.40961303086561,1
Scenario C (Gesture Active),453,3.0279,0.291,0.1794,0.6229,19.9025,0.006,0.0521,0.0109,0.0058,0.0125,0.3126,1.5286,25.9764,16.27793905335548,1
Scenario C (Gesture Active),454,3.3158,0.2724,0.1979,0.6701,19.9525,0.0059,0.049,0.0105,0.0019,0.0,0.2933,1.7002,26.4925,16.277057988867142,1
Scenario C (Gesture Active),455,2.822,0.2822,0.219,0.625,19.6539,0.0064,0.0477,0.0095,0.0019,0.0,0.2832,1.8495,25.8236,16.34361138797626,1
Scenario C (Gesture Active),456,3.3144,0.2993,0.2676,0.7282,23.4357,0.0058,0.0435,0.0094,0.0016,0.0,0.2741,3.0513,31.4608,16.358261969807785,1
Scenario C (Gesture Active),457,3.1054,0.4047,0.2331,0.8755,28.0888,0.0056,0.0457,0.0093,0.0018,0.0,0.2728,13.3651,46.4346,16.55417721403291,1
Scenario C (Gesture Active),458,2.878,0.4462,0.2568,0.6988,20.336,0.0065,0.0489,0.0111,0.0025,0.0,0.283,1.4602,26.455,16.33650858728942,1
Scenario C (Gesture Active),459,3.1102,0.5285,0.2057,0.7751,18.8439,0.0057,0.0464,0.0102,0.0019,0.0,0.4271,2.0016,25.9803,16.390608137861502,1
Scenario C (Gesture Active),460,2.9656,0.331,0.1984,0.7329,22.0873,0.0054,0.0445,0.0098,0.0022,0.0,0.2788,1.6258,28.3023,16.687794016609523,1
Scenario C (Gesture Active),461,2.794,0.357,0.2219,0.7516,23.7305,0.0073,0.0674,0.0144,0.0023,0.0,0.4646,1.9173,30.3539,16.95571505927134,1
Scenario C (Gesture Active),462,3.3948,0.2661,0.2019,0.6335,20.0176,0.0054,0.0466,0.0107,0.0019,0.0,0.2887,17.8054,42.6953,16.965367280626552,1
Scenario C (Gesture Active),463,3.4879,0.286,0.1801,0.6004,19.2372,0.0054,0.0449,0.0088,0.0018,0.0,0.2776,1.4955,25.6467,16.74260287153716,1
Scenario C (Gesture Active),464,3.0344,0.4141,0.1717,0.8231,24.1297,0.0076,0.0764,0.0141,0.0025,0.0,0.4846,1.6806,30.8661,16.980427026168964,1
Scenario C (Gesture Active),465,2.9653,0.4324,0.2914,0.7861,19.99,0.0053,0.0446,0.01,0.0021,0.0,0.2763,13.0938,37.9243,17.098520600050506,1
Scenario C (Gesture Active),466,2.8419,0.4525,0.1715,0.716,17.9435,0.0077,0.0757,0.0144,0.0023,0.0,0.494,1.6749,24.4212,16.985823366720208,1
Scenario C (Gesture Active),467,2.8208,0.3369,0.2427,0.7207,19.4262,0.0058,0.0447,0.0096,0.002,0.0,0.2721,1.6382,25.5441,17.08497942408888,1
Scenario C (Gesture Active),468,2.677,0.413,0.2021,0.7505,23.7381,0.0052,0.0433,0.0101,0.0022,0.0,0.2745,1.4881,29.6285,17.2393801922227,1
Scenario C (Gesture Active),469,2.6517,0.3001,0.1815,0.6691,19.3517,0.0066,0.0485,0.0098,0.0022,0.0,0.282,1.4813,25.0632,32.538225540529176,1
Scenario C (Gesture Active),470,2.999,0.3918,0.1762,0.7249,20.9511,0.0056,0.0452,0.01,0.0018,0.0,0.2714,1.4537,27.0728,32.966381162960495,1
Scenario C (Gesture Active),471,2.6915,0.4169,0.2345,0.8697,20.1684,0.0076,0.0676,0.0135,0.0022,0.0,0.5026,16.313,41.3144,33.23491502535831,1
Scenario C (Gesture Active),472,3.073,0.4278,0.2166,0.7141,19.859,0.0072,0.0635,0.0119,0.0022,0.0,0.2949,1.3361,26.0308,32.889333511622645,1
Scenario C (Gesture Active),473,2.7679,0.3324,0.2035,0.7075,23.5191,0.0111,0.072,0.0137,0.0024,0.0,0.4726,1.599,29.7249,32.91591861618267,1
Scenario C (Gesture Active),474,2.6435,0.4434,0.1924,0.9478,25.0408,0.0057,0.0451,0.0102,0.0019,0.0,0.2666,1.4942,31.118,32.71004457973106,1
Scenario C (Gesture Active),475,3.1379,0.3877,0.2062,0.8533,25.4215,0.0061,0.0458,0.0098,0.0016,0.0,0.2582,5.6149,35.9681,32.41048516223386,1
Scenario C (Gesture Active),476,2.7457,0.3853,0.3287,0.6671,19.3714,0.0053,0.0458,0.0099,0.0019,0.0,0.2731,1.6719,25.5304,32.17993549619353,1
Scenario C (Gesture Active),477,3.074,0.2525,0.2183,0.6737,18.9785,0.0061,0.0467,0.0101,0.0018,0.0,0.2681,12.5651,36.1173,33.33535903837016,1
Scenario C (Gesture Active),478,2.664,0.3127,0.2049,0.6517,30.7869,0.0054,0.0484,0.0104,0.002,0.0,0.2818,11.6869,46.6774,32.803757714515285,1
Scenario C (Gesture Active),479,2.8825,0.2733,0.2039,0.6128,18.9369,0.008,0.0486,0.0101,0.002,0.0,0.2961,8.1859,31.4809,31.65719937950253,1
Scenario C (Gesture Active),480,2.8014,0.2644,0.1271,0.6191,21.9346,0.0066,0.0485,0.0106,0.0019,0.0,0.2447,13.1832,39.2611,17.371413424758106,1
Scenario C (Gesture Active),481,2.9231,0.3108,0.1791,0.7322,24.4478,0.006,0.0494,0.0111,0.0022,0.0,0.2535,17.2969,46.2345,17.239134060537886,1
Scenario C (Gesture Active),482,3.0221,0.3166,0.2221,0.7096,22.0822,0.0089,0.0942,0.0161,0.0071,0.0157,0.5356,2.1352,29.1996,17.183776926813923,1
Scenario C (Gesture Active),483,3.566,0.3506,0.2134,0.632,35.2637,0.0052,0.0475,0.0097,0.002,0.0,0.2912,9.5394,49.9433,17.113317961969294,1
Scenario C (Gesture Active),484,3.1543,0.3191,0.1586,0.597,21.0585,0.0056,0.0462,0.0109,0.0018,0.0,0.2685,5.2439,30.8869,16.828985502349543,1
Scenario C (Gesture Active),485,2.8862,0.4057,0.236,0.7538,23.4191,0.0054,0.0432,0.0095,0.002,0.0,0.2618,3.3067,31.3627,16.93661990090311,1
Scenario C (Gesture Active),486,2.7742,0.3393,0.215,0.7208,19.8922,0.0058,0.0444,0.01,0.0019,0.0,0.2714,6.8099,31.1057,16.834378461094524,1
Scenario C (Gesture Active),487,3.1166,0.3385,0.1603,0.8883,27.6245,0.0061,0.0696,0.0114,0.0022,0.0,0.2849,1.565,34.1054,16.7438657444614,1
Scenario C (Gesture Active),488,2.8554,0.6021,0.1751,0.6818,19.9391,0.0071,0.0535,0.0111,0.0022,0.0,0.2981,1.6915,26.3469,16.681694859267953,1
Scenario C (Gesture Active),489,2.7479,0.2512,0.1894,0.649,32.9647,0.0051,0.045,0.0101,0.0019,0.0,0.2818,11.1969,48.3639,16.669998081811073,1
Scenario C (Gesture Active),490,3.0323,0.3273,0.1931,0.7114,21.8283,0.0059,0.0474,0.0103,0.0018,0.0,0.2722,1.3907,27.84,16.355841320883822,1
Scenario C (Gesture Active),491,2.8148,0.2816,0.1954,0.6306,27.9204,0.0065,0.0655,0.0127,0.002,0.0,0.5595,1.69,34.1984,16.557100675067545,1
Scenario C (Gesture Active),492,2.9058,0.3168,0.1573,0.7402,30.0874,0.0056,0.0444,0.0098,0.0019,0.0,0.2821,11.9896,46.5645,16.433394784487913,1
Scenario C (Gesture Active),493,2.948,0.3062,0.2291,0.6255,26.2144,0.0056,0.0479,0.0103,0.0017,0.0,0.2778,16.5933,47.2829,16.195030234181544,1
Scenario C (Gesture Active),494,2.6758,0.2841,0.2127,0.7319,22.4042,0.0069,0.0672,0.0126,0.0021,0.0,0.4558,1.9745,28.8527,15.985445124247008,1
Scenario C (Gesture Active),495,3.2178,0.3014,0.2223,0.7305,24.3763,0.005,0.044,0.0093,0.0017,0.0,0.2712,3.7618,32.9644,16.06871101120732,1
Scenario C (Gesture Active),496,2.9207,0.3808,0.1693,0.7304,24.1506,0.0057,0.0477,0.0112,0.0017,0.0,0.2962,1.4365,30.1731,15.976148376599685,1
Scenario C (Gesture Active),497,2.9007,0.396,0.1679,0.5613,19.4625,0.0054,0.0456,0.01,0.0016,0.0,0.2784,10.0173,33.8692,16.05286348581703,1
Scenario C (Gesture Active),498,3.1102,0.3094,0.2213,0.6466,28.8062,0.0053,0.0477,0.0101,0.002,0.0,0.2881,1.5506,35.0186,16.227840399315305,1
Scenario C (Gesture Active),499,2.8664,0.252,0.1597,0.6408,26.531,0.0054,0.0446,0.0098,0.0017,0.0,0.2632,11.6178,42.4113,27.78155379405504,1
Scenario C (Gesture Active),500,2.8989,0.3605,0.2321,0.8275,25.254,0.0065,0.0669,0.0144,0.0022,0.0,0.4479,1.7464,31.8852,27.656082467357596,1
Scenario C (Gesture Active),501,3.0307,0.7173,0.1916,0.6828,22.3421,0.0066,0.0719,0.0127,0.0019,0.0,0.4415,2.1341,29.6946,28.250799399333822,1
Scenario C (Gesture Active),502,2.8394,0.243,0.1407,0.5673,30.509,0.0076,0.0804,0.014,0.0022,0.0,0.4746,2.0827,36.9826,28.25501631478982,1
Scenario C (Gesture Active),503,3.1807,0.283,0.2343,0.6518,25.1807,0.0089,0.0777,0.0154,0.0023,0.0,0.4399,2.0379,32.137,28.783830269844653,1
Scenario C (Gesture Active),504,3.0317,0.3076,0.2214,0.7178,19.9943,0.0063,0.0454,0.0095,0.0018,0.0,0.274,15.5109,40.1406,28.719216363786412,1
Scenario C (Gesture Active),505,3.1909,0.3028,0.1856,0.7506,17.8285,0.0062,0.0495,0.0093,0.0019,0.0,0.2686,8.0003,30.6154,28.331670468313604,1
Scenario C (Gesture Active),506,2.9582,0.2988,0.2095,0.6389,17.2925,0.0055,0.0465,0.0099,0.0021,0.0,0.2707,9.328,31.0803,28.378503611243463,1
Scenario C (Gesture Active),507,2.8916,0.3034,0.2156,0.7496,24.4408,0.0054,0.0471,0.0114,0.002,0.0,0.4963,1.4122,30.5971,28.499517568171658,1
Scenario C (Gesture Active),508,3.1781,0.2581,0.1742,0.5935,18.7493,0.0074,0.0685,0.0131,0.0023,0.0,0.4675,1.9241,25.4575,28.298631440644865,1
Scenario C (Gesture Active),509,3.31,0.2406,0.1827,0.6335,23.0442,0.0066,0.065,0.0128,0.0025,0.0,0.4443,1.6538,29.6181,29.30671112037843,1
Scenario C (Gesture Active),510,2.8881,0.334,0.2137,0.6648,19.7877,0.0057,0.0444,0.0098,0.0017,0.0,0.2482,14.7236,38.943,16.350646563486244,1
Scenario C (Gesture Active),511,2.9859,0.2595,0.1758,0.5883,17.7016,0.0055,0.0456,0.0102,0.0021,0.0,0.2555,2.0487,24.0992,16.285536787449566,1
Scenario C (Gesture Active),512,2.9054,0.2834,0.151,0.5485,24.8903,0.0052,0.0436,0.0101,0.0022,0.0,0.2443,1.4336,30.5383,16.607144851753954,1
Scenario C (Gesture Active),513,2.9013,0.4145,0.2596,0.8035,28.413,0.0054,0.0454,0.0097,0.0043,0.0125,0.2811,1.4042,34.5784,16.850182611819477,1
Scenario C (Gesture Active),514,2.9893,0.2938,0.1623,0.7246,18.6479,0.0058,0.0465,0.0647,0.0073,0.0,0.6156,10.6235,34.2178,16.772127866051584,1
Scenario C (Gesture Active),515,2.6739,0.2766,0.196,0.6951,21.3271,0.0053,0.0444,0.0093,0.0016,0.0,0.2659,5.1936,30.7106,16.75241537160145,1
Scenario C (Gesture Active),516,2.9735,0.2485,0.1525,0.575,20.9937,0.0053,0.0456,0.0094,0.0019,0.0,0.2662,5.81,31.1009,16.739363893141846,1
Scenario C (Gesture Active),517,2.6899,0.3373,0.214,0.7266,17.4853,0.0055,0.0459,0.0098,0.0019,0.0,0.3258,9.0817,30.9458,16.78882326223014,1
Scenario C (Gesture Active),518,2.9392,0.3312,0.1711,0.6622,23.8839,0.0174,0.0674,0.013,0.0019,0.0,0.4563,2.009,30.5766,16.8420632621054,1
Scenario C (Gesture Active),519,2.8821,0.313,0.2045,0.7725,28.2048,0.0086,0.0767,0.0133,0.0026,0.0,0.3836,1.5537,34.4375,17.02208314554422,1
Scenario C (Gesture Active),520,3.0438,0.3627,0.2099,0.7868,20.8891,0.0056,0.0453,0.0097,0.0018,0.0,0.2721,17.1329,42.7812,16.980940815633794,1
Scenario C (Gesture Active),521,2.9725,0.3752,0.1939,0.6935,18.1769,0.0058,0.0636,0.0103,0.0021,0.0,0.3768,1.6597,24.5625,16.784696674286202,1
Scenario C (Gesture Active),522,3.1571,1.1135,0.3042,0.7499,36.3133,0.0059,0.0496,0.0111,0.0019,0.0,0.2805,11.3833,53.4593,16.964049108433386,1
Scenario C (Gesture Active),523,3.0278,0.3125,0.2007,0.7289,19.848,0.0077,0.0923,0.0138,0.0021,0.0,0.5793,1.8563,26.6934,16.655971050314374,1
Scenario C (Gesture Active),524,3.2065,0.4158,0.1748,0.7798,23.1214,0.0083,0.0811,0.0216,0.0022,0.0,0.4053,1.4138,29.6689,16.854070561761635,1
Scenario C (Gesture Active),525,2.9006,0.3495,0.2215,0.816,27.3324,0.0069,0.0684,0.0132,0.0024,0.0,0.4401,5.2804,37.4561,16.869568898872902,1
Scenario C (Gesture Active),526,2.8551,0.3012,0.212,0.777,17.747,0.0054,0.0432,0.0094,0.0021,0.0,0.2679,8.8781,31.1211,16.77381532965001,1
Scenario C (Gesture Active),527,2.9022,0.2588,0.1949,0.6196,19.556,0.0051,0.0442,0.0105,0.002,0.0,0.2869,1.4691,25.3704,16.77006665579411,1
Scenario C (Gesture Active),528,3.0318,0.4123,0.1886,0.6362,23.8441,0.0243,0.0786,0.015,0.0021,0.0,0.8638,1.5309,30.6523,16.770920725967496,1
Scenario C (Gesture Active),529,3.2705,0.3403,0.1516,0.7145,22.7861,0.0071,0.0733,0.0136,0.0021,0.0,0.6257,2.0498,30.0595,30.51728731908408,1
Scenario C (Gesture Active),530,2.9389,0.2593,0.1606,0.6074,24.8559,0.0073,0.0669,0.0137,0.0021,0.0,0.5947,1.9944,31.5239,30.985686013009886,1
Scenario C (Gesture Active),531,3.4209,0.3261,0.1679,0.7395,25.5786,0.007,0.067,0.0131,0.0023,0.0,0.4718,1.6997,32.5203,30.586709796970798,1
Scenario C (Gesture Active),532,2.703,0.5463,0.1276,0.889,24.5587,0.0248,0.5714,0.011,0.002,0.0,0.2921,1.4907,31.2409,30.49411923168318,1
Scenario C (Gesture Active),533,2.6572,0.2709,0.1643,0.5929,32.9533,0.0081,0.0818,0.0145,0.002,0.0,0.4995,2.0406,39.3081,30.69007260472383,1
Scenario C (Gesture Active),534,3.1575,0.3044,0.211,0.6058,21.0572,0.0079,0.0473,0.0095,0.002,0.0,0.2693,1.5144,27.2082,30.40588065395033,1
Scenario C (Gesture Active),535,2.9333,0.507,0.2479,0.9001,19.0688,0.0057,0.0475,0.0094,0.0018,0.0,0.2831,1.7529,25.7877,30.601884840558096,1
Scenario C (Gesture Active),536,3.3944,0.2466,0.3167,0.7117,18.2884,0.0078,0.0716,0.0141,0.0021,0.0,0.5392,1.5994,25.2177,30.831867733500058,1
Scenario C (Gesture Active),537,2.9358,0.4009,0.1799,0.6456,21.6716,0.008,0.0785,0.0147,0.0024,0.0,0.4528,1.7185,28.1336,31.15301343666099,1
Scenario C (Gesture Active),538,2.9244,0.3781,0.1765,0.7223,31.4069,0.0053,0.0452,0.0099,0.0017,0.0,0.2733,1.4685,37.4369,31.276808698440433,1
Scenario C (Gesture Active),539,3.0106,0.3923,0.1977,0.7316,27.1046,0.007,0.0739,0.0142,0.0023,0.0,0.5167,1.5015,33.5803,31.128298934380478,1
Scenario C (Gesture Active),540,2.8587,0.2839,0.1448,0.6278,19.87,0.0066,0.0516,0.0104,0.002,0.0,0.2595,13.9738,38.1084,17.36788497045629,1
Scenario C (Gesture Active),541,2.8323,0.2481,0.1783,0.5838,24.3355,0.0049,0.0452,0.0098,0.0023,0.0,0.2595,3.3234,31.8418,17.16650166168205,1
Scenario C (Gesture Active),542,3.3408,0.2503,0.143,0.6767,18.6736,0.0072,0.0919,0.0128,0.0031,0.0,0.4185,1.4951,25.1363,17.489990172113117,1
Scenario C (Gesture Active),543,3.057,0.3086,0.1715,0.6867,19.8379,0.0054,0.0449,0.0097,0.0046,0.0115,0.2791,1.5079,25.943,17.522254900581174,1
Scenario C (Gesture Active),544,3.452,0.3837,0.1838,0.6104,21.032,0.0057,0.048,0.0102,0.0019,0.0,0.2843,1.6237,27.6633,17.571088893749426,1
Scenario C (Gesture Active),545,2.9764,0.3906,0.1683,0.7393,23.734,0.0061,0.0459,0.0103,0.0019,0.0,0.2707,1.6105,29.9757,17.739022040505237,1
Scenario C (Gesture Active),546,3.2569,0.3066,0.2224,0.6981,20.3258,0.007,0.0599,0.0109,0.0019,0.0,0.3815,4.5815,29.8753,17.753604442735487,1
Scenario C (Gesture Active),547,2.6704,0.356,0.2453,0.6179,20.6233,0.0093,0.0882,0.0148,0.0022,0.0,0.464,2.006,27.1274,17.691953304407594,1
Scenario C (Gesture Active),548,2.9363,0.3477,0.2164,0.8347,24.9197,0.0055,0.0437,0.0113,0.002,0.0,0.283,1.6136,31.237,17.751223780273747,1
Scenario C (Gesture Active),549,2.6255,0.3031,0.2284,0.851,27.4189,0.0063,0.0642,0.0128,0.002,0.0,0.4521,1.908,33.8956,17.72906919677916,1
Scenario C (Gesture Active),550,3.0256,0.3713,0.1962,0.7246,20.7977,0.0066,0.0648,0.0129,0.0019,0.0,0.4473,5.8608,31.531,17.69150555819241,1
Scenario C (Gesture Active),551,2.9612,0.3876,0.2642,0.7788,34.6678,0.0069,0.0649,0.0122,0.0021,0.0,0.4668,1.5451,41.1831,17.70754034658366,1
Scenario C (Gesture Active),552,3.1082,0.454,0.1994,0.7975,22.3011,0.0068,0.0649,0.0121,0.0019,0.0,0.4495,8.956,36.3858,17.53215039605409,1
Scenario C (Gesture Active),553,2.9155,0.3143,0.1948,0.7797,28.3065,0.0069,0.0469,0.0106,0.002,0.0,0.2988,1.3626,34.2609,17.590799746595707,1
Scenario C (Gesture Active),554,2.8036,0.3354,0.1759,0.6622,26.6298,0.006,0.0465,0.0104,0.0016,0.0,0.2784,1.4199,32.3909,17.474906229887804,1
Scenario C (Gesture Active),555,3.173,0.3163,0.3259,0.7623,26.667,0.0078,0.0764,0.0131,0.002,0.0,0.5804,1.9628,33.9086,17.369584658436658,1
Scenario C (Gesture Active),556,3.2465,0.4108,0.2206,0.7788,20.4915,0.0067,0.0655,0.018,0.0022,0.0,0.5626,1.9632,27.802,17.225600186064327,1
Scenario C (Gesture Active),557,3.2469,0.3219,0.2201,0.7855,33.0793,0.0065,0.0687,0.0131,0.002,0.0,0.4466,2.0862,40.2991,17.230263096729697,1
Scenario C (Gesture Active),558,2.9419,0.5823,0.1421,0.7528,28.8574,0.0163,0.1233,0.0144,0.0026,0.0,0.5381,1.7047,35.6997,17.184447612861934,1
Scenario C (Gesture Active),559,2.8227,0.2299,0.2125,0.6343,18.4463,0.0053,0.0454,0.0096,0.0018,0.0,0.2631,5.1758,27.8686,30.926103820757554,1
Scenario C (Gesture Active),560,2.9765,0.3142,0.2289,0.7706,18.3801,0.0056,0.0435,0.0103,0.0019,0.0,0.2708,8.0682,31.0923,31.436523621640344,1
Scenario C (Gesture Active),561,2.9579,0.3001,0.201,0.7895,24.4966,0.0064,0.0515,0.0107,0.002,0.0,0.2874,1.5041,30.6313,31.501390236170174,1
Scenario C (Gesture Active),562,2.8695,0.2522,0.2175,0.5367,28.3214,0.0052,0.0455,0.0095,0.0018,0.0,0.3667,2.0042,34.6503,31.212593799215334,1
Scenario C (Gesture Active),563,2.9139,0.3066,0.2345,0.7735,23.3117,0.0056,0.0445,0.0097,0.0018,0.0,0.3759,1.6259,29.6256,30.784691205795074,1
Scenario C (Gesture Active),564,2.755,0.4186,0.195,0.8149,22.1364,0.006,0.0459,0.0098,0.0019,0.0,0.2831,1.6317,28.3236,30.671598747915404,1
Scenario C (Gesture Active),565,2.7851,0.3051,0.2139,0.699,18.3844,0.0059,0.0451,0.0098,0.0017,0.0,0.2676,1.5624,24.3011,30.76846713592456,1
Scenario C (Gesture Active),566,2.7641,0.3756,0.2074,0.7359,19.7511,0.007,0.0659,0.0124,0.0021,0.0,0.441,14.1411,38.5251,31.017259363741946,1
Scenario C (Gesture Active),567,2.8212,0.3465,0.2103,0.7437,25.8338,0.0052,0.0491,0.0098,0.0019,0.0,0.2851,16.7166,47.0481,30.457197870298568,1
Scenario C (Gesture Active),568,2.7153,0.3196,0.2225,0.7283,25.8336,0.0077,0.0732,0.0141,0.0022,0.0,0.4491,16.1665,46.5591,29.6983152199635,1
Scenario C (Gesture Active),569,3.1157,0.3058,0.2149,0.6805,23.9558,0.0072,0.2248,0.3067,0.0563,0.0,0.4459,1.7582,31.2874,29.123119455483987,1
Scenario C (Gesture Active),570,2.9922,0.2277,0.1784,0.5457,25.6227,0.0058,0.061,0.0116,0.0021,0.0,0.3271,1.6138,31.6082,16.21857982216741,1
Scenario C (Gesture Active),571,2.7515,0.2633,0.2155,0.5739,30.2333,0.007,0.0712,0.0137,0.0031,0.0,0.4375,1.9028,36.4932,16.35984702682984,1
Scenario C (Gesture Active),572,2.9894,0.3752,0.1787,0.738,20.2306,0.0057,0.0459,0.0104,0.0024,0.0,0.2452,8.2369,33.0809,16.35062643518739,1
Scenario C (Gesture Active),573,2.878,0.3078,0.1839,0.8011,19.6508,0.0057,0.0479,0.0102,0.0045,0.0132,0.287,1.4944,25.7042,16.367605474122136,1
Scenario C (Gesture Active),574,3.0288,0.4228,0.1532,0.851,20.7666,0.0067,0.0653,0.0123,0.0022,0.0,0.4389,2.047,27.817,16.464967425131935,1
Scenario C (Gesture Active),575,3.1975,0.3237,0.2055,0.6556,26.0421,0.0072,0.0665,0.0128,0.002,0.0,0.4454,1.9771,32.9562,16.551419788983967,1
Scenario C (Gesture Active),576,3.1621,0.3359,0.2204,0.7062,28.8981,0.0076,0.1,0.0135,0.0023,0.0,0.4683,2.0971,36.0402,16.477904406298972,1
Scenario C (Gesture Active),577,2.9165,1.6222,0.1456,0.7121,28.5582,0.0158,0.1097,0.0133,0.0022,0.0,0.4742,2.0538,36.6988,16.52329299049802,1
Scenario C (Gesture Active),578,3.1823,0.308,0.169,0.8179,27.841,0.0067,0.0668,0.0125,0.0021,0.0,0.4513,1.5808,34.4619,16.516522683132113,1
Scenario C (Gesture Active),579,2.7645,0.2562,0.1872,0.6202,30.0764,0.0061,0.0449,0.0099,0.0022,0.0,0.2681,3.8248,38.0844,16.433510003204557,1
Scenario C (Gesture Active),580,2.8169,0.4309,0.1761,0.7516,18.458,0.0055,0.0459,0.0099,0.0018,0.0,0.2682,6.9405,29.9305,16.332504258776193,1
Scenario C (Gesture Active),581,2.9478,0.2953,0.1805,0.7382,25.4931,0.0068,0.0734,0.0145,0.0022,0.0,0.4787,1.8064,32.0608,16.337704239815505,1
Scenario C (Gesture Active),582,2.654,0.327,0.2049,0.6459,22.8836,0.0102,0.0665,0.0135,0.0021,0.0,0.4584,1.8205,29.1103,16.38056829788332,1
Scenario C (Gesture Active),583,2.8464,0.4399,0.228,0.7198,23.8732,0.0055,0.0462,0.0091,0.0018,0.0,0.2649,4.4416,32.8986,16.382743675289703,1
Scenario C (Gesture Active),584,2.8848,0.3921,0.2078,0.7514,28.4891,0.0067,0.0674,0.0138,0.0023,0.0,0.4494,1.5128,34.8091,16.317766106856975,1
Scenario C (Gesture Active),585,2.6308,0.3936,0.2378,0.6082,23.0725,0.0055,0.0453,0.0098,0.0019,0.0,0.2672,1.5451,28.8425,16.1757931980367,1
Scenario C (Gesture Active),586,2.7462,0.3329,0.2273,0.763,23.0789,0.0051,0.0426,0.0098,0.0019,0.0,0.2716,17.6843,45.1876,16.309080163001212,1
Scenario C (Gesture Active),587,3.0301,0.3039,0.201,0.6035,27.8329,0.0059,0.051,0.0111,0.0019,0.0,0.2702,14.4774,46.8147,16.330389051731487,1
Scenario C (Gesture Active),588,2.8535,0.3228,0.2168,0.692,32.5975,0.0049,0.0426,0.0096,0.0019,0.0,0.2674,9.7211,46.7516,16.333940368201322,1
Scenario C (Gesture Active),589,3.1356,0.2674,0.1442,0.6217,21.8318,0.0071,0.0684,0.0136,0.002,0.0,0.4514,2.1337,28.7071,28.79984966155781,1
Scenario C (Gesture Active),590,3.2072,0.3138,0.2019,0.6389,19.0501,0.008,0.0865,0.0143,0.0023,0.0,0.5542,9.6295,33.7334,28.91017910198692,1
Scenario C (Gesture Active),591,2.9602,0.3203,0.2044,0.6449,24.4914,0.0074,0.0751,0.0136,0.002,0.0,0.4656,1.7985,31.0084,29.05462322436786,1
Scenario C (Gesture Active),592,2.9527,0.4163,0.1618,0.6957,25.8059,0.0062,0.047,0.0098,0.0019,0.0,0.2734,1.6638,32.0648,29.14287553208607,1
Scenario C (Gesture Active),593,2.6143,0.3361,0.2292,0.7586,24.1536,0.0059,0.0463,0.0099,0.0018,0.0,0.2683,17.452,45.8996,28.883417829975457,1
Scenario C (Gesture Active),594,3.1656,0.3179,0.2202,0.7515,29.3474,0.0064,0.0495,0.0118,0.0029,0.0,0.2853,12.7326,46.9165,28.094633336012645,1
Scenario C (Gesture Active),595,2.8372,0.4077,0.1617,0.6721,30.0581,0.0056,0.0448,0.0098,0.0018,0.0,0.274,1.5169,36.0106,27.537704459184184,1
Scenario C (Gesture Active),596,2.655,0.3557,0.1853,0.7504,32.6856,0.0114,0.1083,0.0165,0.0021,0.0,0.299,4.7471,41.8434,27.595605439769407,1
Scenario C (Gesture Active),597,2.857,0.3433,0.2262,0.6332,23.9137,0.0065,0.0502,0.0107,0.0023,0.0,0.2777,1.4573,29.8016,27.335712734782952,1
Scenario C (Gesture Active),598,2.7735,0.3082,0.2074,0.6932,22.0285,0.0055,0.0489,0.0106,0.002,0.0,0.3006,5.2696,31.6718,27.50154466270033,1
Scenario C (Gesture Active),599,3.0325,0.4021,0.2187,0.7772,28.7115,0.0062,0.045,0.0102,0.0022,0.0,0.2864,14.158,47.6755,27.75581556534017,1
Scenario D (2 Hands),0,2.9227,0.4079,0.1521,0.8188,16.9277,0.0133,0.1102,0.016,0.0031,0.0,0.5668,2.0634,24.0299,34.024340374152665,2
Scenario D (2 Hands),1,3.3494,0.3092,0.2155,0.717,19.8247,0.0107,0.0659,0.0113,0.0023,0.0,0.4913,14.9916,40.0109,34.430086965463104,2
Scenario D (2 Hands),2,3.0816,0.3056,0.2238,0.7363,18.2346,0.0111,0.0685,0.0113,0.0024,0.0,0.3325,2.2649,25.2949,34.1664941730898,2
Scenario D (2 Hands),3,2.8756,0.3267,0.2751,0.9297,19.8294,0.021,0.1524,0.0172,0.0028,0.0,0.6761,2.0237,27.1579,35.296629023378344,2
Scenario D (2 Hands),4,3.2646,0.3102,0.1791,0.7756,23.9681,0.0126,0.106,0.0163,0.0032,0.0,0.5888,1.769,31.0249,35.149741885173306,2
Scenario D (2 Hands),5,3.1847,0.2778,0.2067,0.6232,24.3722,0.0122,0.1044,0.0174,0.0023,0.0,0.3688,1.4217,30.6358,34.63727337844322,2
Scenario D (2 Hands),6,2.8532,0.2279,0.1706,0.5477,16.8187,0.01,0.064,0.0112,0.0023,0.0,0.3452,1.6346,22.704,34.5557184992338,2
Scenario D (2 Hands),7,2.8909,0.3323,0.1993,0.6318,28.2763,0.0127,0.1045,0.0168,0.003,0.0,0.5623,1.708,34.7716,34.54717975751186,2
Scenario D (2 Hands),8,2.9855,0.286,0.2192,0.6842,29.6446,0.0135,0.1038,0.0167,0.0029,0.0,0.5916,1.9969,36.5702,33.965058835513304,2
Scenario D (2 Hands),9,3.4816,0.3505,0.224,0.6461,21.0957,0.0091,0.0669,0.011,0.0021,0.0,0.34,1.4734,27.7238,34.43587438985605,2
Scenario D (2 Hands),10,2.9906,0.296,0.1608,0.5745,20.9755,0.0134,0.1048,0.0161,0.0035,0.0,0.5899,2.0078,27.7774,34.1525546775829,2
Scenario D (2 Hands),11,3.2767,0.3227,0.2267,0.6389,17.6326,0.0159,0.103,0.0181,0.0031,0.0,0.6138,8.8652,31.7435,33.84583394208325,2
Scenario D (2 Hands),12,2.931,0.3378,0.1816,0.6293,25.8355,0.0096,0.0645,0.0121,0.0026,0.0,0.3362,1.6294,31.9945,33.64722751166374,2
Scenario D (2 Hands),13,3.1787,0.3581,0.2153,0.7673,23.5344,0.0139,0.1181,0.017,0.003,0.0,0.6386,17.5977,46.4689,33.379481354148865,2
Scenario D (2 Hands),14,3.0783,0.3526,0.246,0.7182,16.5459,0.0225,0.1565,0.0189,0.0029,0.0,0.6696,9.3919,31.2318,32.93881593196296,2
Scenario D (2 Hands),15,3.0922,0.3162,0.2105,0.746,18.8445,0.0157,0.088,0.0119,0.0023,0.0,0.3373,7.2483,31.0021,32.56224996087632,2
Scenario D (2 Hands),16,2.961,0.3321,0.1988,0.6913,25.219,0.0246,0.0773,0.0128,0.0032,0.0,0.3569,1.372,31.2724,32.102493658398245,2
Scenario D (2 Hands),17,3.1737,0.3283,0.2503,0.7615,29.7904,0.0094,0.0683,0.0125,0.0021,0.0,0.3301,12.6494,47.4039,32.08127343191124,2
Scenario D (2 Hands),18,2.9007,0.3406,0.2124,0.6471,22.361,0.014,0.1397,0.0176,0.0029,0.0,0.6064,2.0477,29.315,31.18207358320173,2
Scenario D (2 Hands),19,3.2955,0.2551,0.2838,0.7615,21.9453,0.0093,0.0641,0.011,0.0023,0.0,0.3221,6.5522,33.5364,31.20983121062387,2
Scenario D (2 Hands),20,2.9231,0.3865,0.1799,0.6961,21.8163,0.0192,0.1206,0.0167,0.0031,0.0,0.4078,1.5215,28.1245,30.770938270680148,2
Scenario D (2 Hands),21,3.3061,0.2493,0.203,0.6376,16.7707,0.0091,0.0651,0.0107,0.0022,0.0,0.3269,1.3973,22.9995,31.346885343917112,2
Scenario D (2 Hands),22,3.2825,0.2766,0.202,0.7048,26.5554,0.0133,0.1177,0.0154,0.0028,0.0,0.4527,1.702,33.3522,31.458401740377848,2
Scenario D (2 Hands),23,2.8806,0.3556,0.325,0.8165,23.7076,0.0099,0.0691,0.0119,0.0024,0.0,0.3382,1.5715,30.1176,31.176242581674927,2
Scenario D (2 Hands),24,2.9627,0.3843,0.2313,0.7567,21.1952,0.0102,0.0763,0.0116,0.0021,0.0,0.3927,1.5641,27.613,31.21095574519049,2
Scenario D (2 Hands),25,2.7448,0.3462,0.284,0.8655,31.1287,0.0111,0.0884,0.0134,0.0024,0.0,0.7698,1.6014,37.882,31.363552499425403,2
Scenario D (2 Hands),26,2.8772,0.3494,0.2091,0.6827,30.3919,0.0134,0.1094,0.0165,0.0028,0.0,0.6367,2.021,37.3379,30.58850605595933,2
Scenario D (2 Hands),27,2.6833,0.3655,0.2819,0.7897,21.2237,0.0149,0.0696,0.0116,0.0025,0.0,0.3753,1.7849,27.644,30.476603064572323,2
Scenario D (2 Hands),28,3.1249,0.2989,0.1662,0.7197,23.3595,0.0112,0.0741,0.0122,0.0022,0.0,0.3455,1.3776,29.522,30.927135987494367,2
Scenario D (2 Hands),29,3.4894,0.375,0.173,0.9885,21.8107,0.0109,0.0723,0.0116,0.0024,0.0,0.3597,1.6454,28.9635,30.786379967085693,2
Scenario D (2 Hands),30,2.8476,0.3465,0.164,0.7809,27.9212,0.012,0.0739,0.0114,0.0034,0.0,0.3452,7.3106,39.8414,17.06609285555049,2
Scenario D (2 Hands),31,2.8381,0.3639,0.1666,0.7389,21.4385,0.0131,0.108,0.0174,0.0039,0.0,0.5577,1.9388,28.2149,16.93712744303958,2
Scenario D (2 Hands),32,3.2258,0.3464,0.1972,0.7938,19.6201,0.0107,0.0701,0.0115,0.003,0.0,0.3433,1.8021,26.4536,16.9926397431693,2
Scenario D (2 Hands),33,3.2144,0.2548,0.1905,0.6663,26.3601,0.0099,0.0688,0.0119,0.0064,0.0122,0.3839,1.5571,32.761,17.30141612701809,2
Scenario D (2 Hands),34,3.043,0.3933,0.1814,0.956,25.2581,0.0101,0.0723,0.0109,0.0055,0.0009,0.3673,8.059,38.3892,17.28051181614587,2
Scenario D (2 Hands),35,3.0365,0.3415,0.1472,0.7804,27.0816,0.0101,0.0678,0.0112,0.0044,0.0007,0.3655,14.3829,46.254,17.162952453069448,2
Scenario D (2 Hands),36,2.7237,0.2912,0.1728,0.715,17.4477,0.01,0.0681,0.0117,0.005,0.0009,0.3714,1.5584,23.3984,16.942114492041274,2
Scenario D (2 Hands),37,3.0289,0.3258,0.1908,0.6455,23.3264,0.0132,0.1049,0.0163,0.0059,0.0011,0.5995,2.006,30.2911,17.303410904184577,2
Scenario D (2 Hands),38,3.0483,0.3077,0.1886,0.765,23.7151,0.0108,0.0674,0.011,0.005,0.0007,0.3683,11.2953,39.8072,17.294762683556083,2
Scenario D (2 Hands),39,3.03,0.3069,0.1787,0.7714,28.7528,0.0116,0.0796,0.0119,0.0049,0.0009,0.379,1.8465,35.3994,17.18991510066629,2
Scenario D (2 Hands),40,3.3407,0.3149,0.197,0.7627,27.7041,0.0135,0.1198,0.0171,0.0063,0.0008,0.6181,1.6759,34.7987,17.07727998786252,2
Scenario D (2 Hands),41,3.2491,0.3018,0.2011,0.7463,19.5684,0.01,0.0684,0.0122,0.0048,0.0008,0.4005,12.666,37.2536,16.899196176867385,2
Scenario D (2 Hands),42,2.8754,0.3077,0.1796,0.8006,27.8427,0.0145,0.1271,0.0189,0.0129,0.0009,0.7888,13.5173,46.5117,16.84125531653204,2
Scenario D (2 Hands),43,2.8361,0.2681,0.1996,0.6414,18.6921,0.0104,0.0696,0.0113,0.0048,0.011,0.386,1.6296,24.7852,16.602667784458884,2
Scenario D (2 Hands),44,2.7218,0.3447,0.2302,0.8007,22.449,0.0109,0.0764,0.0122,0.0024,0.0,0.3949,1.8542,28.9222,16.641401145931958,2
Scenario D (2 Hands),45,3.1241,0.4005,0.1781,0.7728,17.4784,0.0094,0.07,0.0113,0.002,0.0,0.3916,1.587,24.0507,16.769978430361633,2
Scenario D (2 Hands),46,3.0364,0.3052,0.1858,0.7942,23.8767,0.0137,0.1214,0.0196,0.0029,0.0,0.636,17.9252,46.9547,16.966981869217697,2
Scenario D (2 Hands),47,3.2661,0.2481,0.1768,0.525,20.6092,0.0126,0.1027,0.0164,0.0029,0.0,0.6012,1.9963,27.5813,16.68182406206865,2
Scenario D (2 Hands),48,2.9625,0.3193,0.1826,0.7245,23.3112,0.0139,0.1164,0.0189,0.0032,0.0,0.6497,1.8967,30.2231,16.720450949051703,2
Scenario D (2 Hands),49,2.8867,0.3165,0.1899,0.7632,26.4937,0.01,0.0741,0.0121,0.0023,0.0,0.739,2.0263,33.5402,29.58461292873345,2
Scenario D (2 Hands),50,3.1911,0.2547,0.1577,0.6831,21.4318,0.01,0.0727,0.0134,0.0023,0.0,0.3589,1.4052,27.6028,29.869828322592955,2
Scenario D (2 Hands),51,3.0973,0.2983,0.1726,0.6375,20.583,0.0129,0.1138,0.0197,0.0033,0.0,0.6616,10.9168,36.5442,29.92164226318068,2
Scenario D (2 Hands),52,2.8836,0.4076,0.1508,0.7467,30.2268,0.0104,0.0705,0.0117,0.0023,0.0,0.3643,1.3221,36.2197,29.45896593164445,2
Scenario D (2 Hands),53,3.0048,0.2553,0.1555,0.6239,27.6188,0.0119,0.108,0.0168,0.003,0.0,0.6175,10.1377,42.5786,29.28738891602325,2
Scenario D (2 Hands),54,2.8575,0.3029,0.1956,0.7286,30.6885,0.0125,0.1044,0.0165,0.003,0.0,0.7401,2.0092,37.6853,29.105335299211447,2
Scenario D (2 Hands),55,3.0724,0.4943,0.1976,0.7263,26.0701,0.0098,0.0839,0.0118,0.0023,0.0,0.3459,1.6895,32.7279,29.468007272729963,2
Scenario D (2 Hands),56,2.7867,0.3511,0.188,0.7988,19.2373,0.0115,0.077,0.0129,0.0022,0.0,0.3697,1.4697,25.3284,29.077256793998302,2
Scenario D (2 Hands),57,2.7522,0.3431,0.1835,0.76,26.9366,0.0095,0.0667,0.011,0.0021,0.0,0.3426,1.4419,32.8737,29.300159825519213,2
Scenario D (2 Hands),58,2.733,0.4135,0.1828,0.8263,24.3464,0.0109,0.0705,0.012,0.0026,0.0,0.3531,1.389,30.3726,29.616794938833333,2
Scenario D (2 Hands),59,3.3628,0.3297,0.1813,0.7381,20.7255,0.0109,0.0674,0.0115,0.0023,0.0,0.3533,1.4297,27.2376,29.8405913615117,2
Scenario D (2 Hands),60,3.1709,0.2408,0.1866,0.6632,17.274,0.0113,0.0702,0.0115,0.0025,0.0,0.3681,1.8244,23.8455,16.701332178719763,2
Scenario D (2 Hands),61,2.8082,0.3426,0.1791,0.7264,25.0834,0.0134,0.1183,0.0274,0.004,0.0,0.6437,1.5799,31.553,16.90068349854378,2
Scenario D (2 Hands),62,2.7144,0.3203,0.1479,0.7387,18.7801,0.0119,0.1039,0.0169,0.004,0.0,0.6003,1.9855,25.4488,17.128693177971304,2
Scenario D (2 Hands),63,3.2458,0.3073,0.2042,0.6712,22.8181,0.0139,0.127,0.0197,0.0087,0.0187,0.7549,1.9117,30.1273,17.108758527352794,2
Scenario D (2 Hands),64,3.1309,0.3122,0.1598,0.6857,28.8622,0.0165,0.0724,0.012,0.0055,0.0007,0.3954,1.688,35.366,17.09819409847602,2
Scenario D (2 Hands),65,3.0574,0.3882,0.1904,0.7912,23.2774,0.0105,0.0745,0.0118,0.0046,0.0008,0.378,1.6406,29.852,16.926410729350835,2
Scenario D (2 Hands),66,2.8791,0.357,0.2067,0.7791,23.0182,0.0144,0.0832,0.012,0.0049,0.0008,0.3704,1.8127,29.5644,17.192410913841815,2
Scenario D (2 Hands),67,2.8863,0.3163,0.1735,0.6375,32.917,0.0137,0.1182,0.0169,0.0061,0.001,0.5393,14.6543,52.306,17.158107934990543,2
Scenario D (2 Hands),68,2.9304,0.3464,0.1779,0.7721,27.7722,0.0111,0.0728,0.0126,0.0051,0.0009,0.4075,1.6492,34.1827,16.8209717741561,2
Scenario D (2 Hands),69,3.0185,0.4018,0.1671,0.7796,19.498,0.0134,0.116,0.0183,0.0073,0.0009,0.7913,1.6838,26.526,16.813079182795807,2
Scenario D (2 Hands),70,2.9694,0.3457,0.1849,0.7891,27.1041,0.0096,0.0683,0.011,0.0049,0.0008,0.7521,1.9172,34.1822,16.827837678439415,2
Scenario D (2 Hands),71,2.8263,0.2526,0.1745,0.6712,20.7268,0.0093,0.0685,0.0111,0.0048,0.0008,0.4912,1.99,27.25,16.863254097484745,2
Scenario D (2 Hands),72,2.8957,0.3341,0.1854,0.7347,30.4982,0.011,0.0694,0.0114,0.0046,0.0007,0.3749,13.3843,48.528,17.000186872026795,2
Scenario D (2 Hands),73,2.9907,0.316,0.1778,0.7956,20.6717,0.0102,0.0668,0.0114,0.0049,0.0006,0.3647,1.4917,26.9262,16.906520629038386,2
Scenario D (2 Hands),74,2.8542,0.3176,0.1839,0.746,19.6656,0.0099,0.0712,0.0114,0.0045,0.0113,0.3634,11.0149,35.2772,17.075487012291333,2
Scenario D (2 Hands),75,3.0052,0.3348,0.1801,0.7366,31.2931,0.0137,0.1301,0.0172,0.0034,0.0,0.6393,2.0569,38.4362,17.029237966597453,2
Scenario D (2 Hands),76,3.2589,0.3379,0.1669,0.6713,18.3875,0.0244,0.1101,0.0267,0.0032,0.0,0.6736,2.078,25.7859,16.82696358940759,2
Scenario D (2 Hands),77,3.2652,0.4026,0.2295,0.746,22.8806,0.0132,0.1196,0.0173,0.0034,0.0,0.6786,1.656,30.0462,16.9350470734515,2
Scenario D (2 Hands),78,3.1499,0.2702,0.1968,0.6438,25.4738,0.0107,0.074,0.0128,0.0026,0.0,0.3888,1.4299,31.675,16.948185729601114,2
Scenario D (2 Hands),79,2.9903,0.2401,0.1422,0.7239,27.3214,0.0112,0.0918,0.0135,0.0025,0.0,0.4308,1.4538,33.4461,30.79490985279905,2
Scenario D (2 Hands),80,2.9324,0.3705,0.1932,0.7125,17.2318,0.0091,0.067,0.0108,0.0022,0.0,0.3752,1.5166,23.444,30.30939924146419,2
Scenario D (2 Hands),81,3.2279,0.3564,0.2026,0.6739,27.2736,0.0089,0.0665,0.0111,0.002,0.0,0.3439,16.6999,48.8995,30.695013760257602,2
Scenario D (2 Hands),82,3.2914,0.2633,0.1789,0.6865,28.7339,0.0101,0.0807,0.0111,0.0021,0.0,0.3443,1.6125,35.2362,29.59043502799685,2
Scenario D (2 Hands),83,2.6908,0.352,0.2053,0.6605,17.266,0.0102,0.0703,0.0115,0.0024,0.0,0.3646,1.7385,23.3978,29.37817857140224,2
Scenario D (2 Hands),84,2.7883,0.3316,0.2145,0.8158,23.5366,0.0102,0.0734,0.0121,0.0023,0.0,0.3702,1.3854,29.5638,29.922687116822416,2
Scenario D (2 Hands),85,2.7074,0.264,0.1565,0.8171,21.0986,0.0135,0.1398,0.0164,0.0028,0.0,0.4692,1.6739,27.3836,29.933994177857077,2
Scenario D (2 Hands),86,3.1179,0.351,0.3009,0.8538,22.0903,0.0103,0.0893,0.0121,0.0023,0.0,0.3889,13.2657,40.51,30.018787597985483,2
Scenario D (2 Hands),87,2.9549,0.338,0.2317,0.8173,20.7973,0.0452,0.1215,0.0316,0.0033,0.0,0.5802,4.2369,30.186,30.599981261816957,2
Scenario D (2 Hands),88,2.9902,0.3998,0.2105,0.7609,17.05,0.0137,0.1095,0.0198,0.0031,0.0,0.7518,1.6828,24.0228,30.799384876289253,2
Scenario D (2 Hands),89,2.7248,0.3438,0.212,0.7452,18.5227,0.0124,0.0701,0.0125,0.0022,0.0,0.3676,1.3826,24.4206,30.935191654943466,2
Scenario D (2 Hands),90,2.8463,0.3101,0.1515,0.6568,17.1749,0.0393,0.1314,0.0102,0.0023,0.0,0.4317,1.7141,23.492,17.203522919745595,2
Scenario D (2 Hands),91,3.168,0.255,0.1217,0.6186,24.4981,0.0138,0.1085,0.019,0.0042,0.0,0.6098,1.8272,31.2693,17.258215173464045,2
Scenario D (2 Hands),92,2.7899,0.3801,0.1755,0.6158,16.6915,0.0132,0.1232,0.0185,0.0045,0.0,0.698,1.8145,23.3542,17.542211532916063,2
Scenario D (2 Hands),93,2.6389,0.332,0.2208,0.7136,17.4325,0.0109,0.0658,0.011,0.0028,0.0,0.3274,16.148,37.9262,17.59882550498604,2
Scenario D (2 Hands),94,3.0693,0.2473,0.1562,0.6281,17.6687,0.0101,0.0678,0.0121,0.0054,0.0143,0.3685,1.5492,23.8211,17.550285766636833,2
Scenario D (2 Hands),95,2.7221,0.5047,0.1947,0.7846,23.5015,0.013,0.0962,0.0127,0.005,0.0007,0.3524,10.1032,38.3195,17.80123285700628,2
Scenario D (2 Hands),96,2.8189,0.3076,0.1829,0.6769,22.7893,0.0089,0.0614,0.0106,0.0043,0.0007,0.3891,3.2585,30.5357,17.590803629509598,2
Scenario D (2 Hands),97,2.8824,0.3588,0.2197,0.7035,21.9657,0.011,0.0673,0.0112,0.0048,0.0009,0.351,1.5985,28.1997,17.581955037176325,2
Scenario D (2 Hands),98,2.6324,0.2476,0.1593,0.5705,20.4765,0.0109,0.0706,0.0118,0.0049,0.0011,0.3553,1.7039,26.2681,17.639853093778445,2
Scenario D (2 Hands),99,2.8357,0.3721,0.2077,0.7918,25.5668,0.0093,0.064,0.0114,0.0046,0.0009,0.3544,1.536,31.7802,17.753663769721243,2
Scenario D (2 Hands),100,3.0072,0.3527,0.2458,0.8319,17.3744,0.0096,0.0645,0.0113,0.0047,0.0007,0.3471,1.6504,23.929,17.61652277618186,2
Scenario D (2 Hands),101,3.0369,0.3578,0.2508,0.795,22.6038,0.0093,0.0642,0.0107,0.0045,0.0008,0.3428,1.6994,29.203,18.037661181550252,2
Scenario D (2 Hands),102,2.846,0.3744,0.1946,0.6989,23.415,0.0089,0.0625,0.0108,0.0048,0.0006,0.3533,1.6272,29.6244,18.133618282757997,2
Scenario D (2 Hands),103,2.8951,0.374,0.2087,0.7944,23.2619,0.0114,0.1033,0.0169,0.0046,0.0008,0.3512,1.5924,29.6406,18.02724815857653,2
Scenario D (2 Hands),104,2.8725,0.4359,0.1916,0.7571,17.7581,0.0087,0.0648,0.0112,0.0048,0.0006,0.3592,1.7525,24.2436,18.025348018986247,2
Scenario D (2 Hands),105,3.1511,0.4708,0.2147,0.7537,20.7224,0.009,0.0656,0.0112,0.005,0.0006,0.3616,1.4254,27.2165,18.081271564481813,2
Scenario D (2 Hands),106,2.9246,0.2429,0.1874,0.621,18.0141,0.0104,0.0684,0.0122,0.0053,0.001,0.3829,1.6773,24.1676,18.31436578183294,2
Scenario D (2 Hands),107,3.7169,0.5531,0.2131,0.7153,22.2049,0.0094,0.0775,0.013,0.0063,0.0176,0.3981,1.7735,29.7269,18.40723689255624,2
Scenario D (2 Hands),108,3.3376,0.2714,0.1871,0.6589,18.0696,0.013,0.0887,0.0114,0.0021,0.0,0.3461,1.5949,24.6039,18.30952680727016,2
Scenario D (2 Hands),109,3.1732,0.3348,0.1946,0.711,17.5721,0.0092,0.0661,0.0114,0.0022,0.0,0.4047,2.1534,24.6633,35.326608025242734,2
Scenario D (2 Hands),110,2.7824,0.3099,0.1463,0.6285,17.8875,0.011,0.0747,0.0131,0.0025,0.0,0.3788,1.5149,23.7731,35.28856404118339,2
Scenario D (2 Hands),111,2.7908,0.3581,0.3106,0.9766,18.2557,0.009,0.0649,0.0117,0.0024,0.0,0.3554,1.8625,25.0473,35.75494967767871,2
Scenario D (2 Hands),112,3.2,0.3484,0.2516,0.7501,21.5638,0.0099,0.088,0.0112,0.0019,0.0,0.3679,1.6473,28.2636,35.609560969680935,2
Scenario D (2 Hands),113,2.6547,0.2539,0.1399,0.6463,18.3144,0.01,0.0683,0.0108,0.0021,0.0,0.3454,1.7152,24.1815,36.33708794528356,2
Scenario D (2 Hands),114,2.9146,0.2725,0.2087,0.7043,17.982,0.01,0.0641,0.0119,0.0022,0.0,0.3536,1.7349,24.284,36.26849098860269,2
Scenario D (2 Hands),115,2.9852,0.2682,0.1839,0.6647,18.1821,0.0117,0.0764,0.0135,0.0023,0.0,0.4166,7.0749,29.906,37.27244902922611,2
Scenario D (2 Hands),116,2.9384,0.3236,0.2203,0.6722,17.6825,0.0113,0.0707,0.0122,0.0026,0.0,0.4076,1.7481,24.1176,37.32705811818489,2
Scenario D (2 Hands),117,3.0817,0.2639,0.2365,0.7056,17.6703,0.0098,0.0653,0.0109,0.0021,0.0,0.3677,1.5876,24.0251,37.60401201187598,2
Scenario D (2 Hands),118,3.2085,0.3302,0.2416,0.8294,17.7539,0.0093,0.0674,0.0118,0.0023,0.0,0.3646,1.4975,24.3454,37.77633061540059,2
Scenario D (2 Hands),119,3.2032,0.2607,0.1641,0.6373,17.9776,0.0105,0.0685,0.0118,0.0021,0.0,0.3695,1.4596,24.1884,38.359200467481806,2
Scenario D (2 Hands),120,2.9709,0.2541,0.1949,0.6488,18.1309,0.0108,0.0701,0.0116,0.0025,0.0,0.5438,1.5575,24.4194,18.742693181965176,2
Scenario D (2 Hands),121,2.8607,0.302,0.1867,0.6554,17.5281,0.0155,0.1031,0.0143,0.0036,0.0,0.453,1.6953,23.8494,18.830323872462312,2
Scenario D (2 Hands),122,3.2385,0.2559,0.2142,0.6753,18.1668,0.0115,0.0701,0.0116,0.0027,0.0,0.3588,1.6415,24.672,18.93293604117305,2
Scenario D (2 Hands),123,2.7508,0.4081,0.191,0.6725,19.0852,0.0094,0.0654,0.0117,0.0029,0.0,0.3479,1.3689,24.9377,19.035644997551625,2
Scenario D (2 Hands),124,3.1918,0.3913,0.2802,0.7053,18.4449,0.01,0.0702,0.0125,0.0057,0.0119,0.4194,1.6021,25.1716,19.01159922657509,2
Scenario D (2 Hands),125,2.8244,0.2588,0.1421,0.6129,18.994,0.0089,0.0658,0.0114,0.0049,0.0009,0.5553,1.6558,25.1581,19.06039444020039,2
Scenario D (2 Hands),126,2.9106,0.3025,0.1744,0.6529,17.8245,0.0099,0.0796,0.0121,0.0048,0.0009,0.4937,1.4664,23.9577,19.05598710276302,2
Scenario D (2 Hands),127,3.1383,0.4107,0.1808,0.7807,18.2626,0.0096,0.066,0.011,0.0041,0.0008,0.3536,1.7005,24.9452,19.15358748624921,2
Scenario D (2 Hands),128,2.7814,0.2897,0.1877,0.6424,18.8264,0.0092,0.0652,0.012,0.0045,0.0008,0.3568,3.4637,26.6644,19.150158503740073,2
Scenario D (2 Hands),129,2.7807,0.26,0.2217,0.7051,18.4778,0.0113,0.0928,0.0119,0.0045,0.0009,0.485,1.5663,24.6435,19.106384876347114,2
Scenario D (2 Hands),130,3.1909,0.2613,0.1541,0.6487,18.5794,0.0106,0.0675,0.0157,0.0088,0.0014,0.6219,1.943,25.5297,19.0818997285158,2
Scenario D (2 Hands),131,2.9514,0.2714,0.1803,0.6452,18.9498,0.01,0.0685,0.0114,0.0048,0.0009,0.3602,1.6114,25.0897,19.08664362301402,2
Scenario D (2 Hands),132,3.038,0.3414,0.1636,0.7947,18.6039,0.0141,0.1798,0.0213,0.0065,0.0069,0.467,1.7142,25.3832,19.13756236259217,2
Scenario D (2 Hands),133,3.1654,0.2502,0.17,0.5901,28.4705,0.013,0.116,0.0182,0.0065,0.0012,0.7965,1.3606,34.9826,19.11416628210528,2
Scenario D (2 Hands),134,2.8454,0.4383,0.2011,0.7364,19.8824,0.0098,0.0942,0.0115,0.0047,0.0008,0.3776,1.3383,25.9858,18.916492040960687,2
Scenario D (2 Hands),135,3.2389,0.2623,0.1571,0.5609,19.2702,0.009,0.0645,0.0111,0.0046,0.0007,0.3507,2.994,26.9462,18.984271444494816,2
Scenario D (2 Hands),136,3.163,0.3549,0.219,0.8052,29.2555,0.0092,0.0665,0.0108,0.0048,0.0009,0.3613,1.483,35.7622,18.932562711973933,2
Scenario D (2 Hands),137,2.9422,0.2488,0.1875,0.5999,25.1004,0.0112,0.0682,0.0119,0.0055,0.0008,0.3607,12.46,42.0191,18.719979403548567,2
Scenario D (2 Hands),138,3.0541,0.3142,0.2123,0.7276,24.8809,0.0096,0.0678,0.0125,0.0051,0.0116,0.3766,17.3233,47.0207,18.396821846137296,2
Scenario D (2 Hands),139,2.9614,0.2308,0.1865,0.5591,17.3829,0.0103,0.0861,0.0127,0.0026,0.0,0.3895,9.6864,31.5357,35.36157996047259,2
Scenario D (2 Hands),140,2.9397,0.3861,0.2012,0.8741,27.5139,0.0092,0.0633,0.012,0.0023,0.0,0.3591,1.405,33.7931,34.891992665357826,2
Scenario D (2 Hands),141,2.9607,0.4551,0.2348,0.9662,18.4227,0.0101,0.065,0.0112,0.0024,0.0,0.3559,1.6181,25.1322,34.2846149014506,2
Scenario D (2 Hands),142,3.2757,0.2569,0.2381,0.6425,20.8189,0.0098,0.0664,0.012,0.0019,0.0,0.353,1.5284,27.2267,34.212786856812656,2
Scenario D (2 Hands),143,3.2017,0.3816,0.2308,0.7577,21.1631,0.0093,0.0644,0.0114,0.0022,0.0,0.343,1.4846,27.6751,34.12514816210476,2
Scenario D (2 Hands),144,3.594,0.3754,0.2426,0.869,19.6161,0.0089,0.0663,0.0112,0.0023,0.0,0.3601,1.5642,26.736,33.90110830203432,2
Scenario D (2 Hands),145,2.802,0.4956,0.2568,0.7407,20.9052,0.0094,0.0659,0.0112,0.0023,0.0,0.3528,1.5034,27.1718,33.86116424741851,2
Scenario D (2 Hands),146,2.7748,0.3892,0.3336,0.8655,23.0373,0.0093,0.0684,0.0111,0.0024,0.0,0.3556,6.8709,34.7456,33.681699186737596,2
Scenario D (2 Hands),147,3.095,0.2601,0.1749,0.6063,17.1341,0.0112,0.0853,0.0137,0.0023,0.0,0.3753,1.4695,23.2497,33.067771861110984,2
Scenario D (2 Hands),148,3.1112,0.2588,0.1894,0.5612,22.0593,0.0095,0.0646,0.0115,0.0023,0.0,0.3465,1.7757,28.414,33.26599134327075,2
Scenario D (2 Hands),149,3.0833,0.3824,0.2293,0.769,24.9413,0.0096,0.0671,0.0117,0.0024,0.0,0.3512,1.5019,31.3737,33.071504485448486,2
Scenario D (2 Hands),150,2.6433,0.2466,0.1925,0.6022,16.046,0.0102,0.0702,0.0093,0.0026,0.0,0.3608,3.5014,23.7049,17.048932919752424,2
Scenario D (2 Hands),151,2.943,0.2295,0.1403,0.5897,22.0658,0.033,0.1513,0.0179,0.004,0.0,0.6613,1.529,28.3891,17.06553735543388,2
Scenario D (2 Hands),152,3.2484,0.2883,0.178,0.7073,18.3903,0.009,0.0638,0.0106,0.0027,0.0,0.337,1.4702,24.7296,17.02014179647021,2
Scenario D (2 Hands),153,3.1162,0.3773,0.2437,0.7506,16.982,0.0113,0.074,0.0148,0.003,0.0,0.357,1.6795,23.6366,17.17505536671342,2
Scenario D (2 Hands),154,3.2594,0.3877,0.3393,0.8805,25.2927,0.0091,0.0674,0.012,0.0052,0.0123,0.3741,2.0132,32.6848,17.214076649211766,2
Scenario D (2 Hands),155,3.419,0.3966,0.1947,0.8525,30.783,0.0173,0.0716,0.0121,0.0057,0.0012,0.3834,11.7878,47.9499,17.121969560570975,2
Scenario D (2 Hands),156,3.2528,0.3173,0.2208,0.7766,28.1106,0.0118,0.0968,0.0139,0.0047,0.0007,0.3478,1.399,34.5787,16.93467640380005,2
Scenario D (2 Hands),157,3.0869,0.4277,0.2035,0.7756,25.8963,0.0102,0.0689,0.0126,0.0044,0.0007,0.3622,1.4988,32.3784,17.052862052289427,2
Scenario D (2 Hands),158,2.7105,0.3864,0.2406,0.7569,18.4323,0.0459,0.1272,0.0351,0.0272,0.0012,0.4522,1.4993,24.7464,17.28344632350533,2
Scenario D (2 Hands),159,2.7448,0.3606,0.1659,0.6087,31.5471,0.01,0.0674,0.0118,0.0044,0.0007,0.3692,1.6254,37.5385,17.39065582413592,2
Scenario D (2 Hands),160,2.9362,0.3873,0.177,0.7566,19.4876,0.0135,0.1361,0.0184,0.0067,0.0009,0.6923,1.9644,26.6067,17.33004441689908,2
Scenario D (2 Hands),161,3.1419,0.4465,0.2338,0.8189,32.6383,0.0118,0.1709,0.0134,0.0059,0.0012,0.4917,2.1982,40.2225,17.3057218142785,2
Scenario D (2 Hands),162,2.9132,0.2668,0.1238,0.5921,27.1098,0.0096,0.0685,0.0123,0.0057,0.0007,0.3802,1.6666,33.1716,17.10661007951638,2
Scenario D (2 Hands),163,2.7274,0.3118,0.167,0.674,21.2701,0.012,0.0876,0.0135,0.006,0.0008,0.3617,1.6176,27.273,17.031505338656316,2
Scenario D (2 Hands),164,3.0967,0.231,0.2134,0.6298,19.3578,0.0092,0.0668,0.0116,0.0047,0.0008,0.353,1.6029,25.6065,17.004968011570547,2
Scenario D (2 Hands),165,2.7804,0.3588,0.1817,0.7701,28.9364,0.0133,0.1132,0.0181,0.0062,0.0165,0.6874,2.0608,35.9731,17.03396264325128,2
Scenario D (2 Hands),166,2.9965,0.3523,0.1897,0.7216,18.9838,0.0158,0.1699,0.0187,0.0031,0.0,0.7449,11.1467,35.3718,17.016641943368665,2
Scenario D (2 Hands),167,3.2131,0.332,0.1941,0.737,19.0734,0.0109,0.0667,0.0116,0.0022,0.0,0.3454,7.4492,31.4608,16.830535135308658,2
Scenario D (2 Hands),168,2.6752,0.3211,0.1995,0.7233,21.9383,0.0095,0.0651,0.0124,0.0022,0.0,0.3727,4.4984,30.8462,16.792842181566847,2
Scenario D (2 Hands),169,2.944,0.353,0.2151,0.6916,28.2062,0.01,0.0689,0.0116,0.0022,0.0,0.3686,1.8313,34.7293,31.806062773367795,2
Scenario D (2 Hands),170,3.3966,0.3325,0.2347,0.8289,24.85,0.0094,0.0683,0.012,0.0027,0.0,0.3595,12.3053,42.4295,31.220529793022177,2
Scenario D (2 Hands),171,2.9859,0.4217,0.1842,0.8039,27.5505,0.0101,0.0683,0.0119,0.0022,0.0,0.3691,1.5397,33.9728,30.547163439589912,2
Scenario D (2 Hands),172,2.6633,0.2431,0.1899,0.5507,21.3538,0.0114,0.0702,0.0126,0.0026,0.0,0.4494,1.6976,27.2702,30.109567820771776,2
Scenario D (2 Hands),173,3.1548,0.2396,0.1922,0.6415,19.2786,0.0136,0.1046,0.0143,0.0028,0.0,0.3731,1.6679,25.7091,29.924687147729056,2
Scenario D (2 Hands),174,2.9471,0.3538,0.186,0.6614,18.6652,0.0108,0.0732,0.0122,0.0023,0.0,0.3694,1.6299,24.9398,30.25556862420528,2
Scenario D (2 Hands),175,2.8683,0.4072,0.223,0.9986,18.1925,0.0131,0.0775,0.0125,0.0024,0.0,0.3704,1.7541,24.9477,31.424747117063546,2
Scenario D (2 Hands),176,3.0986,0.2817,0.1749,0.7304,18.8902,0.0112,0.0924,0.0132,0.0027,0.0,0.3695,1.6002,25.2893,31.906140624111682,2
Scenario D (2 Hands),177,3.0356,0.358,0.2185,0.7805,24.4051,0.0124,0.097,0.0144,0.0029,0.0,0.4543,1.7294,31.1398,32.274996770142266,2
Scenario D (2 Hands),178,3.0433,0.4061,0.2007,0.7347,18.4138,0.0096,0.0656,0.0113,0.0021,0.0,0.3462,1.6781,24.9368,31.928204207746255,2
Scenario D (2 Hands),179,2.8862,0.4124,0.2301,0.8013,25.8142,0.0118,0.0855,0.0125,0.0027,0.0,0.3647,1.4514,32.0996,32.63623388957167,2
Scenario D (2 Hands),180,2.6905,0.2939,0.2079,0.6537,16.4787,0.0106,0.0678,0.0108,0.0031,0.0,0.3806,1.5601,22.3814,17.259504698556658,2
Scenario D (2 Hands),181,3.0442,0.2864,0.183,0.7593,16.8328,0.015,0.1122,0.0179,0.0043,0.0,0.7613,10.7878,32.8295,17.533998124526676,2
Scenario D (2 Hands),182,2.7945,0.3536,0.2182,0.6968,25.0814,0.0135,0.1114,0.0192,0.004,0.0,0.6321,1.8678,31.8212,17.53947416204053,2
Scenario D (2 Hands),183,2.9415,0.3278,0.2173,0.8026,17.5138,0.0112,0.0672,0.0125,0.0054,0.0121,0.3613,8.5272,30.8245,17.470496805221785,2
Scenario D (2 Hands),184,3.1115,0.247,0.1994,0.6381,26.185,0.0794,0.1281,0.0126,0.0052,0.0009,0.3703,1.554,32.5557,17.37986179294065,2
Scenario D (2 Hands),185,2.7788,0.2505,0.1948,0.6479,19.4316,0.0135,0.1096,0.0179,0.006,0.0009,0.6464,1.7802,25.9043,17.443605809998736,2
Scenario D (2 Hands),186,2.9435,0.3693,0.2351,0.707,23.7495,0.0143,0.1075,0.0174,0.0066,0.001,0.6378,5.7597,34.5744,17.59781897019832,2
Scenario D (2 Hands),187,2.9737,0.3473,0.2012,0.7784,25.4787,0.0099,0.0995,0.0115,0.0051,0.0007,0.4315,1.6432,32.0082,17.537142858400355,2
Scenario D (2 Hands),188,2.7288,0.4598,0.2756,0.6689,29.5401,0.0141,0.1098,0.0206,0.0063,0.0011,0.6698,10.991,45.5159,17.51743648394703,2
Scenario D (2 Hands),189,2.892,0.3593,0.2105,0.7421,23.3963,0.0107,0.068,0.0112,0.0046,0.0008,0.3782,3.2135,31.311,17.35762199126192,2
Scenario D (2 Hands),190,2.9518,0.7273,0.1439,0.6564,21.7089,0.0098,0.0684,0.0116,0.0044,0.0007,0.3435,4.3039,30.9523,17.52905757624882,2
Scenario D (2 Hands),191,2.7364,0.4001,0.2203,0.7369,24.4213,0.0093,0.0656,0.0117,0.0052,0.0007,0.3835,2.4769,31.4962,17.5764369392935,2
Scenario D (2 Hands),192,2.8393,0.4469,0.2004,0.8089,30.7573,0.015,0.1236,0.0188,0.0064,0.001,0.9157,11.3962,47.5604,17.51218584961655,2
Scenario D (2 Hands),193,2.6858,0.348,0.2062,0.7927,28.7666,0.0126,0.109,0.0163,0.0059,0.0011,0.6477,1.9686,35.5895,17.17242397293674,2
Scenario D (2 Hands),194,3.1815,0.3322,0.185,0.7196,26.7338,0.0082,0.0667,0.0106,0.0042,0.0108,0.3463,10.9103,42.5446,16.993194131134892,2
Scenario D (2 Hands),195,2.7892,0.2434,0.1382,0.5832,17.6519,0.0108,0.0663,0.0116,0.0025,0.0,0.3667,10.1752,32.0604,16.740559461272277,2
Scenario D (2 Hands),196,2.8022,0.6026,0.1823,0.7285,28.0006,0.0131,0.1074,0.017,0.0031,0.0,0.659,2.0885,35.2298,16.639305929444987,2
Scenario D (2 Hands),197,3.2265,0.3783,0.1956,0.7874,29.6851,0.0134,0.1129,0.0174,0.0034,0.0,0.6258,1.6415,36.717,16.5744011593711,2
Scenario D (2 Hands),198,3.2145,0.4213,0.2037,0.7456,31.1043,0.017,0.2595,0.014,0.0026,0.0,0.3765,15.193,51.5787,16.403948469407183,2
Scenario D (2 Hands),199,3.0416,0.3522,0.2544,0.7129,21.4444,0.0107,0.0678,0.0127,0.0023,0.0,0.3737,4.5674,30.8668,28.610696406671398,2
Scenario D (2 Hands),200,3.2711,0.2427,0.2144,0.5767,17.3721,0.0157,0.148,0.0211,0.0122,0.0,0.7194,2.0157,24.6357,28.2585430632656,2
Scenario D (2 Hands),201,3.2284,0.4888,0.2416,0.84,21.6373,0.0143,0.1159,0.0187,0.003,0.0,0.6646,11.0129,38.3131,28.596938914653908,2
Scenario D (2 Hands),202,2.9418,0.2321,0.2439,0.6271,19.3708,0.0085,0.063,0.0115,0.0022,0.0,0.3504,6.7512,30.6246,28.335145855726157,2
Scenario D (2 Hands),203,2.7216,0.3659,0.2044,0.8064,24.0198,0.0149,0.1117,0.018,0.0034,0.0,0.6679,1.5618,30.5244,28.359850691507287,2
Scenario D (2 Hands),204,2.8115,0.3551,0.2251,0.7013,22.1665,0.0154,0.1217,0.0237,0.0031,0.0,0.7293,1.9339,29.1149,28.426728876618117,2
Scenario D (2 Hands),205,2.972,0.2414,0.1929,0.795,20.547,0.0239,0.1463,0.0179,0.0029,0.0,0.7607,2.2595,27.9858,28.296521334654212,2
Scenario D (2 Hands),206,3.4373,0.3152,0.2083,0.6499,24.8485,0.0157,0.1351,0.02,0.0033,0.0,0.7385,8.9832,39.3821,28.55572524335787,2
Scenario D (2 Hands),207,3.284,0.4112,0.1346,0.726,19.8732,0.0095,0.0671,0.0113,0.0021,0.0,0.3912,1.3714,26.3057,28.260066249566037,2
Scenario D (2 Hands),208,2.9632,0.4616,0.2062,0.9955,21.4689,0.0234,0.1606,0.0205,0.0033,0.0,0.7008,2.1576,29.1919,29.092032669672058,2
Scenario D (2 Hands),209,3.0667,0.4042,0.2329,0.6666,16.9216,0.0115,0.0665,0.0128,0.0025,0.0,0.686,14.9343,37.0327,29.182521637392636,2
Scenario D (2 Hands),210,2.9633,0.246,0.1716,0.5696,16.6831,0.0103,0.0726,0.0106,0.0026,0.0,0.3781,1.4212,22.5526,16.191558796459027,2
Scenario D (2 Hands),211,2.9454,0.346,0.2275,0.7706,24.5764,0.0098,0.0649,0.0115,0.0028,0.0,0.3664,2.868,32.215,16.318273991413285,2
Scenario D (2 Hands),212,3.1611,0.3952,0.2331,0.7906,32.6867,0.0114,0.0732,0.0131,0.003,0.0,0.3545,1.4459,39.1918,16.531447323029397,2
Scenario D (2 Hands),213,2.7415,0.3371,0.2342,0.698,24.9113,0.0249,0.1696,0.0279,0.0101,0.0253,0.9626,2.1525,32.3297,16.49176268367087,2
Scenario D (2 Hands),214,3.1501,0.4232,0.1883,0.7272,19.6381,0.0165,0.1937,0.0285,0.0073,0.0011,0.8615,1.4447,26.7229,16.627411771210745,2
Scenario D (2 Hands),215,3.0942,0.3648,0.2053,0.776,21.2953,0.0111,0.0713,0.014,0.0065,0.0014,0.3927,1.5411,27.8019,16.707319609415094,2
Scenario D (2 Hands),216,2.8482,0.2449,0.1926,0.6274,17.6747,0.0141,0.1,0.0166,0.0072,0.0011,0.52,1.6586,23.9331,16.827414835414277,2
Scenario D (2 Hands),217,2.9325,0.3012,0.2521,0.6402,23.8865,0.0119,0.0698,0.0124,0.005,0.0007,0.3768,8.9683,37.4827,17.018909596772524,2
Scenario D (2 Hands),218,3.0878,0.3705,0.1439,0.6884,19.1759,0.0114,0.071,0.0121,0.005,0.001,0.348,7.805,31.7531,17.230520151626926,2
Scenario D (2 Hands),219,2.969,0.3658,0.2029,0.7689,26.0913,0.0139,0.1059,0.017,0.0064,0.001,0.6398,2.1676,33.3775,17.22063465343732,2
Scenario D (2 Hands),220,3.0084,0.3755,0.1862,0.7892,29.1834,0.0158,0.1283,0.0212,0.025,0.0015,0.7523,1.924,36.4405,17.084569198252264,2
Scenario D (2 Hands),221,3.2204,0.3431,0.1887,0.9148,21.5774,0.0275,0.1103,0.0181,0.0061,0.0013,0.654,1.7494,28.8569,17.107054415062976,2
Scenario D (2 Hands),222,3.07,0.4255,0.2185,0.8652,20.645,0.0091,0.0658,0.0117,0.0048,0.0005,0.3552,16.2802,41.9768,17.131786268692395,2
Scenario D (2 Hands),223,2.8527,0.2985,0.1921,0.6172,21.0216,0.0107,0.0667,0.0112,0.0053,0.001,0.3508,5.7125,31.1649,16.962074039324996,2
Scenario D (2 Hands),224,2.8479,0.2483,0.2269,0.6174,21.5156,0.0232,0.1488,0.017,0.0065,0.0156,0.6471,1.5461,27.885,16.930592914463638,2
Scenario D (2 Hands),225,2.7011,0.3382,0.2275,0.7615,21.4634,0.0136,0.1247,0.0185,0.0034,0.0,0.6607,1.6759,28.0146,16.943530124644536,2
Scenario D (2 Hands),226,2.8641,0.372,0.2451,0.7104,22.5692,0.0091,0.0674,0.0114,0.0023,0.0,0.3455,11.467,38.6879,17.11327386232765,2
Scenario D (2 Hands),227,3.0686,0.3337,0.2203,0.7528,30.4037,0.0485,0.4543,0.0118,0.0021,0.0,0.3659,1.4066,37.1064,16.915879919245402,2
Scenario D (2 Hands),228,3.1995,0.3933,0.1539,0.727,19.4311,0.0086,0.0659,0.0106,0.0024,0.0,0.3457,1.449,25.8124,16.797245389028095,2
Scenario D (2 Hands),229,3.0377,0.3682,0.206,0.7936,27.1645,0.014,0.1111,0.0184,0.0029,0.0,0.6746,12.6246,45.0448,31.476555248437663,2
Scenario D (2 Hands),230,3.3647,0.4014,0.2409,0.7692,17.2695,0.0083,0.0634,0.0109,0.0021,0.0,0.3494,1.4387,23.9442,30.328281776910757,2
Scenario D (2 Hands),231,2.7466,0.3434,0.2223,0.7132,21.695,0.0134,0.1097,0.0298,0.0032,0.0,0.7167,11.0931,37.7131,30.773599936670124,2
Scenario D (2 Hands),232,2.9556,0.345,0.2009,0.7519,21.5423,0.0143,0.1331,0.018,0.0033,0.0,0.6831,1.5146,28.1886,30.819681615690346,2
Scenario D (2 Hands),233,2.972,0.3118,0.1562,0.8345,32.4666,0.0102,0.0664,0.0108,0.0021,0.0,0.3574,12.3544,49.5695,31.050723883821682,2
Scenario D (2 Hands),234,3.0867,0.4456,0.1641,0.7371,23.4947,0.0099,0.0689,0.012,0.0022,0.0,0.37,2.3816,30.8,29.919148391388852,2
Scenario D (2 Hands),235,3.019,0.34,0.2191,0.7167,23.2499,0.0137,0.1245,0.0171,0.0029,0.0,0.5045,1.4642,29.7042,29.770339779258354,2
Scenario D (2 Hands),236,2.7678,0.3474,0.1606,0.5534,17.1613,0.0103,0.0661,0.0117,0.0023,0.0,0.3545,1.6212,23.0838,29.518719651754285,2
Scenario D (2 Hands),237,3.1125,0.2527,0.2053,0.6701,17.1229,0.0106,0.0709,0.0125,0.0027,0.0,0.3802,1.7588,23.6215,30.18320330239078,2
Scenario D (2 Hands),238,3.2426,0.2718,0.2232,0.7075,18.9089,0.0105,0.0665,0.0112,0.002,0.0,0.3976,1.6257,25.4902,30.568231151896825,2
Scenario D (2 Hands),239,2.9257,0.402,0.2129,0.8031,26.2679,0.0134,0.131,0.0176,0.0029,0.0,0.6729,6.5379,38.0173,30.982084131453792,2
Scenario D (2 Hands),240,2.6922,0.2939,0.2008,0.7541,15.7976,0.0101,0.0707,0.0106,0.0028,0.0,0.3488,1.5391,21.743,16.998536951103365,2
Scenario D (2 Hands),241,3.1213,0.2349,0.1421,0.5362,19.8791,0.0104,0.0677,0.0113,0.0031,0.0,0.3354,8.7896,33.1522,17.098410541946816,2
Scenario D (2 Hands),242,2.9973,0.3247,0.2327,0.7457,22.4316,0.009,0.0662,0.011,0.0029,0.0,0.3307,1.4004,28.5746,17.234436530395318,2
Scenario D (2 Hands),243,3.1951,0.2391,0.1607,0.648,25.1933,0.0102,0.0666,0.0123,0.0057,0.0127,0.356,1.4679,31.3884,17.272451736179747,2
Scenario D (2 Hands),244,3.3064,0.469,0.2401,0.7762,17.1058,0.0102,0.067,0.0118,0.0046,0.0007,0.3741,1.4796,23.8715,17.213649045947907,2
Scenario D (2 Hands),245,3.047,0.2391,0.1781,0.6261,24.5003,0.0102,0.0668,0.011,0.0049,0.0006,0.3698,1.4152,30.4929,17.28348005926872,2
Scenario D (2 Hands),246,2.8448,0.3132,0.1814,0.7624,19.6426,0.0093,0.0646,0.0104,0.0044,0.0008,0.3527,1.3932,25.6016,17.420692365823328,2
Scenario D (2 Hands),247,2.8453,0.4095,0.1567,0.7614,26.2091,0.0109,0.0654,0.0108,0.0046,0.0007,0.3536,17.151,48.0053,17.608764899392092,2
Scenario D (2 Hands),248,3.1621,0.2492,0.2098,0.6049,18.0897,0.0114,0.0708,0.0122,0.0051,0.0008,0.3729,1.3967,24.2062,17.245080479216018,2
Scenario D (2 Hands),249,2.8465,0.3041,0.2544,0.7842,22.2219,0.0105,0.07,0.0125,0.005,0.0007,0.3782,10.7845,37.6949,17.58897108467613,2
Scenario D (2 Hands),250,3.0078,0.3198,0.1953,0.7672,20.1613,0.0107,0.0719,0.0123,0.0054,0.0009,0.3723,1.4191,26.3662,17.355735649877126,2
Scenario D (2 Hands),251,2.6711,0.3672,0.1807,0.7191,20.4041,0.0133,0.107,0.0165,0.0065,0.001,0.6141,1.8873,27.0146,17.546278627109707,2
Scenario D (2 Hands),252,3.3606,0.3585,0.1909,0.7291,21.9802,0.0098,0.0692,0.0118,0.0051,0.0007,0.3679,1.716,28.825,17.553850064517608,2
Scenario D (2 Hands),253,3.177,0.2544,0.2094,0.6614,20.6332,0.0107,0.0658,0.0117,0.0047,0.0006,0.3485,1.5638,26.9652,17.90401960883431,2
Scenario D (2 Hands),254,3.234,0.4217,0.2167,0.7244,18.9554,0.0101,0.0643,0.0116,0.0051,0.0008,0.3522,1.6381,25.6575,17.96596934829104,2
Scenario D (2 Hands),255,2.678,0.3519,0.2013,0.8459,20.0819,0.0233,0.0868,0.0117,0.0055,0.0112,0.5242,11.0025,35.8506,18.03858800095069,2
Scenario D (2 Hands),256,2.9357,0.3157,0.1827,0.8,22.4115,0.0132,0.107,0.017,0.0029,0.0,0.5965,1.981,29.3902,17.82488386907446,2
Scenario D (2 Hands),257,3.3359,0.269,0.2048,0.7166,27.5467,0.0124,0.1042,0.0173,0.0029,0.0,0.6108,1.6631,34.5113,17.72510616699396,2
Scenario D (2 Hands),258,3.1017,0.3265,0.1945,0.7234,22.2194,0.0092,0.0666,0.0115,0.002,0.0,0.3568,3.3258,30.3614,17.57515001067409,2
Scenario D (2 Hands),259,2.6573,0.3173,0.2011,0.727,19.0192,0.0097,0.066,0.011,0.0022,0.0,0.3477,8.4403,31.8219,33.33883153116331,2
Scenario D (2 Hands),260,2.9351,0.287,0.1656,0.6384,27.8935,0.0083,0.0653,0.0106,0.002,0.0,0.4058,14.946,47.3802,32.771624821988944,2
Scenario D (2 Hands),261,2.9379,0.2586,0.1828,0.6146,16.3814,0.0111,0.0719,0.0129,0.0023,0.0,0.3655,1.3721,22.2317,31.97521965671842,2
Scenario D (2 Hands),262,2.8149,0.3217,0.199,0.6923,18.29,0.0133,0.1348,0.029,0.0028,0.0,0.6227,1.6073,24.7542,32.34259907109937,2
Scenario D (2 Hands),263,3.0211,0.3656,0.2847,0.8101,22.669,0.0119,0.1025,0.0163,0.0031,0.0,0.6143,1.9639,29.8891,32.70612463837945,2
Scenario D (2 Hands),264,3.1374,0.2709,0.1899,0.6181,20.9786,0.0092,0.0649,0.0109,0.002,0.0,0.346,1.4146,27.0634,32.35282755137708,2
Scenario D (2 Hands),265,2.76,0.2559,0.1859,0.6065,25.6368,0.0127,0.1093,0.0169,0.0033,0.0,0.6958,5.7452,36.0509,32.547288698513206,2
Scenario D (2 Hands),266,3.0385,0.3797,0.2367,0.6263,23.1522,0.0087,0.0644,0.0118,0.0018,0.0,0.364,1.8692,29.7761,31.962484924543507,2
Scenario D (2 Hands),267,2.8673,0.246,0.1456,0.5346,30.4119,0.0104,0.063,0.0111,0.0019,0.0,0.355,1.5944,36.26,33.001070057279534,2
Scenario D (2 Hands),268,3.2962,0.2878,0.2765,0.7352,22.7253,0.0096,0.0648,0.0106,0.0021,0.0,0.3472,1.5457,29.3211,32.281965279330606,2
Scenario D (2 Hands),269,2.6226,0.2544,0.1811,0.6074,22.93,0.0093,0.0641,0.0107,0.0018,0.0,0.342,3.9823,31.0249,32.79225710136733,2
Scenario D (2 Hands),270,3.1892,0.2501,0.1842,0.682,16.8262,0.0113,0.0698,0.011,0.0031,0.0,0.4617,1.4282,23.139,17.67738569514565,2
Scenario D (2 Hands),271,3.0727,0.2179,0.1617,0.6586,16.6603,0.0109,0.0705,0.0117,0.0031,0.0,0.3479,1.6596,22.8976,17.75379429048561,2
Scenario D (2 Hands),272,3.2009,0.3715,0.1756,0.7522,17.5422,0.0112,0.0791,0.0132,0.0038,0.0,0.35,1.7169,24.242,17.847514538715075,2
Scenario D (2 Hands),273,2.8526,0.3073,0.2041,0.6521,17.562,0.0103,0.0667,0.0105,0.0023,0.0,0.3304,1.6725,23.6929,17.901087743700053,2
Scenario D (2 Hands),274,2.8074,0.3714,0.2483,0.7379,16.9039,0.0128,0.0817,0.012,0.0054,0.0144,0.4048,1.6606,23.2851,17.926065456911033,2
Scenario D (2 Hands),275,3.0059,0.3078,0.1581,0.6495,21.1437,0.0146,0.1085,0.0155,0.0056,0.0008,0.546,1.7402,27.7201,18.14210995162136,2
Scenario D (2 Hands),276,3.0231,0.324,0.1641,0.6621,30.2873,0.0112,0.1056,0.0127,0.0054,0.0007,0.8555,2.3767,37.8544,18.177918370214517,2
Scenario D (2 Hands),277,3.1152,0.3039,0.1455,0.6721,21.4737,0.0329,0.0909,0.0131,0.0047,0.0007,0.4282,1.3963,27.7024,18.113743317452812,2
Scenario D (2 Hands),278,2.8277,0.4293,0.1676,0.7503,27.9336,0.0197,0.1825,0.023,0.0076,0.0011,0.9172,2.0183,35.3057,18.15791727018921,2
Scenario D (2 Hands),279,3.3044,0.3357,0.1703,0.8062,26.5525,0.0214,0.1648,0.017,0.0059,0.0011,0.8206,1.5855,33.8104,18.093386037366585,2
Scenario D (2 Hands),280,2.8724,0.4196,0.1473,0.7054,28.8027,0.0157,0.1159,0.016,0.0062,0.0012,0.6271,1.8621,35.6237,18.33851467094502,2
Scenario D (2 Hands),281,2.9251,0.2804,0.151,0.7822,29.6234,0.0113,0.069,0.0113,0.0048,0.0008,0.3594,14.8146,49.0566,18.10086150367131,2
Scenario D (2 Hands),282,2.9315,0.4603,0.2099,0.7475,24.4611,0.0157,0.1531,0.0137,0.0049,0.001,0.4032,1.4581,30.8862,17.693147405122083,2
Scenario D (2 Hands),283,3.0601,0.3275,0.1747,0.7529,28.4332,0.0103,0.0656,0.0109,0.0044,0.0006,0.3679,1.8546,35.0915,17.67682889769938,2
Scenario D (2 Hands),284,3.04,0.3811,0.1909,0.6642,19.3013,0.0103,0.0761,0.0116,0.0049,0.0008,0.4343,3.9863,28.1377,17.541014551960217,2
Scenario D (2 Hands),285,2.9509,0.4206,0.1536,0.7579,19.3482,0.0129,0.0787,0.0131,0.0055,0.0131,0.4262,1.8908,26.0984,17.67573109000648,2
Scenario D (2 Hands),286,2.9184,0.375,0.176,0.6952,18.8388,0.01,0.0652,0.011,0.0024,0.0,0.3563,1.5125,24.9837,17.73424549132045,2
Scenario D (2 Hands),287,2.7424,0.4237,0.2296,0.7427,19.0982,0.0121,0.0738,0.0122,0.0026,0.0,0.7897,2.1212,26.2767,17.933871420000603,2
Scenario D (2 Hands),288,2.8415,0.2744,0.1589,0.7131,19.2996,0.0093,0.0679,0.0118,0.0023,0.0,0.3674,1.4274,25.1961,17.972107657945347,2
Scenario D (2 Hands),289,2.9557,0.2813,0.1535,0.673,19.8301,0.0123,0.1015,0.0122,0.0027,0.0,0.4279,1.8587,26.3307,33.86466081063452,2
Scenario D (2 Hands),290,2.9398,0.3538,0.2063,0.7154,17.5198,0.0097,0.0703,0.0113,0.0023,0.0,0.3464,1.5944,23.7984,33.67195065219201,2
Scenario D (2 Hands),291,3.2453,0.3078,0.2058,0.6646,20.7888,0.0108,0.0679,0.0111,0.0022,0.0,0.3588,1.6206,27.3067,33.60651856624941,2
Scenario D (2 Hands),292,2.8888,0.2876,0.1793,0.6562,19.7445,0.0093,0.066,0.0111,0.0019,0.0,0.3716,1.5912,25.8278,33.42013231879974,2
Scenario D (2 Hands),293,2.9631,0.3841,0.1465,0.7377,28.26,0.0127,0.1062,0.0168,0.0029,0.0,0.6719,10.981,44.3085,33.2937732965574,2
Scenario D (2 Hands),294,2.6955,0.2582,0.1611,0.648,26.1483,0.0102,0.0642,0.0109,0.0024,0.0,0.353,1.5034,31.8779,32.13402683327009,2
Scenario D (2 Hands),295,3.0083,0.308,0.1379,0.6583,23.776,0.0128,0.1208,0.0168,0.0032,0.0,0.751,17.3919,46.2114,31.891163475287,2
Scenario D (2 Hands),296,2.9841,0.3535,0.1633,0.6593,26.4067,0.0141,0.1542,0.0201,0.0031,0.0,0.4798,15.4281,46.6996,31.460947684164232,2
Scenario D (2 Hands),297,2.9849,0.3033,0.1933,0.6714,20.3087,0.0107,0.0715,0.0131,0.0021,0.0,0.3696,1.5766,26.5283,30.483154693302843,2
Scenario D (2 Hands),298,3.1908,0.4402,0.1688,0.7739,26.7388,0.0099,0.0714,0.0116,0.0023,0.0,0.359,1.3982,33.1893,30.91104922229549,2
Scenario D (2 Hands),299,3.0865,0.3754,0.208,0.6658,31.42,0.0105,0.0707,0.0118,0.0022,0.0,0.6275,2.3597,38.8607,30.95115931238613,2
Scenario D (2 Hands),300,3.1003,0.3435,0.206,0.682,21.8623,0.0182,0.1345,0.0192,0.0056,0.0,0.8032,2.0643,29.2711,16.296810055903624,2
Scenario D (2 Hands),301,2.9712,0.3364,0.133,0.6979,19.8427,0.0102,0.0679,0.0116,0.0025,0.0,0.3591,1.6472,26.1017,16.581336310652706,2
Scenario D (2 Hands),302,2.7938,0.3828,0.1589,0.688,23.2616,0.013,0.1135,0.0173,0.0038,0.0,0.6922,2.378,30.5309,16.65511472420192,2
Scenario D (2 Hands),303,2.8609,0.3827,0.1665,0.7554,23.3088,0.0151,0.1338,0.02,0.0084,0.0178,0.832,1.7738,30.3036,16.7208017748959,2
Scenario D (2 Hands),304,3.2021,0.4611,0.2322,0.7685,29.3502,0.0136,0.105,0.0161,0.0063,0.0009,0.4084,2.1279,36.7382,16.682016123984663,2
Scenario D (2 Hands),305,3.44,0.4693,0.1438,0.7466,22.8666,0.0146,0.1541,0.0176,0.006,0.0011,0.7818,2.0623,30.7308,16.52470802472451,2
Scenario D (2 Hands),306,3.3013,0.3883,0.1633,0.7277,22.6442,0.015,0.1307,0.0184,0.0072,0.001,0.7661,1.5676,29.7572,16.44056175171736,2
Scenario D (2 Hands),307,3.1989,0.4661,0.1978,0.7722,21.7983,0.0137,0.1016,0.0169,0.006,0.0009,0.6508,1.7629,29.0149,16.3880363625745,2
Scenario D (2 Hands),308,2.9624,0.2863,0.1508,0.6677,24.8813,0.033,0.141,0.036,0.0065,0.0009,0.8368,1.5656,31.5943,16.346239648706238,2
Scenario D (2 Hands),309,3.0077,0.4463,0.1464,0.7569,24.9933,0.0094,0.0726,0.012,0.0046,0.0012,0.4003,15.4162,45.2921,16.271082567421196,2
Scenario D (2 Hands),310,2.968,0.4139,0.2224,0.6628,33.9232,0.0201,0.1112,0.0174,0.0062,0.001,0.6576,1.9429,40.9741,15.981470009792417,2
Scenario D (2 Hands),311,3.2788,0.3712,0.1578,0.7302,33.6341,0.0141,0.1166,0.0181,0.0119,0.0012,0.7073,12.9491,52.0189,15.791710220549929,2
Scenario D (2 Hands),312,2.992,0.3237,0.1571,0.7458,23.4119,0.0139,0.1592,0.0192,0.0064,0.0012,0.6604,2.1263,30.6626,15.459026442512869,2
Scenario D (2 Hands),313,2.9324,0.4098,0.1678,0.7149,19.8674,0.0123,0.0712,0.0126,0.0053,0.0133,0.3829,1.5629,26.179,15.630628759362919,2
Scenario D (2 Hands),314,2.9672,0.5404,0.1891,0.8149,29.0412,0.0134,0.128,0.0178,0.0034,0.0,0.7434,1.8875,36.3815,15.707697092810337,2
Scenario D (2 Hands),315,3.0091,0.4005,0.1527,0.7013,26.616,0.014,0.0986,0.0125,0.0024,0.0,0.3952,1.4437,32.8724,15.835122867005419,2
Scenario D (2 Hands),316,2.9907,0.4288,0.1984,0.8086,33.8302,0.0117,0.0748,0.0125,0.0025,0.0,0.3808,1.7204,40.4844,16.020527690630782,2
Scenario D (2 Hands),317,2.8492,0.3129,0.1622,0.8359,39.1798,0.0175,0.1454,0.0433,0.0029,0.0,0.7498,1.9471,46.2781,15.844971277280221,2
Scenario D (2 Hands),318,3.1724,0.3736,0.1748,0.712,33.0651,0.0133,0.0781,0.0139,0.0028,0.0,0.4059,1.6877,39.7255,15.661869945110977,2
Scenario D (2 Hands),319,3.1457,0.3834,0.1855,0.7184,26.8566,0.0142,0.115,0.0299,0.0033,0.0,0.5943,1.9026,33.9788,28.562121857797564,2
Scenario D (2 Hands),320,3.1927,0.4592,0.1565,0.7675,28.5605,0.014,0.1272,0.0203,0.0034,0.0,0.6398,1.9303,35.903,28.353947867470573,2
Scenario D (2 Hands),321,2.9637,0.3485,0.1806,0.7761,27.7849,0.0197,0.1392,0.022,0.0034,0.0,0.8506,3.7407,36.8633,27.94682751486034,2
Scenario D (2 Hands),322,3.3783,0.345,0.1989,0.7231,25.0792,0.0106,0.0689,0.0122,0.0023,0.0,0.4179,1.9424,32.2044,27.675348894712386,2
Scenario D (2 Hands),323,3.3372,0.2478,0.1932,0.6203,21.417,0.0126,0.0749,0.0124,0.003,0.0,0.4259,1.6708,28.0372,27.615227852606097,2
Scenario D (2 Hands),324,3.3202,0.5093,0.1875,0.7367,26.1535,0.0123,0.0767,0.0132,0.0024,0.0,0.4968,1.7099,33.2453,27.95613135615963,2
Scenario D (2 Hands),325,2.8549,0.5232,0.2011,0.8031,32.0167,0.0124,0.0789,0.0121,0.0024,0.0,0.6901,1.9417,39.1741,27.86842786263119,2
Scenario D (2 Hands),326,3.1167,0.3956,0.377,0.8069,25.6992,0.0174,0.1262,0.0129,0.0023,0.0,0.4113,1.8995,32.8964,27.516092187385624,2
Scenario D (2 Hands),327,2.9986,0.4554,0.1667,0.8469,32.4312,0.0119,0.0743,0.0131,0.0028,0.0,0.4127,1.6123,39.0552,27.335562709347016,2
Scenario D (2 Hands),328,3.0705,0.3529,0.1529,0.728,21.8944,0.01,0.0732,0.0136,0.0028,0.0,0.3907,1.7057,28.4228,27.04444196332368,2
Scenario D (2 Hands),329,3.0303,0.2792,0.1621,0.6559,25.1582,0.0103,0.0693,0.0112,0.0021,0.0,0.388,1.5578,31.3495,27.708566203186987,2
Scenario D (2 Hands),330,3.2041,0.2818,0.1768,0.6883,28.6871,0.0151,0.1097,0.0163,0.0033,0.0,0.5666,1.7135,35.489,26.163845254268562,2
Scenario D (2 Hands),331,2.8245,0.4107,0.1706,0.6951,30.587,0.0216,0.1575,0.0195,0.0035,0.0,0.7671,1.5403,37.228,26.776836889050468,2
Scenario D (2 Hands),332,2.7875,0.3906,0.1588,0.6869,30.6718,0.0105,0.0706,0.0121,0.0024,0.0,0.3865,1.6435,36.8449,26.531795329189684,2
Scenario D (2 Hands),333,2.986,0.4886,0.1847,1.0126,45.56,0.0178,0.1972,0.0272,0.0032,0.0,0.6745,1.5589,52.7439,26.135889164522887,2
Scenario D (2 Hands),334,2.8183,0.3319,0.176,0.663,25.3572,0.0233,0.1499,0.0205,0.011,0.0,0.6969,2.0341,32.3104,25.56864043573203,2
Scenario D (2 Hands),335,3.4731,0.2805,0.16,0.6826,32.1823,0.0116,0.0775,0.0129,0.0025,0.0,0.3841,1.563,38.8532,25.566737354066877,2
Scenario D (2 Hands),336,2.9632,0.423,0.2569,0.8767,29.0886,0.0095,0.0728,0.0127,0.0028,0.0,0.3905,1.6878,35.8151,25.632730939518847,2
Scenario D (2 Hands),337,2.8795,0.3498,0.1943,0.7983,21.8925,0.0113,0.0865,0.019,0.0034,0.0,0.4997,1.7351,28.5058,26.013182896117694,2
Scenario D (2 Hands),338,2.9167,0.5142,0.191,0.6762,30.4963,0.0141,0.135,0.0179,0.003,0.0,0.6569,1.5321,37.1857,26.41922722581753,2
Scenario D (2 Hands),339,3.3229,0.3223,0.1625,0.7956,35.0084,0.0234,0.1535,0.0185,0.0029,0.0,0.7271,2.1066,42.6798,26.28687915166093,2
Scenario D (2 Hands),340,3.3362,0.3067,0.1644,0.7085,24.2659,0.0128,0.1006,0.0166,0.0031,0.0,0.7481,2.0865,31.7754,26.034445459721994,2
Scenario D (2 Hands),341,2.881,0.3817,0.1726,0.6938,31.5102,0.0126,0.0845,0.0359,0.0045,0.0,0.6597,1.6988,38.1722,26.248946722314468,2
Scenario D (2 Hands),342,2.873,0.2835,0.1578,0.6516,24.4163,0.0176,0.129,0.0184,0.0039,0.0,0.3884,1.6557,30.6235,26.03227682123878,2
Scenario D (2 Hands),343,2.7854,0.2678,0.1537,0.6507,24.5825,0.0099,0.0721,0.0118,0.0022,0.0,0.5653,1.5876,30.7143,25.96196261417357,2
Scenario D (2 Hands),344,2.7251,0.5257,0.1373,0.677,28.7806,0.0114,0.0754,0.0126,0.0025,0.0,0.4641,1.6285,35.0655,26.036486861325553,2
Scenario D (2 Hands),345,3.0901,0.3348,0.1588,0.7383,24.8479,0.0213,0.1213,0.0248,0.0036,0.0,0.6096,2.2195,32.1982,26.160117755657012,2
Scenario D (2 Hands),346,3.3579,0.4392,0.1758,0.7595,27.2396,0.013,0.1128,0.017,0.0029,0.0,0.5705,1.9475,34.6703,26.173495303885275,2
Scenario D (2 Hands),347,3.0051,0.3392,0.186,0.7504,29.1886,0.0102,0.0775,0.012,0.0025,0.0,0.3708,1.6786,35.6436,26.347550466386544,2
Scenario D (2 Hands),348,3.1747,0.3946,0.1607,0.7003,29.3267,0.0132,0.1306,0.0171,0.003,0.0,0.7069,13.2113,47.8739,26.07960106201073,2
Scenario D (2 Hands),349,3.5834,0.3757,0.168,0.7884,25.2381,0.0307,0.4259,0.1308,0.0048,0.0,0.3992,1.6888,32.8759,27.338375960329536,2
Scenario D (2 Hands),350,2.6766,0.399,0.1884,1.0476,31.7594,0.0145,0.1156,0.0183,0.0032,0.0,0.6978,1.381,38.3292,27.460861133289203,2
Scenario D (2 Hands),351,2.9516,0.4074,0.1465,0.7079,24.1583,0.0107,0.0703,0.0122,0.0024,0.0,0.4192,1.4501,30.3669,27.403919405593385,2
Scenario D (2 Hands),352,3.078,0.4319,0.1861,0.8038,35.2771,0.0106,0.0719,0.0123,0.0025,0.0,0.3699,1.6396,41.9077,27.667806244264934,2
Scenario D (2 Hands),353,3.0735,0.3577,0.2203,0.7045,27.8694,0.0106,0.0694,0.0114,0.002,0.0,0.3374,1.4786,34.1605,28.101379930723127,2
Scenario D (2 Hands),354,2.9341,0.4073,0.2315,0.8161,22.3209,0.0097,0.07,0.0114,0.002,0.0,0.3531,1.4993,28.6852,28.057234214768783,2
Scenario D (2 Hands),355,3.1298,0.3649,0.155,0.8672,22.2745,0.0103,0.0694,0.0111,0.0021,0.0,0.3582,14.014,41.28,28.45771004992933,2
Scenario D (2 Hands),356,3.0073,0.2585,0.2221,0.9752,24.2797,0.0173,0.1348,0.0175,0.0032,0.0,0.7005,2.0168,31.661,28.228123780167714,2
Scenario D (2 Hands),357,3.0831,0.3137,0.1648,1.1067,24.581,0.0108,0.0675,0.0113,0.0021,0.0,0.3434,1.6304,31.3405,28.093444844444257,2
Scenario D (2 Hands),358,3.0968,0.3459,0.1676,1.057,27.9269,0.0133,0.1171,0.031,0.0102,0.0,0.6214,1.8307,35.2573,28.35667194242966,2
Scenario D (2 Hands),359,3.1725,0.2909,0.1999,0.8243,33.4835,0.0139,0.1157,0.0173,0.0029,0.0,0.6113,3.253,42.0108,28.670365777361887,2
Scenario D (2 Hands),360,3.4214,0.3346,0.1644,0.8132,27.0902,0.0173,0.1636,0.0159,0.0039,0.0,0.7375,1.525,34.3139,15.90070550949462,2
Scenario D (2 Hands),361,3.0257,0.2759,0.175,0.8609,33.339,0.0111,0.0715,0.0117,0.0027,0.0,0.3892,1.7955,39.9834,15.957641605644582,2
Scenario D (2 Hands),362,3.1862,0.4129,0.1622,2.5785,25.3944,0.0207,0.1498,0.0178,0.004,0.0,0.7167,1.6067,34.2774,15.823803521546818,2
Scenario D (2 Hands),363,4.0319,0.3466,0.1531,2.1935,24.7182,0.0101,0.0712,0.0125,0.0051,0.0136,0.4099,1.9303,33.9229,15.77144286586201,2
Scenario D (2 Hands),364,3.4712,0.2894,0.167,1.2984,20.3036,0.0125,0.1042,0.0159,0.0063,0.001,0.6994,1.9567,28.3535,15.79787418360967,2
Scenario D (2 Hands),365,4.4601,0.3377,0.1958,1.1253,28.3659,0.0131,0.0713,0.0119,0.0052,0.0007,0.3712,2.928,37.9121,15.83982515162682,2
Scenario D (2 Hands),366,3.0542,0.535,0.1957,1.6871,30.9284,0.0103,0.0706,0.0122,0.005,0.0008,0.3886,1.8523,38.7663,15.810160097862491,2
Scenario D (2 Hands),367,3.5866,0.4243,0.193,1.4244,26.4167,0.0143,0.1091,0.0178,0.0067,0.0011,0.7602,1.5066,34.4912,15.764956444071656,2
Scenario D (2 Hands),368,3.3515,0.3686,0.1664,1.3341,26.2097,0.0131,0.1117,0.0161,0.0057,0.0009,0.6549,2.0185,34.2766,15.949819930566091,2
Scenario D (2 Hands),369,4.2345,0.38,0.1916,1.0846,25.5185,0.0106,0.0732,0.0118,0.0047,0.001,0.509,1.9363,33.9815,15.908298061642332,2
Scenario D (2 Hands),370,3.3191,0.398,0.1764,1.4473,29.9928,0.0124,0.1075,0.0168,0.0061,0.0013,0.5789,9.6583,45.7429,15.98211422875834,2
Scenario D (2 Hands),371,3.3878,0.3824,0.1578,1.1101,28.1001,0.0139,0.1289,0.0177,0.0064,0.001,0.7282,2.0697,36.1369,15.777519169585249,2
Scenario D (2 Hands),372,3.6052,0.3227,0.158,1.1678,24.3502,0.0095,0.0687,0.0117,0.0046,0.0006,0.3948,1.425,31.5426,15.851151674179668,2
Scenario D (2 Hands),373,3.0283,0.3562,0.1766,1.7623,32.102,0.0107,0.0695,0.0119,0.005,0.0129,0.4269,1.6035,39.6114,15.891107758412687,2
Scenario D (2 Hands),374,3.2417,0.3575,0.1389,1.4503,34.6783,0.0138,0.1344,0.0178,0.0032,0.0,0.732,2.0291,42.8239,15.7471999399292,2
Scenario D (2 Hands),375,3.5764,0.4356,0.1765,1.3618,34.6129,0.01,0.0666,0.0115,0.0022,0.0,0.4688,1.6307,42.376,15.721350258117157,2
Scenario D (2 Hands),376,3.2691,0.4038,0.1984,1.6881,24.3213,0.0093,0.0662,0.0113,0.0023,0.0,0.3673,1.4356,31.7961,15.588554277436046,2
Scenario D (2 Hands),377,3.8045,0.3456,0.1763,0.9697,29.6545,0.0378,0.123,0.017,0.0032,0.0,0.7376,1.558,37.4513,15.575894782865841,2
Scenario D (2 Hands),378,3.4074,0.2816,0.3318,1.3148,26.0345,0.0124,0.1044,0.0167,0.0027,0.0,0.7785,1.936,34.2461,15.554689451856293,2
Scenario D (2 Hands),379,3.3121,0.3382,0.1657,1.4288,30.5704,0.0112,0.0684,0.0115,0.0023,0.0,0.3683,1.4097,37.7117,27.450058987549752,2
Scenario D (2 Hands),380,3.738,0.2388,0.2031,1.1508,26.4118,0.0102,0.0733,0.0124,0.0023,0.0,0.3977,8.3883,40.6487,27.282080635940062,2
Scenario D (2 Hands),381,3.4601,0.2581,0.1768,0.9569,26.529,0.0107,0.0687,0.0119,0.0023,0.0,0.3955,1.4169,33.3074,27.292517277055858,2
Scenario D (2 Hands),382,2.9636,0.2979,0.2604,1.4462,22.7715,0.0128,0.0975,0.0126,0.0026,0.0,0.4009,1.7311,30.0305,27.36437902717663,2
Scenario D (2 Hands),383,3.3984,0.3229,0.17,1.198,19.4055,0.0107,0.07,0.0115,0.002,0.0,0.3635,1.422,26.3977,27.48025441686365,2
Scenario D (2 Hands),384,3.5444,0.3459,0.1972,1.2006,20.2925,0.0153,0.1154,0.0153,0.0034,0.0,0.5456,1.803,28.1072,27.590513146487854,2
Scenario D (2 Hands),385,3.6822,0.4021,0.2704,1.2857,23.4752,0.0154,0.1109,0.0168,0.0037,0.0,0.6116,1.53,31.4356,27.928796298859847,2
Scenario D (2 Hands),386,3.1418,0.3796,0.1824,1.6679,29.5011,0.0119,0.0762,0.0124,0.0024,0.0,0.3894,1.6291,37.0183,28.275377375092962,2
Scenario D (2 Hands),387,3.3633,0.5052,0.1801,1.5093,25.9701,0.0138,0.1068,0.0158,0.0031,0.0,0.5926,1.7353,34.0286,28.130473918559346,2
Scenario D (2 Hands),388,4.1799,0.4195,0.1733,1.5802,29.7063,0.0102,0.0732,0.0119,0.0024,0.0,0.3913,1.652,38.2355,28.16275298292709,2
Scenario D (2 Hands),389,3.5031,0.3703,0.1721,1.2641,29.162,0.0114,0.0736,0.0119,0.0025,0.0,0.3941,1.501,36.4915,27.977772753507587,2
Scenario D (2 Hands),390,3.1051,0.3898,0.1946,1.1583,28.6485,0.0161,0.1268,0.0119,0.0032,0.0,0.5809,1.5339,35.7963,16.141986357904972,2
Scenario D (2 Hands),391,3.1859,0.3758,0.1867,0.9743,23.8195,0.0102,0.0692,0.011,0.0027,0.0,0.7014,1.4551,30.8156,16.148662460961596,2
Scenario D (2 Hands),392,3.4195,0.3465,0.1694,1.0345,19.4149,0.0106,0.0704,0.0121,0.0028,0.0,0.3439,1.8597,26.708,16.150066420709074,2
Scenario D (2 Hands),393,3.9029,0.3339,0.1552,1.1015,21.8871,0.0126,0.1047,0.0199,0.0076,0.0156,0.6391,11.0411,39.2495,16.32302691692975,2
Scenario D (2 Hands),394,3.4059,0.3145,0.2165,1.1709,27.289,0.0091,0.0641,0.0107,0.0046,0.0006,0.3637,1.4253,34.2953,16.38467034321511,2
Scenario D (2 Hands),395,3.1431,0.3678,0.1774,1.1855,26.2645,0.0149,0.1365,0.0174,0.0061,0.001,0.5973,2.0734,34.0128,16.49812332595085,2
Scenario D (2 Hands),396,3.1932,0.4808,0.2081,1.3143,28.6733,0.023,0.1073,0.0169,0.0065,0.0012,0.613,1.8461,36.5211,16.473333287856452,2
Scenario D (2 Hands),397,3.6863,0.3149,0.1727,0.8966,24.2633,0.0109,0.0701,0.012,0.0051,0.0007,0.391,1.5748,31.4216,16.474184645260973,2
Scenario D (2 Hands),398,3.3349,0.541,0.168,1.3067,27.4374,0.0104,0.0849,0.0122,0.0047,0.0008,0.4082,1.7468,35.0804,16.518391925092867,2
Scenario D (2 Hands),399,3.3831,0.4782,0.2154,1.4058,26.5926,0.0108,0.0713,0.0115,0.005,0.0009,0.3821,1.874,34.4571,16.55421504046438,2
Scenario D (2 Hands),400,3.8956,0.4581,0.2588,0.9804,21.6859,0.0102,0.0738,0.012,0.0046,0.0007,0.4296,1.9977,29.8351,16.639896567254773,2
Scenario D (2 Hands),401,3.29,0.2743,0.1752,0.9009,28.2947,0.0111,0.0754,0.0124,0.0051,0.001,0.6744,1.9721,35.7114,16.691736737654015,2
Scenario D (2 Hands),402,3.5655,0.4106,0.1666,1.2647,23.9578,0.0106,0.0761,0.013,0.0057,0.0008,0.4108,1.6656,31.5865,16.611513529670976,2
Scenario D (2 Hands),403,3.3587,0.3691,0.1653,0.925,22.976,0.0116,0.077,0.0131,0.0057,0.0008,0.4263,1.7615,30.1162,16.541487613049487,2
Scenario D (2 Hands),404,3.9464,0.3915,0.1678,1.3859,23.1689,0.0126,0.108,0.0171,0.0063,0.0159,0.6528,2.0134,31.9157,16.506423774188704,2
Scenario D (2 Hands),405,3.9706,0.4171,0.2159,1.2763,27.4997,0.0117,0.071,0.0116,0.0025,0.0,0.4091,1.3993,35.313,16.49143846672152,2
Scenario D (2 Hands),406,3.131,0.2984,0.2093,0.9737,31.9382,0.0121,0.1107,0.0178,0.0032,0.0,0.7024,1.971,39.3936,16.538003356087714,2
Scenario D (2 Hands),407,3.7305,0.3194,0.2034,1.3581,22.8268,0.0099,0.0944,0.012,0.0021,0.0,0.3994,1.8302,30.8111,16.457123221022353,2
Scenario D (2 Hands),408,3.4624,0.3592,0.1815,1.009,24.7797,0.0099,0.0669,0.011,0.0024,0.0,0.3573,13.6303,43.8947,16.557602926406428,2
Scenario D (2 Hands),409,3.5564,0.2483,0.206,0.902,19.9165,0.0113,0.0713,0.012,0.0025,0.0,0.3858,1.4899,26.8227,29.33966281309148,2
Scenario D (2 Hands),410,3.4903,0.3541,0.1943,0.9413,20.5734,0.0106,0.0795,0.0126,0.0025,0.0,0.4174,1.7596,27.8597,29.75637802490608,2
Scenario D (2 Hands),411,3.372,0.2956,0.2032,0.9345,19.6004,0.0107,0.0689,0.012,0.0023,0.0,0.3754,1.7101,26.6101,29.90407045030346,2
Scenario D (2 Hands),412,3.8953,0.2629,0.1797,0.8838,19.6479,0.011,0.0731,0.0124,0.0024,0.0,0.3835,1.3959,26.7696,29.914891796017194,2
Scenario D (2 Hands),413,3.2639,0.3216,0.2485,0.881,20.5546,0.0135,0.0775,0.0126,0.0025,0.0,0.4205,1.4819,27.3019,30.519496196349845,2
Scenario D (2 Hands),414,3.3334,0.3447,0.2045,0.9392,24.1505,0.0108,0.0739,0.0118,0.0022,0.0,0.3898,1.7228,31.2096,30.854261870147067,2
Scenario D (2 Hands),415,3.2013,0.3765,0.1654,1.0832,18.4748,0.0104,0.0715,0.0118,0.0022,0.0,0.3984,1.7323,25.5623,31.004347281412358,2
Scenario D (2 Hands),416,3.9817,0.3574,0.1578,1.1928,26.0458,0.0152,0.1312,0.02,0.0031,0.0,0.7023,1.7869,34.4214,31.54824271613667,2
Scenario D (2 Hands),417,3.3781,0.3532,0.2553,1.1867,27.278,0.0138,0.1112,0.0178,0.0032,0.0,0.6833,1.9096,35.2182,31.40433889606101,2
Scenario D (2 Hands),418,3.4346,0.3903,0.1657,1.0751,20.8848,0.0115,0.0699,0.0117,0.0023,0.0,0.6419,2.0315,28.7435,31.425602166027115,2
Scenario D (2 Hands),419,3.6854,0.3675,0.1947,1.2169,29.2469,0.0105,0.0729,0.0115,0.0027,0.0,0.3863,1.5669,36.7856,31.71207399663905,2
Scenario D (2 Hands),420,2.8973,0.2318,0.1878,0.7801,28.4778,0.0098,0.065,0.0093,0.0023,0.0,0.3223,1.4482,34.4505,16.05268240408187,2
Scenario D (2 Hands),421,3.3398,0.3414,0.2163,1.0353,23.0384,0.0129,0.1055,0.0161,0.004,0.0,0.6058,1.9852,30.7269,16.067638633976703,2
Scenario D (2 Hands),422,4.0602,0.516,0.2285,1.463,23.6498,0.0094,0.0724,0.0122,0.0031,0.0,0.3655,1.6891,32.0975,16.067460458274326,2
Scenario D (2 Hands),423,3.6101,0.3238,0.174,0.8545,29.7484,0.0104,0.0695,0.0116,0.0052,0.0115,0.5245,1.4309,36.8092,16.053519941355294,2
Scenario D (2 Hands),424,3.0584,0.2339,0.1488,0.8635,19.9191,0.0137,0.1186,0.0177,0.0066,0.0011,0.6444,2.1096,27.1579,15.994765539103309,2
Scenario D (2 Hands),425,3.6122,0.3761,0.188,1.1729,25.71,0.0117,0.0675,0.0116,0.0046,0.0007,0.363,17.712,49.2547,16.08691463931111,2
Scenario D (2 Hands),426,3.3959,0.3604,0.2274,1.2623,21.2085,0.0104,0.0733,0.0121,0.005,0.0007,0.3965,1.4694,28.4463,15.964469879829425,2
Scenario D (2 Hands),427,3.3243,0.3139,0.2053,1.3169,36.8449,0.0124,0.1023,0.0167,0.0061,0.001,0.61,1.9592,44.7396,15.993882762173715,2
Scenario D (2 Hands),428,3.1337,0.2746,0.1891,0.9595,28.2982,0.0119,0.1025,0.0154,0.0064,0.0009,0.6461,2.1131,35.7766,15.98570806442845,2
Scenario D (2 Hands),429,3.2539,0.3305,0.2182,1.0779,26.6424,0.0099,0.0737,0.0111,0.0044,0.0007,0.3648,1.3985,33.4064,15.863315372959752,2
Scenario D (2 Hands),430,3.2645,0.3348,0.1652,1.1666,23.3642,0.0151,0.188,0.0124,0.0053,0.0008,0.5457,1.5256,30.6112,15.788231224577977,2
Scenario D (2 Hands),431,3.261,0.3726,0.1923,0.9551,26.9178,0.0097,0.0648,0.0111,0.0046,0.0007,0.6056,1.461,33.8961,15.742882129747773,2
Scenario D (2 Hands),432,3.1809,0.2398,0.1851,0.8344,21.4177,0.0107,0.0756,0.0127,0.0053,0.0008,0.3993,1.6146,27.9961,15.644971310993464,2
Scenario D (2 Hands),433,3.3045,0.3452,0.1569,1.2109,27.296,0.0119,0.0713,0.0128,0.0048,0.0008,0.3614,1.4588,34.2764,15.63314309411633,2
Scenario D (2 Hands),434,3.13,0.3286,0.2118,1.1096,27.8169,0.0099,0.0697,0.0123,0.0045,0.0116,0.4081,1.4003,34.5347,15.594340920427191,2
Scenario D (2 Hands),435,2.9656,0.2578,0.1862,0.7902,34.0167,0.0123,0.102,0.0164,0.0029,0.0,0.6201,1.4893,40.4818,15.49333698316515,2
Scenario D (2 Hands),436,4.1879,0.253,0.1893,0.8506,24.1694,0.0115,0.1045,0.0169,0.0031,0.0,0.6275,1.6458,32.0825,15.394551891175364,2
Scenario D (2 Hands),437,2.9286,0.2721,0.178,0.9284,29.5147,0.01,0.0647,0.0103,0.0021,0.0,0.3461,11.3073,45.5835,15.4492444791846,2
Scenario D (2 Hands),438,3.585,0.4053,0.182,1.2117,24.1123,0.0126,0.1157,0.0166,0.003,0.0,0.6325,1.5671,31.8709,15.235959197829043,2
Scenario D (2 Hands),439,3.2206,0.3588,0.1855,1.2205,27.2224,0.0105,0.0694,0.0116,0.0025,0.0,0.3747,1.4713,34.171,28.577833863530167,2
Scenario D (2 Hands),440,3.4281,0.4258,0.164,0.9929,22.1023,0.0153,0.1172,0.0185,0.0031,0.0,0.5939,1.8434,29.7325,28.60096212511646,2
Scenario D (2 Hands),441,3.4015,0.3819,0.1681,1.1791,19.3263,0.0146,0.1124,0.0177,0.0029,0.0,0.6801,2.0828,27.3973,28.6716654775872,2
Scenario D (2 Hands),442,3.3144,0.3626,0.183,1.4507,22.5258,0.0172,0.2356,0.0346,0.0038,0.0,0.7459,1.704,30.6122,28.86319642363665,2
Scenario D (2 Hands),443,3.4526,0.2576,0.2165,0.9881,22.3363,0.0098,0.0662,0.0111,0.0022,0.0,0.3617,4.9205,32.6467,29.11020463626936,2
Scenario D (2 Hands),444,3.4441,0.2699,0.1743,0.835,30.3393,0.0128,0.1074,0.0168,0.0033,0.0,0.6457,1.5787,37.4494,28.88879963169323,2
Scenario D (2 Hands),445,2.9431,0.4303,0.1549,1.3823,19.3388,0.0111,0.0701,0.0111,0.0022,0.0,0.4451,1.4572,26.2688,29.42909275552314,2
Scenario D (2 Hands),446,3.3058,0.3432,0.1554,1.3807,27.7144,0.0118,0.0732,0.0116,0.0021,0.0,0.3715,1.5142,34.9061,29.507680379218378,2
Scenario D (2 Hands),447,3.4228,0.2722,0.1728,1.0918,30.8459,0.0122,0.121,0.0162,0.0027,0.0,0.6767,5.4622,42.1201,29.95440446603489,2
Scenario D (2 Hands),448,3.4213,0.441,0.1827,1.2768,24.3534,0.0154,0.1338,0.0174,0.003,0.0,0.6168,1.6673,32.1551,29.662345145276742,2
Scenario D (2 Hands),449,3.4825,0.4403,0.1903,1.4407,28.0372,0.0144,0.1052,0.0182,0.0033,0.0,0.585,1.4654,35.8214,29.717684928707488,2
Scenario D (2 Hands),450,3.1579,0.2306,0.1771,0.7621,16.2568,0.0102,0.0667,0.0094,0.0019,0.0,0.3301,1.3718,22.3915,16.418308323560993,2
Scenario D (2 Hands),451,3.4707,0.349,0.1933,1.1838,23.9161,0.0124,0.0965,0.0139,0.0038,0.0,0.3518,1.4406,31.0571,16.575518116394193,2
Scenario D (2 Hands),452,3.1699,0.3393,0.1911,1.0073,18.7561,0.0109,0.0975,0.015,0.0037,0.0,0.4584,7.9486,32.0212,16.53857652703444,2
Scenario D (2 Hands),453,3.4644,0.3462,0.16,1.5166,22.4346,0.0147,0.127,0.0184,0.008,0.0166,0.6707,2.1098,30.914,16.564651418408907,2
Scenario D (2 Hands),454,3.2702,0.2466,0.1723,0.988,27.637,0.0092,0.0667,0.0116,0.0046,0.0008,0.3734,1.5405,34.34,16.6170763605306,2
Scenario D (2 Hands),455,3.2874,0.2337,0.2649,0.8186,20.495,0.0101,0.0663,0.0118,0.0048,0.0012,0.3833,1.5705,27.1678,16.72482680042872,2
Scenario D (2 Hands),456,3.1181,0.251,0.1937,0.8488,28.7686,0.0092,0.0725,0.0109,0.0045,0.0007,0.3642,2.0883,35.7516,16.783816456661274,2
Scenario D (2 Hands),457,3.3883,0.2682,0.2009,0.926,22.0747,0.01,0.0662,0.0116,0.0046,0.0008,0.3507,1.6707,28.9948,16.935867642630342,2
Scenario D (2 Hands),458,3.462,0.4029,0.1386,1.2,18.7802,0.0101,0.0669,0.0109,0.0045,0.0007,0.4108,1.6524,26.1637,16.97203712084507,2
Scenario D (2 Hands),459,3.0548,0.3703,0.1642,1.067,21.9954,0.0143,0.2125,0.0166,0.0066,0.001,0.619,1.6964,29.2454,17.103709612997758,2
Scenario D (2 Hands),460,3.4375,0.3944,0.217,0.9699,24.844,0.0115,0.1024,0.0164,0.0059,0.0012,0.6077,2.0581,32.6928,17.10441077487328,2
Scenario D (2 Hands),461,3.4831,0.324,0.1896,0.9719,24.855,0.0119,0.1048,0.0162,0.0059,0.0011,0.6136,1.8917,32.4917,17.021526871050018,2
Scenario D (2 Hands),462,3.9377,0.3321,0.1797,1.0216,18.3919,0.025,0.1232,0.0165,0.0063,0.0011,0.6664,2.0882,26.8154,16.988712958332215,2
Scenario D (2 Hands),463,3.8046,0.3525,0.21,1.2738,26.8067,0.01,0.0634,0.0109,0.0048,0.0008,0.3679,1.4706,34.3988,17.079285639274836,2
Scenario D (2 Hands),464,3.2637,0.3557,0.1968,1.1761,29.5584,0.0108,0.0698,0.0113,0.0049,0.0007,0.3572,1.6233,36.6515,17.127566686733278,2
Scenario D (2 Hands),465,3.4939,0.423,0.2065,1.0173,18.0681,0.0095,0.0639,0.011,0.0046,0.0109,0.3591,4.1139,27.805,16.970829946447992,2
Scenario D (2 Hands),466,3.9133,0.3716,0.1988,1.1997,22.1026,0.01,0.0778,0.0116,0.0024,0.0,0.3644,3.0898,31.3661,17.072194772498634,2
Scenario D (2 Hands),467,2.9252,0.475,0.1654,1.4188,25.8079,0.0135,0.0734,0.0117,0.0021,0.0,0.3748,1.4444,32.7355,17.24767446189061,2
Scenario D (2 Hands),468,3.2778,0.3476,0.2368,1.2185,19.8333,0.0137,0.1256,0.0172,0.0027,0.0,0.652,5.0755,30.8385,17.241744906182895,2
Scenario D (2 Hands),469,3.0842,0.4039,0.2122,1.1765,32.5284,0.0106,0.0677,0.0108,0.0021,0.0,0.365,1.4792,39.363,32.52811850110309,2
Scenario D (2 Hands),470,3.007,0.358,0.1658,1.32,22.4961,0.0141,0.1372,0.0178,0.0031,0.0,0.7628,1.7024,30.0117,31.634441195548014,2
Scenario D (2 Hands),471,3.36,0.3471,0.191,1.0969,23.1747,0.011,0.0748,0.0131,0.0025,0.0,0.4197,1.5119,30.2277,31.653728872331747,2
Scenario D (2 Hands),472,3.2369,0.3776,0.1935,1.2222,20.4195,0.01,0.067,0.011,0.0019,0.0,0.367,1.4282,27.3558,31.770001319567836,2
Scenario D (2 Hands),473,2.9635,0.3244,0.1726,1.2412,25.3356,0.0108,0.0715,0.012,0.0023,0.0,0.3869,1.6012,32.1445,31.966049114063985,2
Scenario D (2 Hands),474,3.2614,0.3422,0.1778,0.7854,25.788,0.0102,0.0658,0.0108,0.0023,0.0,0.3748,1.4603,32.2998,32.07088033791789,2
Scenario D (2 Hands),475,2.9509,0.3698,0.2136,0.9718,18.4329,0.0123,0.1022,0.0156,0.0028,0.0,0.6513,2.118,25.8675,31.79676062508429,2
Scenario D (2 Hands),476,3.6623,0.3306,0.1903,0.8655,20.1696,0.0115,0.0707,0.0116,0.0023,0.0,0.3547,1.5255,27.2153,32.30701398061055,2
Scenario D (2 Hands),477,3.014,0.3463,0.2331,1.1743,17.9471,0.0106,0.0704,0.0118,0.0023,0.0,0.3628,1.5684,24.7633,32.45124013586134,2
Scenario D (2 Hands),478,3.4005,0.3792,0.1467,1.1466,22.6765,0.0124,0.1211,0.0162,0.0029,0.0,0.677,1.506,30.1111,32.48118525764477,2
Scenario D (2 Hands),479,3.6851,0.3369,0.1977,1.1333,22.2083,0.028,0.1566,0.0233,0.0034,0.0,0.6922,15.3074,43.7966,32.44384173099448,2
Scenario D (2 Hands),480,3.392,0.258,0.1902,0.8156,25.6153,0.0166,0.1738,0.0145,0.0035,0.0,0.8578,7.4435,38.8062,16.998109111820067,2
Scenario D (2 Hands),481,3.4302,0.3682,0.1895,1.016,22.8209,0.0125,0.1012,0.0165,0.004,0.0,0.5701,2.9513,31.5053,16.907750956436725,2
Scenario D (2 Hands),482,3.4645,0.3301,0.2102,0.8835,19.2489,0.0101,0.0659,0.0111,0.0026,0.0,0.3248,5.9394,30.5173,16.835882849035208,2
Scenario D (2 Hands),483,3.4395,0.2904,0.1833,1.0364,19.3416,0.0101,0.0658,0.0119,0.0061,0.012,0.4512,1.5087,26.381,16.885764805968474,2
Scenario D (2 Hands),484,3.0526,0.3834,0.1772,1.122,21.5967,0.0094,0.0662,0.0117,0.0053,0.0007,0.3745,1.4266,28.2474,17.050993938034956,2
Scenario D (2 Hands),485,3.4842,0.2554,0.1795,0.8227,20.5805,0.01,0.0707,0.0119,0.0048,0.0007,0.3868,1.6215,27.4641,17.044491569377918,2
Scenario D (2 Hands),486,3.8322,0.3284,0.2054,0.9121,21.7734,0.0345,0.1073,0.0182,0.0105,0.001,0.5849,1.4176,29.2515,17.091816979008783,2
Scenario D (2 Hands),487,3.2863,0.3649,0.2068,0.9447,18.4685,0.0165,0.0733,0.012,0.0052,0.0011,0.5332,1.4027,25.3381,17.151726659783744,2
Scenario D (2 Hands),488,3.6164,0.2492,0.1889,0.7611,25.8027,0.016,0.1166,0.0175,0.0075,0.0012,0.6212,16.2409,47.6637,17.228169688825417,2
Scenario D (2 Hands),489,3.4723,0.3201,0.1865,1.1073,27.906,0.0129,0.1037,0.016,0.0064,0.001,0.6294,2.124,35.91,17.101030309285917,2
Scenario D (2 Hands),490,3.8128,0.257,0.1807,0.8576,32.8839,0.0137,0.1082,0.0163,0.0065,0.001,0.617,2.7052,41.4844,17.012678635549108,2
Scenario D (2 Hands),491,3.6064,0.3603,0.2086,1.499,28.958,0.0186,0.1383,0.0156,0.0058,0.0009,0.5485,1.7116,37.0982,16.84321302755132,2
Scenario D (2 Hands),492,3.6008,0.3885,0.1669,1.4288,36.4629,0.0102,0.0725,0.0123,0.005,0.0007,0.4045,1.6707,44.2549,16.694708990829533,2
Scenario D (2 Hands),493,3.5673,0.3392,0.1711,1.2229,30.4464,0.0109,0.0692,0.0122,0.012,0.0007,0.6434,2.0384,38.5591,16.523114843559508,2
Scenario D (2 Hands),494,3.847,0.2782,0.1611,0.8603,27.5818,0.0117,0.0751,0.0123,0.0047,0.0136,0.4179,1.6004,34.8851,16.42623744896674,2
Scenario D (2 Hands),495,2.9943,0.3365,0.2243,1.2836,32.8793,0.0111,0.0892,0.0118,0.0023,0.0,0.3888,1.7939,40.0383,16.320673505127,2
Scenario D (2 Hands),496,2.9108,0.2779,0.1742,0.8725,22.5401,0.0136,0.112,0.0176,0.0031,0.0,0.6896,8.9239,36.5597,16.135119758430104,2
Scenario D (2 Hands),497,3.428,0.3477,0.1708,1.2592,29.8958,0.0103,0.0864,0.0179,0.0022,0.0,0.3807,1.5238,37.1461,15.97341684998572,2
Scenario D (2 Hands),498,3.3369,0.374,0.178,0.8593,20.6587,0.0118,0.1129,0.0154,0.0034,0.0,0.5853,13.9556,40.1172,15.884209107992675,2
Scenario D (2 Hands),499,3.4009,0.2656,0.1461,1.1903,29.3709,0.0104,0.0652,0.0113,0.0022,0.0,0.3779,12.2788,47.1447,28.293859030915208,2
Scenario D (2 Hands),500,3.4363,0.2658,0.2217,0.9483,24.5886,0.0113,0.1015,0.0157,0.0029,0.0,0.5951,1.8323,32.0428,27.9475037708475,2
Scenario D (2 Hands),501,3.3456,0.2938,0.164,0.9001,20.7827,0.0094,0.0684,0.011,0.0026,0.0,0.3766,1.8808,27.8574,27.935218658585534,2
Scenario D (2 Hands),502,3.145,0.3416,0.2067,0.9999,21.0264,0.0122,0.1125,0.0179,0.0028,0.0,0.6964,2.2649,28.8513,28.049472126260287,2
Scenario D (2 Hands),503,3.7979,0.2719,0.1906,0.8634,22.9362,0.013,0.1046,0.0166,0.0029,0.0,0.7361,1.8663,30.8255,27.90764103918189,2
Scenario D (2 Hands),504,3.1464,0.2518,0.206,0.8485,19.778,0.0125,0.0768,0.011,0.0022,0.0,0.3669,1.4233,26.144,27.84136123020509,2
Scenario D (2 Hands),505,2.7691,0.2376,0.1724,0.7732,16.7448,0.0091,0.0671,0.0115,0.002,0.0,0.3619,3.1828,24.3522,27.928620117200165,2
Scenario D (2 Hands),506,2.8596,0.2709,0.1824,0.638,17.8665,0.0097,0.0673,0.0118,0.002,0.0,0.367,9.3217,31.6167,28.100587211256062,2
Scenario D (2 Hands),507,2.9991,0.322,0.2303,0.8824,16.285,0.0103,0.0713,0.011,0.002,0.0,0.3694,10.1761,31.3802,27.854148039977098,2
Scenario D (2 Hands),508,3.4993,0.2372,0.1597,0.8215,17.2541,0.013,0.1222,0.0166,0.0031,0.0,0.6501,9.367,32.1677,28.50484900707401,2
Scenario D (2 Hands),509,3.514,0.3352,0.1876,1.2978,17.4874,0.0139,0.0766,0.012,0.0026,0.0,0.4484,8.0013,31.3991,28.674946197442882,2
Scenario D (2 Hands),510,3.278,0.2288,0.1684,0.8844,16.8589,0.0098,0.0702,0.0098,0.0023,0.0,0.3494,17.0489,38.927,16.20823528406796,2
Scenario D (2 Hands),511,3.5643,0.2785,0.1887,0.8279,19.4234,0.0109,0.0697,0.0116,0.0029,0.0,0.3856,1.5618,26.3441,16.179156051172015,2
Scenario D (2 Hands),512,3.4869,0.3086,0.1604,0.9365,19.4569,0.0103,0.0685,0.0114,0.0027,0.0,0.3378,1.6167,26.4247,16.425844704303252,2
Scenario D (2 Hands),513,3.5313,0.3063,0.2081,1.1169,18.8542,0.0116,0.0855,0.0153,0.0066,0.0952,0.3904,1.591,26.2359,16.607553236139598,2
Scenario D (2 Hands),514,3.1276,0.2468,0.1429,0.9489,21.6547,0.0111,0.0762,0.012,0.0055,0.0007,0.4054,1.7031,28.3583,16.727238532787933,2
Scenario D (2 Hands),515,3.5357,0.3729,0.2361,1.2353,20.7578,0.0126,0.0795,0.0121,0.0049,0.0051,0.4142,1.5745,28.2679,16.893292479991995,2
Scenario D (2 Hands),516,3.4776,0.5026,0.169,1.492,35.9016,0.014,0.1251,0.0181,0.0065,0.0012,0.7178,2.081,44.5369,17.029248883475436,2
Scenario D (2 Hands),517,3.7217,0.3699,0.1638,1.1292,23.1753,0.0104,0.0692,0.0121,0.0053,0.0007,0.3832,1.647,30.7116,16.910814998661,2
Scenario D (2 Hands),518,3.7303,0.3559,0.1828,1.2413,23.8266,0.011,0.1058,0.016,0.0065,0.001,0.7273,1.9945,32.2249,17.05608843199633,2
Scenario D (2 Hands),519,3.414,0.3517,0.1551,1.1663,25.9519,0.0282,0.0786,0.0128,0.0059,0.0009,0.4112,1.6319,33.2428,17.292188288617094,2
Scenario D (2 Hands),520,3.8054,0.2688,0.147,0.8232,20.0107,0.0166,0.1417,0.0176,0.0066,0.0011,0.7321,1.7214,27.7175,17.264212165918185,2
Scenario D (2 Hands),521,3.4681,0.4128,0.188,1.1669,19.5804,0.0099,0.0675,0.0115,0.0047,0.0008,0.3718,1.5137,26.8357,17.2695583846074,2
Scenario D (2 Hands),522,3.082,0.3499,0.1755,1.2406,20.6932,0.0136,0.1116,0.0175,0.0065,0.0009,0.7101,1.735,28.1635,17.316213211743733,2
Scenario D (2 Hands),523,3.2281,0.3616,0.1915,1.3389,28.544,0.0092,0.0664,0.0111,0.005,0.0008,0.378,2.0209,36.1806,17.34769966879236,2
Scenario D (2 Hands),524,3.4101,0.3393,0.2066,1.1831,27.258,0.0108,0.072,0.0122,0.0054,0.001,0.3752,1.5591,34.4573,17.17994649737607,2
Scenario D (2 Hands),525,3.2178,0.3373,0.2098,1.1659,29.7818,0.0264,0.1259,0.0168,0.0063,0.0153,0.5953,1.351,36.8746,17.03030424775773,2
Scenario D (2 Hands),526,3.2192,0.3228,0.1925,1.4316,22.9847,0.0128,0.1068,0.0168,0.0029,0.0,0.7941,1.6439,30.7544,16.951332954707404,2
Scenario D (2 Hands),527,3.1919,0.3734,0.1699,1.2475,24.3313,0.0132,0.1371,0.0165,0.0029,0.0,0.5146,1.5376,31.5604,16.969557900591568,2
Scenario D (2 Hands),528,3.3163,0.3408,0.1793,1.3227,18.4748,0.0105,0.0749,0.0122,0.0023,0.0,0.3895,1.4915,25.6395,16.97714240307384,2
Scenario D (2 Hands),529,3.0499,0.3193,0.167,0.8485,17.8532,0.0108,0.0662,0.012,0.0022,0.0,0.3614,11.3541,34.0668,32.01648155186281,2
Scenario D (2 Hands),530,3.2508,0.2785,0.169,0.8435,19.4595,0.0087,0.065,0.0174,0.0024,0.0,0.3452,6.8346,31.2969,32.2852479272717,2
Scenario D (2 Hands),531,3.0534,0.3807,0.1796,0.9679,17.8526,0.0106,0.0669,0.0114,0.0023,0.0,0.3886,1.6283,24.5696,32.036495625582155,2
Scenario D (2 Hands),532,3.0757,0.2613,0.1663,0.8174,19.2887,0.0088,0.0675,0.0115,0.002,0.0,0.3896,1.876,25.9861,32.1253865925355,2
Scenario D (2 Hands),533,3.4847,0.3416,0.1681,1.0922,23.458,0.0147,0.1614,0.0229,0.0154,0.0,0.7084,1.599,31.0944,32.096326303096305,2
Scenario D (2 Hands),534,3.2573,0.3224,0.1857,1.157,18.1024,0.0105,0.0683,0.0115,0.0023,0.0,0.3726,1.3875,24.899,31.97820923611543,2
Scenario D (2 Hands),535,3.5949,0.3651,0.1993,1.3419,27.8577,0.0124,0.1046,0.0164,0.003,0.0,0.6018,1.966,36.0886,32.13498570712531,2
Scenario D (2 Hands),536,3.1135,0.3329,0.1537,0.9889,21.4667,0.0109,0.0689,0.0108,0.0022,0.0,0.4936,1.6181,28.2813,32.64592678528562,2
Scenario D (2 Hands),537,3.2464,0.2592,0.1443,0.8538,27.4065,0.0112,0.0691,0.0122,0.0022,0.0,0.365,1.9987,34.4034,32.77277037858307,2
Scenario D (2 Hands),538,3.2563,0.3132,0.2025,1.1038,25.8258,0.0107,0.0668,0.011,0.002,0.0,0.3539,11.8749,43.0429,32.63441627712223,2
Scenario D (2 Hands),539,2.979,0.2827,0.1738,1.1122,18.2708,0.0106,0.0697,0.0123,0.0023,0.0,0.3848,1.6395,24.9595,32.13181127608308,2
Scenario D (2 Hands),540,3.0937,0.2432,0.1567,0.8402,18.1133,0.0174,0.1825,0.022,0.0037,0.0,0.6996,1.6569,25.0573,16.9572484291116,2
Scenario D (2 Hands),541,3.4381,0.3031,0.1539,1.5049,25.4752,0.0109,0.0672,0.0116,0.0027,0.0,0.344,1.7983,33.1603,16.973255312197427,2
Scenario D (2 Hands),542,3.4991,0.3028,0.1583,1.2781,31.4876,0.0123,0.1041,0.0167,0.004,0.0,0.565,1.9924,39.4435,16.899267849016496,2
Scenario D (2 Hands),543,3.6777,0.3543,0.2015,0.9653,23.3106,0.0133,0.1084,0.0176,0.0082,0.0204,0.9387,1.743,31.3855,16.850478332319803,2
Scenario D (2 Hands),544,3.0259,0.319,0.1358,1.0817,21.8045,0.0096,0.0689,0.0116,0.0047,0.0006,0.3858,7.159,34.0336,16.897490559116576,2
Scenario D (2 Hands),545,3.0486,0.3237,0.181,1.1974,34.463,0.0178,0.1659,0.0145,0.0058,0.0013,0.6691,1.5292,41.6439,16.945468448087823,2
Scenario D (2 Hands),546,3.0565,0.3291,0.1799,1.1725,27.5568,0.0203,0.194,0.0202,0.0068,0.0015,0.5758,1.401,34.5436,16.78187959601405,2
Scenario D (2 Hands),547,3.3885,0.3953,0.1555,1.4738,23.2166,0.0112,0.0659,0.0115,0.0047,0.0008,0.3727,3.7298,32.8533,16.735247522423766,2
Scenario D (2 Hands),548,3.4067,0.3615,0.1712,1.236,29.0057,0.0143,0.1169,0.0291,0.0067,0.0014,0.7533,1.6816,36.8135,16.623856548639708,2
Scenario D (2 Hands),549,3.428,0.3205,0.2788,1.6245,33.9454,0.0141,0.128,0.0181,0.0064,0.001,0.5702,1.4005,41.7622,16.586861683350982,2
Scenario D (2 Hands),550,3.1464,0.4346,0.2634,1.3617,27.2762,0.0145,0.1231,0.0194,0.0067,0.0015,0.7241,1.9332,35.3368,16.43854731778558,2
Scenario D (2 Hands),551,3.7237,0.4151,0.2206,1.0473,22.8553,0.0159,0.1251,0.0168,0.0058,0.0011,0.6237,2.0784,31.1582,16.27845111201261,2
Scenario D (2 Hands),552,3.6602,0.3284,0.171,0.8226,20.5024,0.0145,0.1115,0.0172,0.006,0.0014,0.6569,1.8959,28.2129,16.213175001546208,2
Scenario D (2 Hands),553,3.3265,0.2862,0.1874,0.8597,21.5031,0.0108,0.0705,0.012,0.0048,0.0009,0.5151,1.9872,28.789,16.255354111601157,2
Scenario D (2 Hands),554,3.1952,0.3414,0.1848,0.9366,22.0524,0.0202,0.1457,0.0184,0.006,0.0149,0.5408,1.5017,28.9846,16.20810012717655,2
Scenario D (2 Hands),555,3.6107,0.438,0.1845,0.9273,30.4974,0.013,0.1151,0.016,0.0027,0.0,0.6409,9.1466,45.6195,16.294111044069588,2
Scenario D (2 Hands),556,3.4095,0.3367,0.1676,1.0949,26.6993,0.0147,0.1383,0.017,0.0025,0.0,0.3734,12.9963,45.2753,16.059773511657536,2
Scenario D (2 Hands),557,3.55,0.3398,0.1839,1.2638,29.3305,0.0117,0.0783,0.0133,0.0029,0.0,0.3687,11.9696,47.1364,15.911877835282091,2
Scenario D (2 Hands),558,3.4459,0.3061,0.2802,1.2516,17.7754,0.0136,0.1017,0.0162,0.0031,0.0,0.5094,1.9381,25.6684,15.855311420901884,2
Scenario D (2 Hands),559,3.3825,0.3163,0.2023,1.0839,20.1662,0.0108,0.0666,0.0115,0.0023,0.0,0.4012,1.5646,27.2325,28.468567386730207,2
Scenario D (2 Hands),560,3.2751,0.2497,0.1686,0.8721,22.2592,0.0109,0.0695,0.0127,0.0021,0.0,0.8087,1.6487,29.4015,28.392840702932496,2
Scenario D (2 Hands),561,3.286,0.2535,0.1418,1.0328,26.4834,0.0126,0.0999,0.016,0.0029,0.0,0.6433,1.8209,33.8173,28.556011750381085,2
Scenario D (2 Hands),562,2.9718,0.3243,0.1985,1.0827,19.0369,0.0097,0.0673,0.0112,0.0023,0.0,0.371,1.7548,25.8506,28.82245272919289,2
Scenario D (2 Hands),563,3.6601,0.2488,0.2018,0.8814,19.4106,0.0107,0.0656,0.0107,0.002,0.0,0.3381,1.3662,26.2181,29.02662128770572,2
Scenario D (2 Hands),564,3.2488,0.4506,0.19,1.0873,17.7396,0.0475,0.166,0.0427,0.0041,0.0,0.8434,1.6479,25.5023,29.379142490273836,2
Scenario D (2 Hands),565,3.1871,0.4442,0.1833,1.1255,19.2842,0.0124,0.0743,0.0133,0.0023,0.0,0.5193,2.0122,26.8868,30.107599874419083,2
Scenario D (2 Hands),566,3.3041,0.3444,0.1827,1.2343,18.8627,0.0135,0.1192,0.0175,0.003,0.0,0.5827,1.8019,26.5284,30.51370003583911,2
Scenario D (2 Hands),567,3.2244,0.455,0.1694,1.1298,18.5975,0.0107,0.0685,0.0112,0.0023,0.0,0.3663,8.3692,32.4422,30.827907977128515,2
Scenario D (2 Hands),568,3.4623,0.2418,0.1861,0.8342,28.9003,0.0143,0.135,0.018,0.0031,0.0,0.6189,1.811,36.2586,31.038182852068516,2
Scenario D (2 Hands),569,3.824,0.3312,0.1859,1.3251,30.0974,0.0135,0.1119,0.0165,0.0028,0.0,0.6053,4.3177,40.8599,31.285354626843407,2
Scenario D (2 Hands),570,3.694,0.4035,0.1336,1.1172,19.2001,0.0132,0.1363,0.0184,0.0034,0.0,0.5941,1.951,27.2904,16.94017693576906,2
Scenario D (2 Hands),571,3.5895,0.5938,0.1761,1.2723,24.9333,0.0102,0.0663,0.0112,0.0024,0.0,0.3583,1.9841,33.0294,17.000437107784293,2
Scenario D (2 Hands),572,3.7893,0.2319,0.1746,0.7246,36.7064,0.0096,0.0672,0.0109,0.0029,0.0,0.3343,10.5904,52.6638,16.91983417275978,2
Scenario D (2 Hands),573,3.8158,0.4147,0.1901,1.0671,22.7548,0.0106,0.0713,0.0123,0.0053,0.0133,0.8826,1.8013,31.0784,16.564341544163803,2
Scenario D (2 Hands),574,3.1453,0.4483,0.1338,1.2633,17.6183,0.0113,0.0695,0.0121,0.0044,0.0007,0.3584,6.9368,30.0275,16.550402318043087,2
Scenario D (2 Hands),575,3.4207,0.3521,0.183,1.1117,30.0409,0.0131,0.1025,0.017,0.0064,0.0009,0.6036,1.9481,37.8266,16.77091719657291,2
Scenario D (2 Hands),576,2.898,0.3256,0.2169,1.1503,21.7236,0.0118,0.1145,0.0167,0.0061,0.0009,0.7904,11.6437,38.9231,16.89191029279224,2
Scenario D (2 Hands),577,3.4592,0.2612,0.1962,0.7785,25.701,0.0113,0.1013,0.0161,0.0065,0.0011,0.5335,16.2761,47.3676,17.006151014840626,2
Scenario D (2 Hands),578,3.3099,0.4436,0.271,0.7794,28.5526,0.0095,0.0686,0.0118,0.0049,0.0007,0.3756,1.481,35.3588,16.67851779856843,2
Scenario D (2 Hands),579,3.1541,0.4422,0.1651,0.8274,20.9365,0.0126,0.1229,0.0162,0.0059,0.001,0.7353,1.4885,27.9351,16.56624917627934,2
Scenario D (2 Hands),580,3.1357,0.3608,0.2087,0.704,28.9576,0.0091,0.0647,0.0112,0.0048,0.0007,0.3656,1.4541,35.3009,16.5874140779027,2
Scenario D (2 Hands),581,3.116,0.3286,0.2382,0.9071,26.5069,0.0102,0.0686,0.0113,0.0048,0.0007,0.3828,1.4462,33.0442,16.56172184866178,2
Scenario D (2 Hands),582,2.8258,0.4034,0.1967,0.9937,20.4936,0.0154,0.1087,0.0215,0.0062,0.0012,0.3987,13.3219,38.8131,16.471123574697742,2
Scenario D (2 Hands),583,3.1365,0.3972,0.1647,0.7772,33.4865,0.0132,0.1046,0.0157,0.0063,0.015,0.5821,2.2295,40.963,16.283756472030834,2
Scenario D (2 Hands),584,3.2944,0.3051,0.2002,1.0307,19.8829,0.0125,0.1038,0.0161,0.003,0.0,0.6136,2.1197,27.6058,16.07497318207986,2
Scenario D (2 Hands),585,3.585,0.3069,0.209,1.1212,24.5289,0.0125,0.1009,0.0159,0.003,0.0,0.5864,1.471,31.9654,16.055547854902503,2
Scenario D (2 Hands),586,3.1273,0.3656,0.2203,1.1625,25.2906,0.0129,0.1158,0.0165,0.0032,0.0,0.6828,7.7589,38.7822,15.988976298962516,2
Scenario D (2 Hands),587,3.3544,0.3053,0.225,1.2483,35.4742,0.0102,0.0662,0.0111,0.0023,0.0,0.3619,4.8102,45.8901,15.903291622630425,2
Scenario D (2 Hands),588,3.437,0.3242,0.2253,1.1853,23.7338,0.0119,0.073,0.0123,0.0022,0.0,0.3808,17.2631,46.6719,15.780462207338257,2
Scenario D (2 Hands),589,3.5219,0.2703,0.1633,0.8261,29.2811,0.0122,0.1013,0.016,0.0028,0.0,0.5837,2.042,36.8452,27.11812950668495,2
Scenario D (2 Hands),590,3.4663,0.3107,0.2176,1.0815,26.8552,0.0127,0.1248,0.0159,0.0027,0.0,0.5876,1.8698,34.5679,26.74956733060775,2
Scenario D (2 Hands),591,3.4634,0.3059,0.1895,0.828,24.4485,0.0124,0.1034,0.0161,0.0027,0.0,0.6043,1.8985,31.8952,26.69971116441181,2
Scenario D (2 Hands),592,3.3054,0.3332,0.2388,1.2846,29.345,0.012,0.1029,0.0163,0.003,0.0,0.5492,15.2549,50.4729,27.510497356199664,2
Scenario D (2 Hands),593,3.9169,0.3238,0.2265,0.7907,29.1044,0.0136,0.1385,0.0161,0.003,0.0,0.8474,11.7104,47.1193,26.71094236008323,2
Scenario D (2 Hands),594,3.3743,0.3368,0.205,0.8663,23.1761,0.0121,0.0995,0.0152,0.0027,0.0,0.5961,1.8055,30.5148,26.114580452349898,2
Scenario D (2 Hands),595,3.243,0.3105,0.2297,1.1668,29.3667,0.0144,0.1217,0.016,0.0029,0.0,0.6307,2.0119,37.1377,26.363867518646007,2
Scenario D (2 Hands),596,3.4904,0.6454,0.1863,1.2365,20.6348,0.0119,0.1019,0.0156,0.0029,0.0,0.5958,2.0688,29.0171,26.439922098690474,2
Scenario D (2 Hands),597,3.4752,0.3039,0.1922,0.7088,24.3299,0.0111,0.0702,0.0117,0.0022,0.0,0.5613,1.8438,31.5327,27.141487132347308,2
Scenario D (2 Hands),598,3.4584,0.26,0.1756,0.7815,19.6864,0.0123,0.1045,0.0162,0.0028,0.0,0.5999,2.1781,27.2988,27.27474146215915,2
Scenario D (2 Hands),599,3.5456,0.3124,0.2143,1.0799,19.2218,0.0132,0.103,0.0173,0.0029,0.0,0.5946,2.1536,27.2819,27.291722802549863,2
Scenario D (2 Hands),600,2.9916,0.3148,0.176,0.8301,28.5886,0.0122,0.1048,0.0117,0.0034,0.0,0.575,2.1188,35.7615,15.74453991366281,2
Scenario D (2 Hands),601,3.1938,0.329,0.2056,1.1386,21.8128,0.0227,0.1129,0.0174,0.0042,0.0,0.5592,1.8843,29.3034,15.702614981801215,2
Scenario D (2 Hands),602,3.2974,0.5374,0.2204,0.8794,18.3647,0.0095,0.0652,0.0107,0.0024,0.0,0.5182,1.4788,25.4069,15.829841635588044,2
Scenario D (2 Hands),603,3.3333,0.3031,0.2174,1.0574,27.0288,0.0099,0.0681,0.0119,0.0053,0.0121,0.3641,1.7239,34.1557,16.03961650693156,2
Scenario D (2 Hands),604,3.165,0.3861,0.1511,0.9295,34.7146,0.0116,0.1121,0.0165,0.0059,0.0013,0.7433,2.1021,42.3609,15.957964346589089,2
Scenario D (2 Hands),605,3.3306,0.3097,0.2064,1.1091,23.0891,0.0099,0.0676,0.0228,0.0051,0.0007,0.4067,13.6669,42.247,15.810862727312047,2
Scenario D (2 Hands),606,3.4043,0.3164,0.2232,1.3062,31.8851,0.0128,0.1106,0.017,0.0063,0.0126,0.6184,2.1183,40.0637,15.76799151250232,2
Scenario D (2 Hands),607,3.6475,0.2977,0.2161,1.1779,26.9428,0.0095,0.0661,0.011,0.0041,0.0008,0.3536,1.7161,34.4668,15.84235370501833,2
Scenario D (2 Hands),608,3.0434,0.2969,0.1907,0.772,24.9815,0.0105,0.0898,0.0136,0.0055,0.0009,0.5044,1.7239,31.6558,16.01490323448017,2
Scenario D (2 Hands),609,3.4116,0.3606,0.1611,0.9841,28.4567,0.0115,0.0998,0.0153,0.0058,0.0008,0.5857,1.5348,35.6525,16.07964705870484,2
Scenario D (2 Hands),610,3.1395,0.3229,0.2072,1.1078,25.1907,0.012,0.1025,0.016,0.0064,0.0009,0.6337,15.0486,45.8128,16.068202343134875,2
Scenario D (2 Hands),611,2.8906,0.3095,0.2011,1.1174,27.4138,0.0137,0.1124,0.0175,0.0068,0.0012,0.412,13.9067,46.4297,15.882746527856668,2
Scenario D (2 Hands),612,3.4898,0.3085,0.209,1.1448,30.4973,0.0123,0.1041,0.016,0.0059,0.015,0.6597,1.8544,38.3401,15.936563930214245,2
Scenario D (2 Hands),613,3.3887,0.3846,0.1868,1.1665,32.4717,0.0139,0.1195,0.0199,0.0029,0.0,0.6259,1.7812,40.1873,16.04884184681018,2
Scenario D (2 Hands),614,3.2604,0.4643,0.1867,1.0147,28.7803,0.0119,0.1015,0.0158,0.0029,0.0,0.6354,9.7265,44.2323,15.920899525759957,2
Scenario D (2 Hands),615,3.8591,0.3656,0.2106,0.9871,27.2937,0.0118,0.0995,0.0154,0.0027,0.0,0.6423,1.8049,35.3169,15.820300950249052,2
Scenario D (2 Hands),616,3.4712,0.3331,0.1827,0.8247,29.6824,0.0107,0.0786,0.0117,0.0022,0.0,0.6351,7.3092,42.5694,15.741952306246349,2
