exp_name,frame_idx,seg_idx,timestamp_ms,submit_to_callback_ms,frame_age_ms,callback_to_gesture_ms,capture_to_gesture_ms
baseline_normal_0.25,0,1,12606078,11.367,30.427,0.063,30.491
baseline_normal_0.25,1,1,12606093,11.144,13.779,0.062,13.841
baseline_normal_0.25,2,1,12606125,10.59,13.165,0.079,13.244
baseline_normal_0.25,3,1,12606156,11.791,14.354,0.045,14.399
baseline_normal_0.25,4,1,12606203,10.145,12.893,0.044,12.938
baseline_normal_0.25,5,1,12606234,9.7,13.073,0.044,13.117
baseline_normal_0.25,6,1,12606265,10.337,13.482,0.039,13.521
baseline_normal_0.25,7,1,12606296,10.41,13.147,0.044,13.191
baseline_normal_0.25,8,1,12606328,9.781,12.339,0.044,12.382
baseline_normal_0.25,9,1,12606359,10.663,13.21,0.038,13.248
baseline_normal_0.25,10,1,12606406,10.357,12.853,0.042,12.895
baseline_normal_0.25,11,1,12606437,10.323,13.054,0.05,13.104
baseline_normal_0.25,12,1,12606468,11.322,14.179,0.042,14.221
baseline_normal_0.25,13,1,12606500,9.893,12.64,0.041,12.682
baseline_normal_0.25,14,1,12606531,10.316,13.543,0.039,13.583
baseline_normal_0.25,15,1,12606562,10.52,13.579,0.05,13.629
baseline_normal_0.25,16,1,12606609,11.369,14.425,0.055,14.48
baseline_normal_0.25,17,1,12606640,10.174,12.684,0.038,12.722
baseline_normal_0.25,18,1,12606671,10.11,12.765,0.052,12.817
baseline_normal_0.25,19,1,12606703,9.509,11.994,0.04,12.034
baseline_normal_0.25,20,1,12606734,9.937,12.745,0.043,12.788
baseline_normal_0.25,21,1,12606765,12.223,15.51,0.047,15.557
baseline_normal_0.25,22,1,12606796,9.649,12.387,0.074,12.46
baseline_normal_0.25,23,1,12606843,9.807,12.408,0.046,12.454
baseline_normal_0.25,24,1,12606875,10.19,12.676,0.051,12.727
baseline_normal_0.25,25,1,12606906,11.143,13.95,0.048,13.997
baseline_normal_0.25,26,1,12606937,10.608,13.267,0.049,13.316
baseline_normal_0.25,27,1,12606968,10.722,13.272,0.047,13.319
baseline_normal_0.25,28,1,12607000,10.689,13.689,0.252,13.941
baseline_normal_0.25,29,1,12607046,10.362,13.498,0.04,13.538
baseline_normal_0.25,30,1,12607078,10.782,13.691,0.043,13.734
baseline_normal_0.25,31,1,12607109,10.521,13.091,0.047,13.138
baseline_normal_0.25,32,1,12607140,10.499,13.1,0.041,13.141
baseline_normal_0.25,33,1,12607171,10.091,12.594,0.046,12.64
baseline_normal_0.25,34,1,12607203,10.36,12.924,0.056,12.98
baseline_normal_0.25,35,1,12607250,10.981,13.73,0.049,13.779
baseline_normal_0.25,36,1,12607281,10.589,13.411,0.046,13.458
baseline_normal_0.25,37,1,12607312,9.766,12.81,0.046,12.855
baseline_normal_0.25,38,1,12607343,10.318,13.285,0.041,13.326
baseline_normal_0.25,39,1,12607375,10.189,13.437,0.05,13.487
baseline_normal_0.25,40,1,12607406,9.652,12.28,0.045,12.324
baseline_normal_0.25,41,1,12607453,10.603,13.428,0.05,13.478
baseline_normal_0.25,42,1,12607484,10.351,12.95,0.041,12.991
baseline_normal_0.25,43,1,12607515,10.625,13.377,0.043,13.419
baseline_normal_0.25,44,1,12607546,10.395,13.522,0.048,13.57
baseline_normal_0.25,45,1,12607578,9.91,12.477,0.039,12.516
baseline_normal_0.25,46,1,12607609,9.529,12.388,0.05,12.438
baseline_normal_0.25,47,1,12607656,10.464,13.345,0.053,13.397
baseline_normal_0.25,48,1,12607687,12.039,14.899,0.048,14.947
baseline_normal_0.25,49,1,12607718,10.391,12.821,0.037,12.859
baseline_normal_0.25,50,1,12607750,10.274,12.764,0.063,12.827
baseline_normal_0.25,51,1,12607781,9.958,12.947,0.047,12.994
baseline_normal_0.25,52,1,12607812,10.106,12.972,0.051,13.023
baseline_normal_0.25,53,1,12607843,10.242,13.156,0.043,13.199
baseline_normal_0.25,54,1,12607890,10.081,12.886,0.039,12.925
baseline_normal_0.25,55,1,12607921,10.21,13.283,0.048,13.331
baseline_normal_0.25,56,1,12607953,10.331,12.962,0.042,13.004
baseline_normal_0.25,57,1,12607984,10.465,13.185,0.046,13.232
baseline_normal_0.25,58,1,12608015,9.538,11.947,0.055,12.002
baseline_normal_0.25,59,1,12608046,11.55,14.12,0.066,14.186
baseline_normal_0.25,60,1,12608093,10.759,13.64,0.048,13.688
baseline_normal_0.25,61,1,12608125,10.33,13.18,0.053,13.233
baseline_normal_0.25,62,1,12608156,9.501,12.416,0.042,12.459
baseline_normal_0.25,63,1,12608187,10.129,13.302,0.043,13.345
baseline_normal_0.25,64,1,12608218,9.969,12.679,0.043,12.721
baseline_normal_0.25,65,1,12608250,10.61,13.131,0.049,13.179
baseline_normal_0.25,66,1,12608296,9.976,12.419,0.066,12.485
baseline_normal_0.25,67,1,12608328,10.598,13.412,0.052,13.464
baseline_normal_0.25,68,1,12608359,19.34,22.608,0.325,22.933
baseline_normal_0.25,69,1,12608390,23.093,26.499,0.056,26.555
baseline_normal_0.25,70,1,12608421,20.122,23.479,0.082,23.56
baseline_normal_0.25,71,1,12608453,24.241,27.334,0.098,27.432
baseline_normal_0.25,72,1,12608500,23.289,26.686,0.055,26.742
baseline_normal_0.25,73,1,12608531,23.116,25.715,0.056,25.771
baseline_normal_0.25,74,1,12608562,23.271,26.79,0.056,26.846
baseline_normal_0.25,75,1,12608593,23.602,26.4,0.083,26.483
baseline_normal_0.25,76,1,12608625,24.232,27.409,0.075,27.484
baseline_normal_0.25,77,1,12608656,28.532,32.37,0.061,32.431
baseline_normal_0.25,78,1,12608703,23.253,30.112,0.057,30.168
baseline_normal_0.25,79,1,12608734,23.312,26.812,0.056,26.868
baseline_normal_0.25,80,1,12608765,23.404,25.984,0.057,26.041
baseline_normal_0.25,81,1,12608796,23.776,27.141,0.092,27.233
baseline_normal_0.25,82,1,12608828,23.952,26.539,0.057,26.596
baseline_normal_0.25,83,1,12608859,23.507,26.809,0.057,26.866
baseline_normal_0.25,84,1,12608890,23.722,26.222,0.084,26.306
baseline_normal_0.25,85,1,12608937,23.263,29.14,0.055,29.195
baseline_normal_0.25,86,1,12608968,23.171,26.655,0.057,26.712
baseline_normal_0.25,87,1,12609000,23.201,26.652,0.056,26.708
baseline_normal_0.25,88,1,12609031,23.448,26.823,0.058,26.88
baseline_normal_0.25,89,1,12609062,23.605,26.307,0.057,26.365
baseline_normal_0.25,90,1,12609109,23.302,26.443,0.056,26.499
baseline_normal_0.25,91,1,12609140,23.241,26.514,0.057,26.571
baseline_normal_0.25,92,1,12609171,23.363,25.924,0.071,25.994
baseline_normal_0.25,93,1,12609203,20.773,24.413,0.054,24.467
baseline_normal_0.25,94,1,12609234,23.684,26.318,0.061,26.379
baseline_normal_0.25,95,1,12609265,23.231,26.537,0.058,26.595
baseline_normal_0.25,96,1,12609296,24.6,27.443,0.057,27.5
baseline_normal_0.25,97,1,12609343,21.254,24.757,0.04,24.797
baseline_normal_0.25,98,1,12609375,23.709,26.479,0.055,26.534
baseline_normal_0.25,99,1,12609406,23.242,26.293,0.055,26.347
baseline_normal_0.25,100,2,12609437,64.199,66.971,2.046,69.017
baseline_normal_0.25,101,2,12609468,93.046,96.363,0.167,96.53
baseline_normal_0.25,103,2,12609546,95.169,98.434,0.178,98.612
baseline_normal_0.25,105,2,12609609,86.004,90.056,0.21,90.266
baseline_normal_0.25,107,2,12609687,84.324,87.978,0.199,88.177
baseline_normal_0.25,109,2,12609750,69.527,72.997,0.146,73.142
baseline_normal_0.25,111,2,12609812,44.417,47.727,0.193,47.919
baseline_normal_0.25,112,2,12609859,77.477,80.472,0.145,80.617
baseline_normal_0.25,114,2,12609921,49.828,53.122,0.205,53.327
baseline_normal_0.25,115,2,12609953,79.447,82.208,0.148,82.356
baseline_normal_0.25,117,2,12610015,63.284,67.251,0.15,67.401
baseline_normal_0.25,118,2,12610062,89.649,92.789,1.422,94.211
baseline_normal_0.25,120,2,12610125,87.416,91.393,0.155,91.547
baseline_normal_0.25,122,2,12610187,82.803,86.99,0.149,87.14
baseline_normal_0.25,124,2,12610265,73.489,77.18,0.156,77.336
baseline_normal_0.25,126,2,12610328,54.455,57.88,1.915,59.795
baseline_normal_0.25,127,2,12610359,82.178,87.343,0.147,87.49
baseline_normal_0.25,129,2,12610421,79.632,83.389,0.157,83.545
baseline_normal_0.25,131,2,12610500,77.386,80.886,0.15,81.036
baseline_normal_0.25,133,2,12610562,72.077,75.463,0.14,75.603
baseline_normal_0.25,135,2,12610625,74.699,78.271,0.143,78.414
baseline_normal_0.25,137,2,12610703,62.802,68.206,0.306,68.513
baseline_normal_0.25,138,2,12610734,93.393,96.929,0.151,97.081
baseline_normal_0.25,140,2,12610796,86.007,89.326,0.141,89.467
baseline_normal_0.25,142,2,12610875,83.39,87.34,0.234,87.574
baseline_normal_0.25,144,2,12610937,81.941,86.1,0.164,86.264
baseline_normal_0.25,146,2,12611015,65.891,70.175,0.16,70.335
baseline_normal_0.25,147,2,12611046,95.04,98.638,0.354,98.992
baseline_normal_0.25,149,2,12611109,91.462,95.01,0.15,95.159
baseline_normal_0.25,151,2,12611171,71.146,74.407,0.163,74.57
baseline_normal_0.25,153,2,12611250,64.869,67.652,0.271,67.923
baseline_normal_0.25,154,2,12611281,91.272,94.723,0.161,94.884
baseline_normal_0.25,156,2,12611343,75.452,79.268,0.166,79.434
baseline_normal_0.25,158,2,12611421,63.588,67.019,0.19,67.209
baseline_normal_0.25,159,2,12611453,86.654,90.765,3.034,93.799
baseline_normal_0.25,161,2,12611515,89.793,93.32,0.148,93.468
baseline_normal_0.25,163,2,12611593,89.442,93.107,0.567,93.674
baseline_normal_0.25,165,2,12611656,86.551,93.249,0.155,93.404
baseline_normal_0.25,167,2,12611718,65.997,69.861,0.161,70.021
baseline_normal_0.25,168,2,12611750,93.315,96.793,0.162,96.954
baseline_normal_0.25,170,2,12611828,84.651,87.795,0.175,87.97
baseline_normal_0.25,172,2,12611890,73.417,77.489,2.409,79.899
baseline_normal_0.25,174,2,12611953,79.08,82.417,0.155,82.572
baseline_normal_0.25,176,2,12612031,75.933,79.499,0.216,79.715
baseline_normal_0.25,178,2,12612093,76.002,80.623,0.2,80.824
baseline_normal_0.25,180,2,12612171,63.55,66.865,0.149,67.013
baseline_normal_0.25,181,2,12612203,82.26,85.748,0.173,85.921
baseline_normal_0.25,183,2,12612265,80.898,84.414,0.156,84.57
baseline_normal_0.25,185,2,12612328,80.075,83.922,0.162,84.083
baseline_normal_0.25,187,2,12612406,76.012,83.238,0.169,83.407
baseline_normal_0.25,189,2,12612468,74.009,78.618,0.148,78.766
baseline_normal_0.25,191,2,12612531,70.064,73.661,0.151,73.812
baseline_normal_0.25,193,2,12612609,69.299,72.874,0.138,73.012
baseline_normal_0.25,195,2,12612671,63.987,67.47,3.445,70.915
baseline_normal_0.25,196,2,12612703,94.763,97.986,0.161,98.147
baseline_normal_0.25,198,2,12612781,86.414,90.019,0.158,90.177
baseline_normal_0.25,200,3,12612843,83.413,86.82,0.078,86.898
baseline_normal_0.25,202,3,12612921,58.044,62.25,0.071,62.321
baseline_normal_0.25,203,3,12612953,71.51,74.989,0.049,75.038
baseline_normal_0.25,205,3,12613015,45.876,50.708,0.065,50.773
baseline_normal_0.25,206,3,12613046,56.183,60.599,0.09,60.689
baseline_normal_0.25,207,3,12613078,67.779,71.335,0.064,71.399
baseline_normal_0.25,208,3,12613109,78.038,81.197,0.094,81.291
baseline_normal_0.25,210,3,12613187,53.265,56.988,0.065,57.053
baseline_normal_0.25,211,3,12613218,63.991,67.865,0.485,68.35
baseline_normal_0.25,212,3,12613250,75.044,79.51,0.068,79.578
baseline_normal_0.25,214,3,12613312,52.35,55.691,0.073,55.763
baseline_normal_0.25,215,3,12613359,62.649,66.074,0.104,66.178
baseline_normal_0.25,216,3,12613390,76.275,79.765,0.064,79.829
baseline_normal_0.25,218,3,12613453,50.908,54.426,0.062,54.489
baseline_normal_0.25,219,3,12613500,58.889,63.215,0.062,63.277
baseline_normal_0.25,220,3,12613531,71.211,74.342,0.063,74.405
baseline_normal_0.25,222,3,12613593,47.305,50.565,0.077,50.643
baseline_normal_0.25,223,3,12613625,58.332,62.111,0.07,62.181
baseline_normal_0.25,224,3,12613656,72.225,76.829,0.096,76.926
baseline_normal_0.25,226,3,12613734,47.551,53.288,0.156,53.444
baseline_normal_0.25,227,3,12613765,58.623,62.856,0.166,63.022
baseline_normal_0.25,228,3,12613796,69.502,72.921,0.142,73.063
baseline_normal_0.25,230,3,12613859,44.885,48.505,0.159,48.665
baseline_normal_0.25,231,3,12613890,53.65,57.804,0.152,57.956
baseline_normal_0.25,232,3,12613937,64.878,69.035,0.21,69.245
baseline_normal_0.25,233,3,12613968,75.394,79.258,0.186,79.443
baseline_normal_0.25,235,3,12614031,52.309,55.579,0.164,55.742
baseline_normal_0.25,236,3,12614062,81.049,85.423,0.246,85.669
baseline_normal_0.25,238,3,12614125,53.955,57.947,0.162,58.109
baseline_normal_0.25,239,3,12614171,64.153,67.846,0.358,68.204
baseline_normal_0.25,240,3,12614203,94.972,98.54,0.214,98.753
baseline_normal_0.25,242,3,12614265,59.857,63.937,0.162,64.099
baseline_normal_0.25,243,3,12614296,81.378,84.579,0.238,84.817
baseline_normal_0.25,245,3,12614375,53.393,57.199,0.159,57.358
baseline_normal_0.25,246,3,12614406,61.818,65.371,0.157,65.528
baseline_normal_0.25,247,3,12614437,72.246,75.785,0.217,76.002
baseline_normal_0.25,249,3,12614500,48.577,52.553,0.175,52.729
baseline_normal_0.25,250,3,12614531,58.806,62.396,0.161,62.557
baseline_normal_0.25,251,3,12614578,58.504,62.497,0.114,62.611
baseline_normal_0.25,252,3,12614609,60.808,64.717,0.228,64.945
baseline_normal_0.25,253,3,12614640,84.255,87.613,0.173,87.786
baseline_normal_0.25,255,3,12614703,55.013,59.035,0.164,59.199
baseline_normal_0.25,256,3,12614750,83.698,87.126,0.21,87.336
baseline_normal_0.25,258,3,12614812,39.098,42.972,0.199,43.171
baseline_normal_0.25,259,3,12614843,45.127,48.086,0.209,48.295
baseline_normal_0.25,260,3,12614875,52.319,55.887,0.246,56.133
baseline_normal_0.25,261,3,12614921,56.473,60.264,0.218,60.482
baseline_normal_0.25,262,3,12614953,65.365,69.231,0.158,69.389
baseline_normal_0.25,263,3,12614984,64.411,68.574,0.39,68.963
baseline_normal_0.25,264,3,12615015,74.614,78.548,0.166,78.713
baseline_normal_0.25,266,3,12615093,51.063,55.7,0.158,55.858
baseline_normal_0.25,267,3,12615125,57.362,60.915,0.157,61.072
baseline_normal_0.25,268,3,12615156,71.288,75.286,0.16,75.446
baseline_normal_0.25,270,3,12615218,46.729,50.537,0.199,50.736
baseline_normal_0.25,271,3,12615265,56.188,59.665,0.168,59.834
baseline_normal_0.25,272,3,12615296,65.513,68.857,0.162,69.019
baseline_normal_0.25,273,3,12615328,74.265,77.788,0.169,77.958
baseline_normal_0.25,275,3,12615390,50.434,53.768,0.162,53.93
baseline_normal_0.25,276,3,12615437,59.721,63.584,0.153,63.737
baseline_normal_0.25,277,3,12615468,69.363,73.476,0.137,73.613
baseline_normal_0.25,279,3,12615531,46.862,50.273,0.166,50.44
baseline_normal_0.25,280,3,12615562,56.607,59.908,0.155,60.063
baseline_normal_0.25,281,3,12615593,67.905,71.458,0.185,71.643
baseline_normal_0.25,282,3,12615625,79.329,82.722,0.248,82.97
baseline_normal_0.25,284,3,12615703,53.598,57.531,0.225,57.756
baseline_normal_0.25,285,3,12615734,63.524,67.183,0.182,67.365
baseline_normal_0.25,286,3,12615765,76.512,80.047,0.163,80.21
baseline_normal_0.25,288,3,12615843,53.489,57.364,0.166,57.53
baseline_normal_0.25,289,3,12615875,59.747,63.221,0.148,63.368
baseline_normal_0.25,290,3,12615906,57.187,60.815,0.177,60.992
baseline_normal_0.25,291,3,12615937,72.151,74.899,0.281,75.18
baseline_normal_0.25,293,3,12616000,48.653,52.132,0.166,52.298
baseline_normal_0.25,294,3,12616046,57.556,61.78,0.156,61.937
baseline_normal_0.25,295,3,12616078,69.877,73.02,0.165,73.185
baseline_normal_0.25,297,3,12616140,38.332,41.752,2.154,43.906
baseline_normal_0.25,298,3,12616171,48.97,52.008,0.157,52.165
baseline_normal_0.25,299,3,12616203,57.287,61.514,0.152,61.665
baseline_normal_0.25,300,4,12616250,88.816,92.971,0.187,93.158
baseline_normal_0.25,302,4,12616312,86.196,89.9,0.145,90.045
baseline_normal_0.25,304,4,12616375,87.931,91.318,0.155,91.473
baseline_normal_0.25,306,4,12616437,84.597,88.723,0.243,88.966
baseline_normal_0.25,308,4,12616515,81.482,85.242,0.202,85.444
baseline_normal_0.25,310,4,12616578,83.757,87.072,0.186,87.257
baseline_normal_0.25,312,4,12616640,82.814,86.893,0.155,87.048
baseline_normal_0.25,314,4,12616718,83.326,87.433,0.148,87.581
baseline_normal_0.25,316,4,12616781,67.046,71.427,0.142,71.57
baseline_normal_0.25,318,4,12616843,58.085,60.661,0.112,60.773
baseline_normal_0.25,319,4,12616890,74.191,77.739,0.185,77.924
baseline_normal_0.25,321,4,12616953,72.821,76.005,0.139,76.144
baseline_normal_0.25,323,4,12617015,65.647,69.373,0.316,69.689
baseline_normal_0.25,324,4,12617046,97.793,101.341,0.309,101.65
baseline_normal_0.25,326,4,12617125,92.796,96.162,0.306,96.468
baseline_normal_0.25,328,4,12617187,63.201,66.805,0.181,66.986
baseline_normal_0.25,329,4,12617218,68.154,71.73,0.135,71.865
baseline_normal_0.25,330,4,12617250,78.386,81.373,0.148,81.521
baseline_normal_0.25,332,4,12617328,57.5,61.642,0.154,61.795
baseline_normal_0.25,333,4,12617359,68.012,72.078,0.137,72.215
baseline_normal_0.25,335,4,12617421,46.944,51.107,0.157,51.264
baseline_normal_0.25,336,4,12617453,81.018,84.862,0.188,85.05
baseline_normal_0.25,338,4,12617531,57.569,60.762,0.159,60.922
baseline_normal_0.25,339,4,12617562,67.259,70.675,0.163,70.838
baseline_normal_0.25,340,4,12617593,80.383,84.21,2.518,86.728
baseline_normal_0.25,342,4,12617656,57.565,61.402,2.447,63.849
baseline_normal_0.25,343,4,12617703,89.821,93.376,0.146,93.522
baseline_normal_0.25,345,4,12617765,84.816,89.402,0.157,89.559
baseline_normal_0.25,347,4,12617828,62.038,66.819,0.272,67.091
baseline_normal_0.25,348,4,12617859,74.104,77.888,0.153,78.041
baseline_normal_0.25,350,4,12617937,70.62,74.188,0.159,74.347
baseline_normal_0.25,352,4,12618000,45.893,49.377,0.156,49.533
baseline_normal_0.25,353,4,12618031,75.963,80.05,0.267,80.317
baseline_normal_0.25,355,4,12618109,52.799,56.338,0.155,56.494
baseline_normal_0.25,356,4,12618140,62.66,66.284,0.156,66.44
baseline_normal_0.25,357,4,12618171,73.075,76.692,0.159,76.85
baseline_normal_0.25,359,4,12618234,71.222,74.714,0.135,74.85
baseline_normal_0.25,361,4,12618312,63.346,69.07,0.186,69.256
baseline_normal_0.25,362,4,12618343,94.148,98.397,0.215,98.612
baseline_normal_0.25,364,4,12618406,67.262,70.665,0.307,70.972
baseline_normal_0.25,365,4,12618437,60.719,63.972,0.115,64.087
baseline_normal_0.25,366,4,12618468,79.555,83.553,0.192,83.745
baseline_normal_0.25,368,4,12618546,41.398,44.872,0.256,45.128
baseline_normal_0.25,369,4,12618578,47.133,49.811,0.154,49.965
baseline_normal_0.25,370,4,12618609,75.795,80.042,0.207,80.249
baseline_normal_0.25,372,4,12618671,37.024,41.045,1.565,42.61
baseline_normal_0.25,373,4,12618703,50.659,53.546,0.175,53.721
baseline_normal_0.25,374,4,12618750,76.893,80.905,0.201,81.106
baseline_normal_0.25,376,4,12618812,36.722,40.915,0.237,41.152
baseline_normal_0.25,377,4,12618843,44.322,47.241,0.193,47.435
baseline_normal_0.25,378,4,12618875,73.628,77.902,0.208,78.11
baseline_normal_0.25,380,4,12618953,51.184,54.48,0.242,54.721
baseline_normal_0.25,381,4,12618984,83.443,87.452,0.196,87.648
baseline_normal_0.25,383,4,12619046,56.581,60.335,0.15,60.485
baseline_normal_0.25,384,4,12619078,94.195,97.801,0.221,98.022
baseline_normal_0.25,386,4,12619156,64.309,67.449,0.175,67.624
baseline_normal_0.25,387,4,12619187,96.846,100.134,0.2,100.334
baseline_normal_0.25,389,4,12619250,71.192,76.021,0.15,76.171
baseline_normal_0.25,391,4,12619328,65.132,69.21,0.208,69.418
baseline_normal_0.25,392,4,12619359,72.761,76.365,0.174,76.539
baseline_normal_0.25,394,4,12619421,65.618,69.508,0.311,69.819
baseline_normal_0.25,395,4,12619453,73.409,77.665,0.149,77.814
baseline_normal_0.25,397,4,12619515,52.161,55.796,0.195,55.991
baseline_normal_0.25,398,4,12619562,58.27,60.959,0.194,61.153
baseline_normal_0.25,399,4,12619593,88.795,92.356,0.208,92.565
baseline_normal_0.25,401,5,12619656,61.017,64.867,0.078,64.945
baseline_normal_0.25,402,5,12619687,71.387,75.098,0.157,75.255
baseline_normal_0.25,404,5,12619765,34.46,38.362,0.443,38.804
baseline_normal_0.25,405,5,12619796,46.583,49.262,0.155,49.417
baseline_normal_0.25,406,5,12619828,81.186,84.617,0.206,84.823
baseline_normal_0.25,408,5,12619906,55.274,61.111,0.755,61.865
baseline_normal_0.25,409,5,12619937,69.246,72.764,0.161,72.925
baseline_normal_0.25,411,5,12620000,48.703,52.393,0.207,52.601
baseline_normal_0.25,412,5,12620031,55.548,59.533,0.177,59.71
baseline_normal_0.25,413,5,12620062,67.895,71.865,0.386,72.251
baseline_normal_0.25,414,5,12620109,78.685,82.223,0.149,82.372
baseline_normal_0.25,416,5,12620171,55.576,59.197,0.2,59.397
baseline_normal_0.25,417,5,12620203,57.751,61.086,0.153,61.239
baseline_normal_0.25,418,5,12620234,71.345,74.306,0.144,74.449
baseline_normal_0.25,420,5,12620312,47.04,50.746,0.172,50.918
baseline_normal_0.25,421,5,12620343,58.978,62.606,0.151,62.757
baseline_normal_0.25,422,5,12620375,65.482,69.162,0.178,69.34
baseline_normal_0.25,423,5,12620406,75.049,78.429,0.222,78.651
baseline_normal_0.25,425,5,12620468,50.163,54.275,0.2,54.475
baseline_normal_0.25,426,5,12620515,48.222,51.804,0.225,52.03
baseline_normal_0.25,427,5,12620546,58.575,61.61,0.163,61.773
baseline_normal_0.25,428,5,12620578,73.869,77.406,0.065,77.47
baseline_normal_0.25,430,5,12620640,49.515,53.346,0.164,53.51
baseline_normal_0.25,431,5,12620671,59.031,62.967,2.161,65.128
baseline_normal_0.25,432,5,12620718,63.283,67.427,0.224,67.651
baseline_normal_0.25,433,5,12620750,75.184,78.099,0.211,78.31
baseline_normal_0.25,435,5,12620812,52.078,55.359,0.157,55.516
baseline_normal_0.25,436,5,12620843,58.631,62.608,0.149,62.756
baseline_normal_0.25,437,5,12620890,60.362,63.814,3.142,66.956
baseline_normal_0.25,438,5,12620921,71.897,75.198,0.147,75.345
baseline_normal_0.25,440,5,12620984,48.257,51.754,0.152,51.906
baseline_normal_0.25,441,5,12621015,61.903,65.435,0.074,65.509
baseline_normal_0.25,442,5,12621046,72.763,76.808,0.155,76.962
baseline_normal_0.25,444,5,12621125,50.78,54.19,0.163,54.354
baseline_normal_0.25,445,5,12621156,61.288,65.095,0.144,65.239
baseline_normal_0.25,446,5,12621187,72.638,76.28,0.168,76.448
baseline_normal_0.25,448,5,12621250,49.135,52.907,0.154,53.06
baseline_normal_0.25,449,5,12621281,62.489,65.874,0.237,66.111
baseline_normal_0.25,450,5,12621328,71.22,76.485,0.176,76.661
baseline_normal_0.25,452,5,12621390,50.655,54.127,0.173,54.3
baseline_normal_0.25,453,5,12621421,64.58,68.239,0.159,68.398
baseline_normal_0.25,454,5,12621453,74.439,78.487,0.162,78.65
baseline_normal_0.25,456,5,12621531,51.062,55.317,0.231,55.548
baseline_normal_0.25,457,5,12621562,64.398,67.797,0.237,68.033
baseline_normal_0.25,458,5,12621593,79.833,83.853,0.215,84.068
baseline_normal_0.25,460,5,12621671,53.716,57.752,0.054,57.805
baseline_normal_0.25,461,5,12621703,45.488,49.132,0.158,49.29
baseline_normal_0.25,462,5,12621734,66.825,69.695,0.192,69.887
baseline_normal_0.25,463,5,12621765,75.42,80.267,0.159,80.426
baseline_normal_0.25,465,5,12621828,52.804,56.281,0.159,56.439
baseline_normal_0.25,466,5,12621875,58.266,62.365,0.157,62.522
baseline_normal_0.25,467,5,12621906,63.181,66.261,0.196,66.457
baseline_normal_0.25,468,5,12621937,66.72,70.316,0.456,70.772
baseline_normal_0.25,469,5,12621968,80.077,83.117,0.16,83.277
baseline_normal_0.25,471,5,12622046,42.209,49.034,0.228,49.263
baseline_normal_0.25,472,5,12622062,54.447,57.219,0.116,57.336
baseline_normal_0.25,473,5,12622109,48.335,52.074,0.162,52.236
baseline_normal_0.25,474,5,12622140,56.968,60.874,0.152,61.026
baseline_normal_0.25,475,5,12622171,73.612,77.631,0.154,77.785
baseline_normal_0.25,477,5,12622250,46.322,50.434,0.149,50.583
baseline_normal_0.25,478,5,12622281,56.333,60.582,0.2,60.781
baseline_normal_0.25,479,5,12622312,58.223,61.833,0.146,61.979
baseline_normal_0.25,480,5,12622343,71.072,74.934,0.144,75.078
baseline_normal_0.25,482,5,12622421,52.894,57.228,0.195,57.423
baseline_normal_0.25,483,5,12622453,63.13,67.783,2.612,70.395
baseline_normal_0.25,484,5,12622484,76.564,80.623,0.158,80.781
baseline_normal_0.25,486,5,12622546,49.48,52.89,0.083,52.974
baseline_normal_0.25,487,5,12622593,59.074,63.265,0.201,63.466
baseline_normal_0.25,488,5,12622625,76.729,80.513,0.165,80.678
baseline_normal_0.25,490,5,12622687,51.978,57.348,0.155,57.502
baseline_normal_0.25,491,5,12622718,69.283,73.143,0.152,73.295
baseline_normal_0.25,493,5,12622796,49.815,53.287,3.419,56.706
baseline_normal_0.25,494,5,12622828,61.746,67.985,0.164,68.149
baseline_normal_0.25,495,5,12622859,64.89,69.803,4.158,73.962
baseline_normal_0.25,496,5,12622890,76.397,81.24,0.196,81.436
baseline_normal_0.25,498,5,12622953,55.781,59.882,0.171,60.053
baseline_normal_0.25,499,5,12623000,64.721,68.528,0.164,68.692
baseline_normal_0.25,500,6,12623031,65.762,69.204,0.566,69.77
baseline_normal_0.25,501,6,12623062,54.432,59.184,0.116,59.3
baseline_normal_0.25,502,6,12623093,47.053,51.553,0.071,51.625
baseline_normal_0.25,503,6,12623125,56.377,61.127,0.046,61.173
baseline_normal_0.25,504,6,12623171,55.56,59.653,0.144,59.797
baseline_normal_0.25,505,6,12623203,67.184,70.8,0.15,70.95
baseline_normal_0.25,506,6,12623234,78.566,83.931,0.234,84.165
baseline_normal_0.25,508,6,12623296,52.497,56.944,0.132,57.076
baseline_normal_0.25,509,6,12623343,66.05,70.581,0.276,70.857
baseline_normal_0.25,510,6,12623375,102.401,106.875,0.168,107.043
baseline_normal_0.25,513,6,12623468,68.218,72.66,0.142,72.802
baseline_normal_0.25,514,6,12623500,78.715,82.494,0.162,82.656
baseline_normal_0.25,516,6,12623578,75.259,78.625,0.232,78.857
baseline_normal_0.25,518,6,12623640,78.947,82.627,0.171,82.798
baseline_normal_0.25,520,6,12623703,80.791,85.376,0.07,85.447
baseline_normal_0.25,522,6,12623781,57.512,61.682,0.071,61.753
baseline_normal_0.25,523,6,12623812,60.407,64.262,0.149,64.411
baseline_normal_0.25,524,6,12623843,70.792,74.94,2.997,77.937
baseline_normal_0.25,526,6,12623906,73.545,77.368,0.206,77.574
baseline_normal_0.25,528,6,12623984,73.999,77.675,0.16,77.835
baseline_normal_0.25,530,6,12624046,70.684,76.083,0.147,76.231
baseline_normal_0.25,532,6,12624109,76.914,80.825,0.188,81.013
baseline_normal_0.25,534,6,12624187,45.479,52.701,0.084,52.785
baseline_normal_0.25,535,6,12624218,60.312,64.488,0.157,64.645
baseline_normal_0.25,536,6,12624250,85.858,90.264,0.148,90.412
baseline_normal_0.25,538,6,12624312,73.803,77.147,0.076,77.223
baseline_normal_0.25,540,6,12624390,48.005,52.091,0.068,52.159
baseline_normal_0.25,541,6,12624421,62.106,66.918,0.35,67.268
baseline_normal_0.25,542,6,12624453,75.114,79.574,0.177,79.751
baseline_normal_0.25,544,6,12624515,50.192,55.74,0.068,55.808
baseline_normal_0.25,545,6,12624562,80.828,85.043,0.053,85.096
baseline_normal_0.25,547,6,12624625,58.981,63.419,0.252,63.67
baseline_normal_0.25,548,6,12624656,102.435,108.21,0.157,108.367
baseline_normal_0.25,550,6,12624734,78.129,83.16,0.173,83.332
baseline_normal_0.25,552,6,12624796,59.357,64.941,0.079,65.019
baseline_normal_0.25,553,6,12624828,70.312,74.298,0.07,74.367
baseline_normal_0.25,555,6,12624890,25.502,31.046,0.062,31.108
baseline_normal_0.25,556,6,12624921,49.932,54.259,0.198,54.458
baseline_normal_0.25,557,6,12624968,83.018,88.448,0.083,88.531
baseline_normal_0.25,559,6,12625031,50.133,56.177,0.078,56.256
baseline_normal_0.25,560,6,12625062,46.872,51.513,2.405,53.918
baseline_normal_0.25,561,6,12625093,56.785,61.892,0.154,62.046
baseline_normal_0.25,562,6,12625140,88.157,94.544,0.207,94.75
baseline_normal_0.25,564,6,12625203,87.59,92.741,0.173,92.913
baseline_normal_0.25,566,6,12625265,84.763,89.952,0.234,90.186
baseline_normal_0.25,568,6,12625343,90.441,95.718,0.205,95.923
baseline_normal_0.25,570,6,12625406,63.418,69.727,0.082,69.808
baseline_normal_0.25,571,6,12625437,80.99,86.308,0.189,86.497
baseline_normal_0.25,573,6,12625515,50.996,61.555,0.071,61.626
baseline_normal_0.25,574,6,12625546,68.845,73.695,0.162,73.857
baseline_normal_0.25,575,6,12625578,103.261,108.035,0.073,108.108
baseline_normal_0.25,577,6,12625640,82.389,87.655,0.075,87.73
baseline_normal_0.25,579,6,12625703,60.969,66.299,0.166,66.466
baseline_normal_0.25,580,6,12625750,71.561,76.817,0.068,76.885
baseline_normal_0.25,582,6,12625812,49.147,54.281,0.158,54.439
baseline_normal_0.25,583,6,12625843,81.494,86.248,0.165,86.413
baseline_normal_0.25,585,6,12625906,79.37,84.234,0.176,84.41
baseline_normal_0.25,587,6,12625984,57.434,62.463,0.076,62.539
baseline_normal_0.25,588,6,12626015,70.555,74.353,0.165,74.518
baseline_normal_0.25,590,6,12626078,46.583,51.505,0.069,51.574
baseline_normal_0.25,591,6,12626109,36.01,41.13,0.061,41.19
baseline_normal_0.25,592,6,12626140,25.871,30.57,0.076,30.646
baseline_normal_0.25,593,6,12626171,45.54,50.053,0.062,50.115
baseline_normal_0.25,594,6,12626218,56.296,61.503,0.064,61.567
baseline_normal_0.25,595,6,12626250,68.412,72.989,0.048,73.037
baseline_normal_0.25,597,6,12626312,66.345,71.134,0.35,71.484
baseline_normal_0.25,598,6,12626343,97.592,102.165,0.172,102.338
baseline_normal_0.25,600,7,12626421,94.513,99.418,0.195,99.614
baseline_normal_0.25,602,7,12626484,92.582,97.55,0.206,97.756
baseline_normal_0.25,604,7,12626546,66.602,70.864,0.244,71.108
baseline_normal_0.25,605,7,12626578,72.969,77.894,0.235,78.129
baseline_normal_0.25,607,7,12626656,50.243,55.477,0.226,55.703
baseline_normal_0.25,608,7,12626687,50.942,60.698,0.255,60.953
baseline_normal_0.25,609,7,12626718,68.961,73.841,0.206,74.047
baseline_normal_0.25,611,7,12626781,44.99,50.367,0.34,50.707
baseline_normal_0.25,612,7,12626828,52.515,57.403,0.243,57.646
baseline_normal_0.25,613,7,12626859,59.012,64.39,0.327,64.717
baseline_normal_0.25,614,7,12626890,66.397,71.53,0.213,71.743
baseline_normal_0.25,615,7,12626921,77.263,82.036,0.215,82.251
baseline_normal_0.25,617,7,12626984,46.709,53.974,0.204,54.178
baseline_normal_0.25,618,7,12627031,54.648,60.134,2.351,62.485
baseline_normal_0.25,619,7,12627062,65.837,70.544,0.228,70.772
baseline_normal_0.25,620,7,12627093,70.516,76.367,0.197,76.564
baseline_normal_0.25,622,7,12627156,43.867,48.843,0.232,49.075
baseline_normal_0.25,623,7,12627187,51.247,54.954,0.209,55.163
baseline_normal_0.25,624,7,12627218,57.628,61.207,0.242,61.449
baseline_normal_0.25,625,7,12627250,62.647,66.317,0.199,66.516
baseline_normal_0.25,626,7,12627296,69.511,73.743,0.194,73.937
baseline_normal_0.25,628,7,12627359,40.639,44.625,0.264,44.889
baseline_normal_0.25,629,7,12627390,47.604,51.303,0.195,51.498
baseline_normal_0.25,630,7,12627421,53.606,57.83,0.198,58.028
baseline_normal_0.25,631,7,12627453,59.546,63.541,0.232,63.772
baseline_normal_0.25,632,7,12627500,69.223,73.625,0.242,73.867
baseline_normal_0.25,633,7,12627531,76.454,80.303,0.212,80.514
baseline_normal_0.25,635,7,12627593,54.789,58.865,0.201,59.066
baseline_normal_0.25,636,7,12627625,61.474,65.375,0.237,65.612
baseline_normal_0.25,637,7,12627656,70.462,74.067,0.19,74.257
baseline_normal_0.25,639,7,12627734,43.501,47.754,0.305,48.059
baseline_normal_0.25,640,7,12627765,49.869,53.753,0.234,53.988
baseline_normal_0.25,641,7,12627796,54.929,59.241,2.011,61.252
baseline_normal_0.25,642,7,12627828,65.487,69.738,0.295,70.033
baseline_normal_0.25,643,7,12627875,71.554,75.627,0.194,75.821
baseline_normal_0.25,645,7,12627937,54.118,57.651,0.226,57.877
baseline_normal_0.25,646,7,12627968,61.561,67.571,0.455,68.027
baseline_normal_0.25,647,7,12628000,73.98,77.273,0.23,77.503
baseline_normal_0.25,649,7,12628078,48.081,52.025,0.224,52.249
baseline_normal_0.25,650,7,12628109,54.956,59.76,0.241,60.001
baseline_normal_0.25,651,7,12628140,64.004,68.518,0.201,68.719
baseline_normal_0.25,652,7,12628171,74.067,78.324,0.224,78.547
baseline_normal_0.25,654,7,12628234,48.052,52.064,0.202,52.267
baseline_normal_0.25,655,7,12628281,55.371,59.772,0.206,59.977
baseline_normal_0.25,656,7,12628312,63.649,68.046,0.214,68.26
baseline_normal_0.25,657,7,12628343,71.094,75.869,0.205,76.074
baseline_normal_0.25,659,7,12628406,44.475,49.2,0.206,49.407
baseline_normal_0.25,660,7,12628437,52.159,56.315,0.206,56.521
baseline_normal_0.25,661,7,12628468,59.102,63.131,0.195,63.326
baseline_normal_0.25,662,7,12628515,67.146,70.927,0.207,71.134
baseline_normal_0.25,663,7,12628546,73.449,77.816,0.202,78.018
baseline_normal_0.25,665,7,12628609,45.499,50.019,0.605,50.624
baseline_normal_0.25,666,7,12628640,53.405,57.767,0.227,57.995
baseline_normal_0.25,667,7,12628671,60.006,65.198,0.203,65.401
baseline_normal_0.25,668,7,12628718,69.83,73.427,0.408,73.836
baseline_normal_0.25,670,7,12628781,43.005,47.367,0.23,47.597
baseline_normal_0.25,671,7,12628812,50.926,55.378,0.213,55.591
baseline_normal_0.25,672,7,12628843,59.177,63.826,0.286,64.113
baseline_normal_0.25,673,7,12628875,68.312,72.93,0.266,73.196
baseline_normal_0.25,675,7,12628953,57.251,61.007,0.23,61.237
baseline_normal_0.25,676,7,12628984,60.546,65.969,0.244,66.213
baseline_normal_0.25,677,7,12629015,73.93,77.468,0.245,77.714
baseline_normal_0.25,679,7,12629093,43.483,48.181,0.207,48.388
baseline_normal_0.25,680,7,12629125,50.847,54.593,0.251,54.843
baseline_normal_0.25,681,7,12629156,55.759,59.951,0.324,60.275
baseline_normal_0.25,682,7,12629187,61.444,65.668,0.206,65.874
baseline_normal_0.25,683,7,12629218,69.143,72.97,0.194,73.163
baseline_normal_0.25,685,7,12629281,41.724,45.963,0.206,46.169
baseline_normal_0.25,686,7,12629328,50.593,55.294,0.209,55.503
baseline_normal_0.25,687,7,12629359,57.893,62.045,0.204,62.249
baseline_normal_0.25,688,7,12629390,63.57,67.886,0.891,68.778
baseline_normal_0.25,689,7,12629421,70.017,74.137,0.198,74.335
baseline_normal_0.25,691,7,12629484,42.33,46.733,0.204,46.937
baseline_normal_0.25,692,7,12629515,54.159,58.243,0.548,58.791
baseline_normal_0.25,693,7,12629562,62.12,67.53,0.271,67.801
baseline_normal_0.25,694,7,12629593,80.426,84.031,0.344,84.375
baseline_normal_0.25,696,7,12629656,59.26,64.714,0.327,65.041
baseline_normal_0.25,697,7,12629687,70.223,76.065,0.246,76.311
baseline_normal_0.25,699,7,12629765,45.49,50.533,0.299,50.832
baseline_normal_0.25,700,8,12629796,53.766,58.501,0.105,58.605
baseline_normal_0.25,701,8,12629828,65.88,70.326,0.076,70.401
baseline_normal_0.25,702,8,12629859,75.655,80.462,0.066,80.527
baseline_normal_0.25,704,8,12629921,52.699,57.54,0.069,57.609
baseline_normal_0.25,705,8,12629968,64.587,69.233,0.059,69.292
baseline_normal_0.25,706,8,12630000,75.063,80.228,0.063,80.291
baseline_normal_0.25,708,8,12630062,51.788,56.793,0.072,56.864
baseline_normal_0.25,709,8,12630093,62.873,67.321,0.073,67.394
baseline_normal_0.25,710,8,12630125,73.181,77.972,0.067,78.039
baseline_normal_0.25,712,8,12630203,50.36,55.495,0.068,55.563
baseline_normal_0.25,713,8,12630234,62.346,66.629,0.067,66.696
baseline_normal_0.25,714,8,12630265,73.268,77.939,0.066,78.005
baseline_normal_0.25,716,8,12630328,49.583,54.279,0.067,54.346
baseline_normal_0.25,717,8,12630359,64.322,68.815,0.925,69.74
baseline_normal_0.25,718,8,12630406,78.895,83.864,0.076,83.94
baseline_normal_0.25,720,8,12630468,57.494,62.464,0.072,62.536
baseline_normal_0.25,721,8,12630500,72.281,77.073,0.063,77.136
baseline_normal_0.25,723,8,12630562,50.236,55.602,0.077,55.679
baseline_normal_0.25,724,8,12630593,62.684,67.261,0.065,67.326
baseline_normal_0.25,725,8,12630640,75.617,80.201,0.061,80.261
baseline_normal_0.25,727,8,12630703,53.825,59.11,0.063,59.173
baseline_normal_0.25,728,8,12630734,64.635,70.098,0.502,70.599
baseline_normal_0.25,729,8,12630765,76.647,81.974,0.063,82.037
baseline_normal_0.25,731,8,12630843,54.419,59.198,0.063,59.261
baseline_normal_0.25,732,8,12630875,65.591,70.276,0.067,70.343
baseline_normal_0.25,733,8,12630906,75.05,80.029,0.057,80.087
baseline_normal_0.25,735,8,12630968,51.346,56.369,0.059,56.428
baseline_normal_0.25,736,8,12631000,53.059,57.991,0.071,58.062
baseline_normal_0.25,737,8,12631031,75.396,78.941,0.058,78.999
baseline_normal_0.25,739,8,12631109,49.93,55.103,0.075,55.178
baseline_normal_0.25,740,8,12631140,61.525,66.283,0.071,66.353
baseline_normal_0.25,741,8,12631171,64.333,69.595,0.623,70.218
baseline_normal_0.25,742,8,12631203,74.622,79.973,0.055,80.029
baseline_normal_0.25,744,8,12631281,48.618,53.427,0.071,53.498
baseline_normal_0.25,745,8,12631312,63.404,67.466,0.072,67.537
baseline_normal_0.25,746,8,12631343,77.675,82.463,0.071,82.534
baseline_normal_0.25,748,8,12631421,55.546,61.653,0.064,61.717
baseline_normal_0.25,749,8,12631453,68.435,73.434,0.064,73.498
baseline_normal_0.25,751,8,12631515,46.845,51.516,0.088,51.604
baseline_normal_0.25,752,8,12631546,57.837,63.011,0.072,63.083
baseline_normal_0.25,753,8,12631578,70.315,74.987,0.052,75.039
baseline_normal_0.25,755,8,12631656,49.592,55.258,0.064,55.322
baseline_normal_0.25,756,8,12631687,63.61,69.278,0.07,69.348
baseline_normal_0.25,757,8,12631718,77.098,81.657,0.083,81.741
baseline_normal_0.25,759,8,12631781,55.161,60.148,0.063,60.21
baseline_normal_0.25,760,8,12631812,73.916,78.83,0.078,78.908
baseline_normal_0.25,762,8,12631890,57.447,63.423,0.077,63.5
baseline_normal_0.25,763,8,12631921,71.215,76.505,0.072,76.577
baseline_normal_0.25,765,8,12631984,49.655,54.517,0.076,54.593
baseline_normal_0.25,766,8,12632015,61.0,65.707,0.077,65.784
baseline_normal_0.25,767,8,12632046,72.786,77.477,0.071,77.547
baseline_normal_0.25,769,8,12632125,51.06,55.973,0.081,56.054
baseline_normal_0.25,770,8,12632156,63.272,68.019,0.077,68.096
baseline_normal_0.25,771,8,12632187,74.809,78.983,0.061,79.044
baseline_normal_0.25,773,8,12632250,52.712,56.247,0.064,56.311
baseline_normal_0.25,774,8,12632281,62.775,66.415,0.067,66.482
baseline_normal_0.25,775,8,12632328,73.133,76.87,0.058,76.928
baseline_normal_0.25,777,8,12632390,49.171,53.219,0.067,53.286
baseline_normal_0.25,778,8,12632421,59.311,62.713,0.059,62.772
baseline_normal_0.25,779,8,12632453,68.832,72.347,0.063,72.41
baseline_normal_0.25,781,8,12632515,35.61,38.965,0.047,39.012
baseline_normal_0.25,782,8,12632562,49.59,53.036,1.9,54.936
baseline_normal_0.25,783,8,12632593,56.178,60.265,0.057,60.322
baseline_normal_0.25,784,8,12632625,68.296,72.0,0.149,72.148
baseline_normal_0.25,785,8,12632656,79.647,83.185,0.066,83.251
baseline_normal_0.25,787,8,12632734,53.131,57.017,0.062,57.08
baseline_normal_0.25,788,8,12632765,64.646,67.324,0.068,67.392
baseline_normal_0.25,789,8,12632796,75.202,78.273,0.061,78.334
baseline_normal_0.25,791,8,12632859,51.121,54.612,0.077,54.689
baseline_normal_0.25,792,8,12632890,61.503,65.212,0.061,65.274
baseline_normal_0.25,793,8,12632937,72.474,76.375,0.094,76.469
baseline_normal_0.25,795,8,12633000,49.304,53.255,0.078,53.333
baseline_normal_0.25,796,8,12633031,58.343,61.948,0.131,62.079
baseline_normal_0.25,797,8,12633062,70.886,74.474,0.046,74.52
baseline_normal_0.25,799,8,12633140,41.324,44.621,0.103,44.724
prio_above_normal,0,1,12633656,25.171,43.481,0.056,43.537
prio_above_normal,1,1,12633671,29.691,33.429,0.069,33.497
prio_above_normal,2,1,12633703,24.652,28.102,0.068,28.17
prio_above_normal,3,1,12633734,23.848,27.071,0.069,27.14
prio_above_normal,4,1,12633781,24.139,28.766,0.059,28.825
prio_above_normal,5,1,12633812,24.095,27.178,0.067,27.245
prio_above_normal,6,1,12633843,24.586,28.034,0.062,28.096
prio_above_normal,7,1,12633875,24.166,27.348,0.076,27.424
prio_above_normal,8,1,12633906,24.017,27.998,0.064,28.062
prio_above_normal,9,1,12633937,23.929,27.731,0.066,27.797
prio_above_normal,10,1,12633968,24.369,27.513,0.069,27.582
prio_above_normal,11,1,12634015,24.182,27.72,0.058,27.778
prio_above_normal,12,1,12634046,22.973,26.052,0.05,26.103
prio_above_normal,13,1,12634078,24.027,27.29,0.071,27.361
prio_above_normal,14,1,12634109,24.672,28.195,0.083,28.278
prio_above_normal,15,1,12634140,24.63,28.432,0.065,28.498
prio_above_normal,16,1,12634171,24.348,28.198,0.076,28.274
prio_above_normal,17,1,12634203,24.022,27.31,0.057,27.367
prio_above_normal,18,1,12634250,23.563,26.905,0.058,26.963
prio_above_normal,19,1,12634281,23.671,27.025,0.057,27.083
prio_above_normal,20,1,12634312,23.422,26.736,0.058,26.794
prio_above_normal,21,1,12634343,24.049,27.3,0.056,27.356
prio_above_normal,22,1,12634375,23.296,26.639,0.056,26.695
prio_above_normal,23,1,12634406,23.172,26.952,0.093,27.045
prio_above_normal,24,1,12634437,23.439,26.297,0.051,26.348
prio_above_normal,25,1,12634484,23.23,26.539,0.073,26.612
prio_above_normal,26,1,12634515,23.33,26.145,0.097,26.242
prio_above_normal,27,1,12634546,23.444,26.023,0.09,26.113
prio_above_normal,28,1,12634578,23.202,26.519,0.096,26.615
prio_above_normal,29,1,12634609,23.646,26.506,0.057,26.563
prio_above_normal,30,1,12634640,23.523,27.06,0.09,27.15
prio_above_normal,31,1,12634687,23.716,26.817,0.071,26.888
prio_above_normal,32,1,12634718,23.244,26.505,0.072,26.577
prio_above_normal,33,1,12634750,23.37,25.872,0.053,25.926
prio_above_normal,34,1,12634781,23.09,26.419,0.057,26.476
prio_above_normal,35,1,12634812,23.175,26.399,0.094,26.493
prio_above_normal,36,1,12634843,23.316,26.996,0.099,27.095
prio_above_normal,37,1,12634890,23.141,25.954,0.059,26.013
prio_above_normal,38,1,12634921,22.953,26.3,0.061,26.361
prio_above_normal,39,1,12634953,23.509,26.141,0.056,26.197
prio_above_normal,40,1,12634984,23.518,26.747,0.061,26.808
prio_above_normal,41,1,12635015,23.272,25.888,0.096,25.984
prio_above_normal,42,1,12635046,23.1,25.93,0.098,26.028
prio_above_normal,43,1,12635093,23.11,27.048,0.058,27.106
prio_above_normal,44,1,12635125,23.325,26.667,0.058,26.725
prio_above_normal,45,1,12635156,23.256,25.854,0.101,25.955
prio_above_normal,46,1,12635187,23.016,25.647,0.075,25.722
prio_above_normal,47,1,12635218,23.173,26.814,0.096,26.91
prio_above_normal,48,1,12635250,23.176,25.951,0.074,26.025
prio_above_normal,49,1,12635281,21.135,24.667,0.082,24.749
prio_above_normal,50,1,12635328,23.504,26.333,0.078,26.412
prio_above_normal,51,1,12635359,23.145,26.985,0.059,27.044
prio_above_normal,52,1,12635390,23.505,27.703,0.063,27.766
prio_above_normal,53,1,12635421,23.582,26.92,0.088,27.007
prio_above_normal,54,1,12635453,24.15,28.301,0.065,28.366
prio_above_normal,55,1,12635484,23.472,26.997,0.063,27.061
prio_above_normal,56,1,12635531,23.302,27.365,0.059,27.425
prio_above_normal,57,1,12635562,23.082,26.506,0.143,26.649
prio_above_normal,58,1,12635593,23.326,26.031,0.077,26.109
prio_above_normal,59,1,12635625,23.326,27.295,0.057,27.352
prio_above_normal,60,1,12635656,23.574,26.942,0.077,27.02
prio_above_normal,61,1,12635703,30.186,35.492,0.063,35.555
prio_above_normal,62,1,12635734,23.642,26.886,0.057,26.943
prio_above_normal,63,1,12635765,23.057,26.364,0.057,26.421
prio_above_normal,64,1,12635796,23.419,26.317,0.058,26.375
prio_above_normal,65,1,12635828,23.35,27.247,0.066,27.312
prio_above_normal,66,1,12635859,23.716,27.245,0.062,27.307
prio_above_normal,67,1,12635906,23.279,27.385,0.059,27.443
prio_above_normal,68,1,12635937,23.49,27.005,0.056,27.061
prio_above_normal,69,1,12635968,23.652,26.966,0.085,27.051
prio_above_normal,70,1,12636000,23.247,26.947,0.06,27.007
prio_above_normal,71,1,12636031,23.246,26.264,0.056,26.32
prio_above_normal,72,1,12636062,23.658,27.463,0.089,27.552
prio_above_normal,73,1,12636093,23.254,26.547,0.096,26.642
prio_above_normal,74,1,12636140,23.361,27.409,0.052,27.461
prio_above_normal,75,1,12636171,23.456,26.756,0.056,26.813
prio_above_normal,76,1,12636203,22.041,25.212,0.078,25.291
prio_above_normal,77,1,12636234,23.277,26.201,0.125,26.326
prio_above_normal,78,1,12636265,23.22,25.747,0.057,25.804
prio_above_normal,79,1,12636296,23.221,26.433,0.057,26.49
prio_above_normal,80,1,12636343,22.878,25.461,0.117,25.578
prio_above_normal,81,1,12636375,23.082,26.463,0.06,26.524
prio_above_normal,82,1,12636406,23.226,26.513,0.063,26.576
prio_above_normal,83,1,12636437,23.899,26.939,0.058,26.997
prio_above_normal,84,1,12636468,22.627,25.849,0.055,25.904
prio_above_normal,85,1,12636500,23.409,27.266,0.065,27.331
prio_above_normal,86,1,12636546,23.575,27.023,0.06,27.082
prio_above_normal,87,1,12636578,23.373,26.611,0.07,26.681
prio_above_normal,88,1,12636609,23.412,27.305,0.06,27.366
prio_above_normal,89,1,12636640,23.478,27.025,0.094,27.119
prio_above_normal,90,1,12636671,24.143,27.797,0.061,27.857
prio_above_normal,91,1,12636703,23.319,26.507,0.058,26.566
prio_above_normal,92,1,12636734,23.391,25.997,0.08,26.077
prio_above_normal,93,1,12636781,19.573,23.199,0.056,23.255
prio_above_normal,94,1,12636812,22.959,25.562,0.067,25.629
prio_above_normal,95,1,12636843,23.167,26.363,0.056,26.419
prio_above_normal,96,1,12636875,24.111,27.075,0.075,27.15
prio_above_normal,97,1,12636906,19.881,23.169,0.074,23.243
prio_above_normal,98,1,12636937,23.136,25.728,0.06,25.788
prio_above_normal,99,1,12636984,23.376,26.658,0.059,26.718
prio_above_normal,100,2,12637015,65.677,68.236,0.151,68.387
prio_above_normal,101,2,12637046,92.618,96.474,0.112,96.586
prio_above_normal,103,2,12637109,83.954,87.393,0.234,87.627
prio_above_normal,105,2,12637187,82.036,85.717,0.159,85.877
prio_above_normal,107,2,12637250,63.252,66.929,0.185,67.114
prio_above_normal,108,2,12637281,87.884,90.954,1.723,92.677
prio_above_normal,110,2,12637343,82.96,86.406,0.151,86.557
prio_above_normal,112,2,12637421,82.549,86.585,0.157,86.742
prio_above_normal,114,2,12637484,75.566,80.649,0.158,80.807
prio_above_normal,116,2,12637546,53.934,57.078,0.157,57.235
prio_above_normal,117,2,12637578,82.62,85.449,0.25,85.699
prio_above_normal,119,2,12637656,76.681,80.789,0.185,80.974
prio_above_normal,121,2,12637718,71.812,76.551,0.155,76.706
prio_above_normal,123,2,12637781,53.599,57.454,0.158,57.612
prio_above_normal,124,2,12637828,90.376,93.168,0.192,93.36
prio_above_normal,126,2,12637890,95.016,98.499,0.246,98.745
prio_above_normal,128,2,12637953,91.538,95.473,0.207,95.679
prio_above_normal,130,2,12638031,89.756,93.204,0.154,93.358
prio_above_normal,132,2,12638093,70.77,74.574,0.144,74.718
prio_above_normal,134,2,12638156,57.41,61.679,0.155,61.834
prio_above_normal,135,2,12638187,67.186,71.346,0.153,71.499
prio_above_normal,137,2,12638265,67.738,70.503,0.512,71.015
prio_above_normal,138,2,12638296,101.804,105.307,0.154,105.461
prio_above_normal,141,2,12638390,63.819,67.199,0.234,67.434
prio_above_normal,142,2,12638421,91.21,94.839,0.176,95.015
prio_above_normal,144,2,12638500,71.2,74.645,0.167,74.812
prio_above_normal,146,2,12638562,65.945,69.531,0.149,69.679
prio_above_normal,147,2,12638593,96.489,100.74,0.196,100.936
prio_above_normal,149,2,12638671,92.724,97.13,0.171,97.301
prio_above_normal,151,2,12638734,90.231,93.663,0.16,93.824
prio_above_normal,153,2,12638812,69.572,73.439,2.008,75.447
prio_above_normal,155,2,12638875,64.894,67.848,0.171,68.019
prio_above_normal,156,2,12638906,92.908,96.443,0.113,96.557
prio_above_normal,158,2,12638968,81.23,85.29,0.167,85.456
prio_above_normal,160,2,12639046,78.304,81.787,0.175,81.962
prio_above_normal,162,2,12639109,73.493,76.932,0.153,77.085
prio_above_normal,164,2,12639171,67.648,71.196,0.149,71.345
prio_above_normal,165,2,12639218,96.464,99.857,0.16,100.017
prio_above_normal,167,2,12639281,92.063,95.354,0.156,95.51
prio_above_normal,169,2,12639343,85.778,89.857,1.658,91.515
prio_above_normal,171,2,12639421,82.339,85.584,0.164,85.748
prio_above_normal,173,2,12639484,81.39,84.889,0.158,85.047
prio_above_normal,175,2,12639546,65.302,69.131,0.147,69.278
prio_above_normal,176,2,12639593,97.427,101.284,0.159,101.442
prio_above_normal,178,2,12639656,91.137,98.033,0.165,98.198
prio_above_normal,180,2,12639718,69.998,73.883,0.156,74.039
prio_above_normal,182,2,12639796,66.233,68.778,2.047,70.825
prio_above_normal,183,2,12639828,96.194,100.267,0.163,100.43
prio_above_normal,185,2,12639890,86.383,90.303,0.169,90.473
prio_above_normal,187,2,12639968,64.948,68.853,0.192,69.045
prio_above_normal,188,2,12640000,92.758,96.64,0.205,96.845
prio_above_normal,190,2,12640062,78.067,82.033,0.156,82.189
prio_above_normal,192,2,12640140,69.561,73.187,2.766,75.953
prio_above_normal,194,2,12640203,64.591,67.763,2.282,70.045
prio_above_normal,195,2,12640234,95.181,99.058,0.223,99.281
prio_above_normal,197,2,12640312,83.05,86.372,0.153,86.525
prio_above_normal,199,2,12640375,61.476,65.327,0.178,65.504
prio_above_normal,200,3,12640406,82.565,86.457,0.076,86.533
prio_above_normal,202,3,12640468,48.298,51.646,0.057,51.703
prio_above_normal,203,3,12640500,55.247,58.026,0.083,58.109
prio_above_normal,204,3,12640546,49.784,53.097,0.074,53.171
prio_above_normal,205,3,12640578,58.463,62.062,0.063,62.125
prio_above_normal,206,3,12640609,73.896,78.058,0.101,78.159
prio_above_normal,208,3,12640671,50.601,54.432,0.064,54.497
prio_above_normal,209,3,12640703,61.953,66.336,0.076,66.412
prio_above_normal,210,3,12640750,73.161,77.308,0.072,77.381
prio_above_normal,212,3,12640812,48.841,52.852,0.069,52.921
prio_above_normal,213,3,12640843,54.304,58.198,1.515,59.713
prio_above_normal,214,3,12640875,67.824,71.223,0.061,71.284
prio_above_normal,215,3,12640906,76.883,80.401,0.072,80.473
prio_above_normal,217,3,12640984,48.17,53.415,0.067,53.483
prio_above_normal,218,3,12641015,58.408,61.204,0.067,61.271
prio_above_normal,219,3,12641046,53.581,56.977,0.07,57.047
prio_above_normal,220,3,12641078,63.656,66.44,0.071,66.511
prio_above_normal,221,3,12641109,75.643,79.197,0.068,79.266
prio_above_normal,223,3,12641187,50.299,54.177,0.071,54.247
prio_above_normal,224,3,12641218,60.565,63.993,0.064,64.057
prio_above_normal,225,3,12641250,70.324,73.664,0.049,73.713
prio_above_normal,227,3,12641312,45.699,49.732,0.188,49.92
prio_above_normal,228,3,12641343,56.639,60.436,0.163,60.599
prio_above_normal,229,3,12641390,70.412,73.851,0.152,74.003
prio_above_normal,231,3,12641453,47.245,51.038,0.282,51.319
prio_above_normal,232,3,12641484,57.829,61.854,0.171,62.025
prio_above_normal,233,3,12641515,69.662,73.283,0.147,73.43
prio_above_normal,235,3,12641578,46.131,49.532,0.167,49.699
prio_above_normal,236,3,12641625,57.06,60.702,0.154,60.856
prio_above_normal,237,3,12641656,67.929,71.868,0.147,72.015
prio_above_normal,239,3,12641718,45.388,48.658,0.171,48.829
prio_above_normal,240,3,12641750,73.508,76.747,0.26,77.006
prio_above_normal,242,3,12641828,45.282,48.416,0.174,48.59
prio_above_normal,243,3,12641859,75.505,78.84,1.552,80.392
prio_above_normal,245,3,12641921,46.985,50.484,0.16,50.644
prio_above_normal,246,3,12641953,44.225,47.657,3.363,51.02
prio_above_normal,247,3,12641984,54.477,57.035,0.116,57.151
prio_above_normal,248,3,12642031,43.958,47.323,0.277,47.6
prio_above_normal,249,3,12642062,53.212,56.03,0.159,56.189
prio_above_normal,250,3,12642093,58.489,62.585,0.671,63.256
prio_above_normal,251,3,12642125,62.662,66.621,0.158,66.778
prio_above_normal,252,3,12642156,73.646,77.355,0.219,77.574
prio_above_normal,254,3,12642234,71.74,75.574,0.163,75.737
prio_above_normal,256,3,12642296,67.22,70.661,0.21,70.871
prio_above_normal,257,3,12642328,65.331,68.611,0.143,68.755
prio_above_normal,258,3,12642359,68.987,72.641,0.195,72.836
prio_above_normal,260,3,12642421,41.108,44.83,0.218,45.048
prio_above_normal,261,3,12642468,50.927,55.061,0.213,55.274
prio_above_normal,262,3,12642500,56.28,62.864,0.155,63.019
prio_above_normal,263,3,12642531,73.716,77.413,0.212,77.625
prio_above_normal,265,3,12642593,49.058,52.646,0.166,52.812
prio_above_normal,266,3,12642625,58.279,61.945,0.161,62.105
prio_above_normal,267,3,12642671,69.174,73.056,0.15,73.206
prio_above_normal,269,3,12642734,46.347,50.272,0.192,50.464
prio_above_normal,270,3,12642765,55.304,58.86,0.206,59.065
prio_above_normal,271,3,12642796,50.42,53.784,2.23,56.014
prio_above_normal,272,3,12642828,63.517,66.585,0.156,66.741
prio_above_normal,273,3,12642875,72.993,76.874,0.159,77.033
prio_above_normal,275,3,12642937,48.785,53.12,0.156,53.276
prio_above_normal,276,3,12642968,59.646,63.004,0.158,63.162
prio_above_normal,277,3,12643000,72.824,76.305,0.162,76.467
prio_above_normal,279,3,12643078,47.105,50.966,0.189,51.155
prio_above_normal,280,3,12643109,59.175,62.736,0.157,62.893
prio_above_normal,281,3,12643140,72.003,75.452,0.354,75.806
prio_above_normal,283,3,12643203,49.585,53.671,0.195,53.865
prio_above_normal,284,3,12643234,62.176,66.606,0.159,66.765
prio_above_normal,285,3,12643265,72.171,76.217,0.157,76.374
prio_above_normal,287,3,12643343,48.075,51.391,0.155,51.546
prio_above_normal,288,3,12643375,38.862,42.818,0.145,42.964
prio_above_normal,289,3,12643406,47.367,53.135,0.155,53.29
prio_above_normal,290,3,12643437,59.639,63.377,0.166,63.542
prio_above_normal,291,3,12643468,70.018,73.803,0.144,73.947
prio_above_normal,293,3,12643546,45.126,48.718,0.152,48.87
prio_above_normal,294,3,12643578,54.457,57.838,0.165,58.003
prio_above_normal,295,3,12643609,53.159,56.284,0.154,56.437
prio_above_normal,296,3,12643640,62.803,66.262,0.155,66.417
prio_above_normal,297,3,12643671,76.306,79.786,0.199,79.986
prio_above_normal,299,3,12643750,52.406,56.335,0.158,56.493
prio_above_normal,300,4,12643781,83.658,88.761,0.204,88.966
prio_above_normal,302,4,12643843,80.672,86.907,0.147,87.054
prio_above_normal,304,4,12643921,78.879,82.45,0.18,82.63
prio_above_normal,306,4,12643984,74.894,78.552,0.181,78.733
prio_above_normal,308,4,12644046,70.614,74.062,0.152,74.214
prio_above_normal,310,4,12644109,57.194,60.388,0.175,60.563
prio_above_normal,311,4,12644156,86.948,89.659,2.39,92.05
prio_above_normal,313,4,12644218,85.133,88.785,0.207,88.992
prio_above_normal,315,4,12644281,79.884,83.465,0.162,83.628
prio_above_normal,317,4,12644359,78.632,82.078,0.175,82.252
prio_above_normal,319,4,12644421,73.621,77.398,0.153,77.551
prio_above_normal,321,4,12644484,71.093,75.019,0.144,75.163
prio_above_normal,323,4,12644562,67.292,72.324,0.157,72.48
prio_above_normal,324,4,12644593,98.049,101.833,0.628,102.461
prio_above_normal,326,4,12644656,93.294,97.011,0.164,97.175
prio_above_normal,328,4,12644718,70.713,74.158,0.171,74.328
prio_above_normal,330,4,12644796,49.08,52.524,0.152,52.676
prio_above_normal,331,4,12644828,57.334,61.304,0.16,61.464
prio_above_normal,332,4,12644859,68.08,71.961,0.137,72.099
prio_above_normal,333,4,12644890,77.939,81.406,0.167,81.573
prio_above_normal,335,4,12644968,54.654,57.959,0.165,58.124
prio_above_normal,336,4,12645000,83.54,87.036,0.162,87.198
prio_above_normal,338,4,12645062,60.019,63.547,1.998,65.545
prio_above_normal,339,4,12645093,71.649,75.342,0.136,75.478
prio_above_normal,341,4,12645171,45.588,49.719,0.17,49.889
prio_above_normal,342,4,12645203,57.636,61.35,0.176,61.526
prio_above_normal,343,4,12645234,90.306,93.896,0.171,94.067
prio_above_normal,345,4,12645296,86.611,90.241,0.172,90.413
prio_above_normal,347,4,12645375,63.115,66.591,0.274,66.865
prio_above_normal,348,4,12645406,73.341,76.841,0.161,77.003
prio_above_normal,350,4,12645468,68.49,72.953,0.147,73.1
prio_above_normal,352,4,12645531,46.663,50.23,0.155,50.385
prio_above_normal,353,4,12645578,76.116,79.564,0.195,79.76
prio_above_normal,355,4,12645640,52.218,55.518,1.925,57.443
prio_above_normal,356,4,12645671,62.343,66.666,0.156,66.822
prio_above_normal,357,4,12645703,72.955,77.025,0.157,77.182
prio_above_normal,359,4,12645765,69.712,72.986,0.145,73.131
prio_above_normal,361,4,12645843,66.856,70.427,0.337,70.764
prio_above_normal,362,4,12645875,97.235,101.211,0.228,101.439
prio_above_normal,364,4,12645937,70.726,74.276,0.211,74.487
prio_above_normal,366,4,12646015,42.714,46.259,0.196,46.455
prio_above_normal,367,4,12646046,73.679,76.911,0.213,77.123
prio_above_normal,369,4,12646109,48.626,52.026,0.25,52.276
prio_above_normal,370,4,12646140,56.317,60.305,0.158,60.462
prio_above_normal,371,4,12646171,85.225,89.539,0.201,89.74
prio_above_normal,373,4,12646250,59.191,62.667,0.202,62.869
prio_above_normal,374,4,12646281,64.595,67.97,2.409,70.379
prio_above_normal,375,4,12646312,94.604,97.852,0.208,98.059
prio_above_normal,377,4,12646375,65.308,68.608,0.179,68.787
prio_above_normal,378,4,12646421,97.31,100.846,0.2,101.046
prio_above_normal,380,4,12646484,70.654,74.587,0.158,74.745
prio_above_normal,382,4,12646546,65.234,69.056,0.245,69.301
prio_above_normal,383,4,12646593,71.283,74.744,0.148,74.892
prio_above_normal,385,4,12646656,71.019,74.932,0.192,75.125
prio_above_normal,387,4,12646718,43.841,47.352,0.217,47.569
prio_above_normal,388,4,12646750,75.751,79.304,0.252,79.556
prio_above_normal,390,4,12646828,47.937,51.219,0.27,51.489
prio_above_normal,391,4,12646859,53.515,57.566,0.159,57.724
prio_above_normal,392,4,12646890,88.252,91.776,0.211,91.987
prio_above_normal,394,4,12646953,59.615,63.497,0.163,63.661
prio_above_normal,395,4,12646984,89.111,92.535,0.216,92.752
prio_above_normal,397,4,12647062,62.826,66.015,0.174,66.189
prio_above_normal,398,4,12647093,95.74,99.312,0.192,99.505
prio_above_normal,400,5,12647156,65.202,71.39,0.07,71.459
prio_above_normal,402,5,12647218,47.114,50.369,0.18,50.549
prio_above_normal,403,5,12647265,54.299,59.844,0.178,60.023
prio_above_normal,404,5,12647296,69.053,72.665,0.214,72.879
prio_above_normal,405,5,12647328,81.358,84.9,0.168,85.069
prio_above_normal,407,5,12647390,58.028,62.102,0.165,62.267
prio_above_normal,408,5,12647437,71.713,75.526,0.171,75.697
prio_above_normal,410,5,12647500,46.68,50.873,0.164,51.037
prio_above_normal,411,5,12647531,60.116,63.602,0.164,63.766
prio_above_normal,412,5,12647578,74.305,81.252,0.151,81.403
prio_above_normal,414,5,12647640,53.094,57.991,0.167,58.158
prio_above_normal,415,5,12647671,70.292,73.685,0.156,73.841
prio_above_normal,417,5,12647734,47.498,51.207,0.185,51.392
prio_above_normal,418,5,12647765,57.957,61.665,0.186,61.852
prio_above_normal,419,5,12647796,68.78,72.126,0.139,72.266
prio_above_normal,421,5,12647875,47.4,51.146,0.163,51.309
prio_above_normal,422,5,12647906,56.941,61.268,0.274,61.542
prio_above_normal,423,5,12647937,69.315,72.851,0.06,72.911
prio_above_normal,425,5,12648000,45.896,49.462,0.162,49.623
prio_above_normal,426,5,12648031,60.154,63.604,0.153,63.758
prio_above_normal,427,5,12648078,68.157,72.069,0.142,72.21
prio_above_normal,429,5,12648140,44.648,48.217,0.155,48.372
prio_above_normal,430,5,12648171,54.493,58.391,0.196,58.587
prio_above_normal,431,5,12648203,64.859,68.868,0.17,69.038
prio_above_normal,432,5,12648234,75.589,79.092,0.187,79.279
prio_above_normal,434,5,12648312,52.732,55.892,0.174,56.065
prio_above_normal,435,5,12648343,62.537,66.004,0.156,66.16
prio_above_normal,436,5,12648375,75.741,79.021,0.165,79.186
prio_above_normal,438,5,12648437,50.263,54.092,0.28,54.373
prio_above_normal,439,5,12648468,59.756,63.072,0.253,63.324
prio_above_normal,440,5,12648515,71.448,75.437,0.14,75.577
prio_above_normal,442,5,12648578,40.011,44.211,0.164,44.375
prio_above_normal,443,5,12648609,49.759,53.358,0.159,53.517
prio_above_normal,444,5,12648640,60.92,64.352,0.166,64.519
prio_above_normal,445,5,12648687,70.298,75.24,0.155,75.395
prio_above_normal,447,5,12648750,48.398,52.104,0.074,52.178
prio_above_normal,448,5,12648781,57.972,61.801,0.153,61.954
prio_above_normal,449,5,12648812,70.653,74.494,0.146,74.64
prio_above_normal,451,5,12648890,45.403,49.404,0.156,49.56
prio_above_normal,452,5,12648921,44.226,48.511,0.162,48.672
prio_above_normal,453,5,12648953,55.571,58.421,0.153,58.574
prio_above_normal,454,5,12648984,65.557,68.728,0.217,68.945
prio_above_normal,455,5,12649015,75.56,79.061,0.159,79.22
prio_above_normal,457,5,12649093,51.062,54.361,0.277,54.638
prio_above_normal,458,5,12649125,61.25,65.048,0.158,65.206
prio_above_normal,459,5,12649156,71.728,75.462,0.168,75.631
prio_above_normal,461,5,12649218,48.598,51.74,0.259,51.999
prio_above_normal,462,5,12649250,58.11,62.077,0.185,62.262
prio_above_normal,463,5,12649281,69.36,72.758,0.139,72.898
prio_above_normal,465,5,12649359,45.395,48.819,0.16,48.979
prio_above_normal,466,5,12649390,55.696,59.365,0.158,59.522
prio_above_normal,467,5,12649421,66.65,70.277,0.236,70.513
prio_above_normal,468,5,12649453,76.763,80.791,0.198,80.989
prio_above_normal,470,5,12649531,53.586,57.076,0.066,57.141
prio_above_normal,471,5,12649562,63.362,67.358,0.167,67.524
prio_above_normal,472,5,12649593,74.533,78.035,0.157,78.192
prio_above_normal,474,5,12649656,51.301,54.653,0.16,54.813
prio_above_normal,475,5,12649687,61.993,65.067,0.167,65.234
prio_above_normal,476,5,12649718,73.447,76.999,0.072,77.071
prio_above_normal,478,5,12649796,51.936,55.346,0.179,55.525
prio_above_normal,479,5,12649828,62.772,66.378,0.158,66.536
prio_above_normal,480,5,12649859,74.215,78.037,0.202,78.239
prio_above_normal,482,5,12649921,52.085,55.496,0.156,55.652
prio_above_normal,483,5,12649968,63.741,67.302,0.617,67.919
prio_above_normal,484,5,12650000,76.092,79.49,0.175,79.666
prio_above_normal,486,5,12650062,53.235,57.374,0.195,57.568
prio_above_normal,487,5,12650093,68.544,72.176,0.171,72.347
prio_above_normal,488,5,12650125,79.914,83.333,0.159,83.492
prio_above_normal,490,5,12650203,56.404,59.653,0.16,59.812
prio_above_normal,491,5,12650234,68.888,71.957,0.17,72.126
prio_above_normal,492,5,12650265,79.377,82.745,0.2,82.945
prio_above_normal,494,5,12650328,50.919,54.36,0.221,54.581
prio_above_normal,495,5,12650375,60.417,64.861,0.155,65.017
prio_above_normal,496,5,12650406,72.255,76.0,0.177,76.177
prio_above_normal,498,5,12650468,49.476,52.733,3.192,55.925
prio_above_normal,499,5,12650500,57.683,61.454,0.155,61.609
prio_above_normal,500,6,12650531,70.691,74.091,0.077,74.168
prio_above_normal,501,6,12650562,60.174,63.523,0.063,63.586
prio_above_normal,502,6,12650609,46.189,50.38,0.064,50.444
prio_above_normal,503,6,12650640,57.199,60.494,0.072,60.566
prio_above_normal,504,6,12650671,67.903,71.209,0.062,71.271
prio_above_normal,505,6,12650703,79.525,82.933,0.278,83.21
prio_above_normal,507,6,12650781,76.285,79.75,0.176,79.926
prio_above_normal,509,6,12650843,72.568,75.909,0.165,76.075
prio_above_normal,511,6,12650906,68.909,72.095,0.147,72.242
prio_above_normal,513,6,12650984,63.104,66.565,0.155,66.72
prio_above_normal,514,6,12651015,75.99,79.307,0.155,79.462
prio_above_normal,516,6,12651078,72.194,76.451,0.149,76.6
prio_above_normal,518,6,12651140,67.88,72.121,0.146,72.267
prio_above_normal,520,6,12651218,63.523,66.797,0.103,66.899
prio_above_normal,521,6,12651250,72.623,76.78,0.062,76.842
prio_above_normal,523,6,12651312,48.95,53.122,0.169,53.291
prio_above_normal,524,6,12651343,60.15,63.609,2.035,65.644
prio_above_normal,525,6,12651390,89.782,93.355,0.162,93.517
prio_above_normal,527,6,12651453,85.855,89.301,0.07,89.371
prio_above_normal,529,6,12651515,61.712,65.12,0.161,65.281
prio_above_normal,530,6,12651546,91.47,94.921,0.148,95.07
prio_above_normal,532,6,12651625,96.493,99.825,0.215,100.04
prio_above_normal,534,6,12651687,68.587,72.685,0.066,72.75
prio_above_normal,536,6,12651750,45.708,49.464,0.161,49.625
prio_above_normal,537,6,12651781,55.963,59.436,0.063,59.499
prio_above_normal,538,6,12651828,46.595,50.148,0.679,50.827
prio_above_normal,539,6,12651859,55.489,60.747,0.076,60.823
prio_above_normal,540,6,12651890,67.736,71.293,0.077,71.37
prio_above_normal,541,6,12651921,78.937,82.564,0.153,82.718
prio_above_normal,543,6,12651984,74.697,78.1,0.158,78.258
prio_above_normal,545,6,12652062,70.557,74.932,0.06,74.993
prio_above_normal,547,6,12652125,48.077,51.578,0.201,51.779
prio_above_normal,548,6,12652156,77.438,81.726,0.165,81.89
prio_above_normal,550,6,12652234,55.168,59.832,0.183,60.015
prio_above_normal,551,6,12652265,63.813,69.415,0.174,69.589
prio_above_normal,552,6,12652296,78.742,82.988,0.072,83.061
prio_above_normal,554,6,12652359,52.677,59.271,0.208,59.479
prio_above_normal,555,6,12652390,65.798,68.932,0.102,69.034
prio_above_normal,556,6,12652437,75.419,79.669,0.158,79.827
prio_above_normal,558,6,12652500,74.899,78.361,0.321,78.682
prio_above_normal,560,6,12652562,49.344,55.465,0.088,55.553
prio_above_normal,561,6,12652609,56.704,62.113,0.156,62.269
prio_above_normal,562,6,12652640,87.69,91.292,1.775,93.067
prio_above_normal,564,6,12652703,87.599,90.92,0.159,91.079
prio_above_normal,566,6,12652765,81.898,86.26,0.216,86.476
prio_above_normal,568,6,12652843,78.813,82.481,0.215,82.696
prio_above_normal,570,6,12652906,54.379,57.707,0.091,57.798
prio_above_normal,571,6,12652937,64.193,68.497,0.165,68.662
prio_above_normal,572,6,12652968,93.634,97.106,0.158,97.264
prio_above_normal,574,6,12653031,89.602,93.018,1.754,94.773
prio_above_normal,576,6,12653109,89.424,92.876,0.162,93.037
prio_above_normal,578,6,12653171,66.231,69.81,0.286,70.096
prio_above_normal,579,6,12653203,76.43,79.771,0.215,79.986
prio_above_normal,581,6,12653281,71.898,76.127,0.195,76.322
prio_above_normal,583,6,12653343,72.009,75.278,0.157,75.434
prio_above_normal,585,6,12653406,69.475,72.887,0.14,73.027
prio_above_normal,587,6,12653468,46.346,49.824,0.124,49.947
prio_above_normal,588,6,12653515,56.832,61.183,0.148,61.331
prio_above_normal,589,6,12653546,87.051,90.67,0.164,90.834
prio_above_normal,591,6,12653609,62.836,66.437,0.086,66.523
prio_above_normal,592,6,12653640,52.378,56.229,0.073,56.302
prio_above_normal,593,6,12653671,62.541,65.959,0.069,66.028
prio_above_normal,594,6,12653718,73.64,77.36,0.061,77.42
prio_above_normal,596,6,12653781,50.953,54.668,0.167,54.835
prio_above_normal,597,6,12653812,80.662,84.482,0.191,84.673
prio_above_normal,599,6,12653875,77.627,81.145,0.213,81.358
prio_above_normal,601,7,12653953,73.873,77.351,2.083,79.434
prio_above_normal,603,7,12654015,71.498,75.199,0.216,75.414
prio_above_normal,605,7,12654078,45.595,48.854,0.255,49.109
prio_above_normal,606,7,12654109,50.371,53.751,0.217,53.968
prio_above_normal,607,7,12654156,56.496,59.974,0.204,60.178
prio_above_normal,608,7,12654187,62.599,66.085,1.629,67.714
prio_above_normal,609,7,12654218,71.561,74.999,0.19,75.189
prio_above_normal,611,7,12654281,42.237,46.413,0.218,46.631
prio_above_normal,612,7,12654312,48.329,52.321,0.306,52.627
prio_above_normal,613,7,12654343,54.373,58.071,0.202,58.272
prio_above_normal,614,7,12654390,60.64,64.145,0.209,64.354
prio_above_normal,615,7,12654421,67.738,71.025,0.195,71.219
prio_above_normal,616,7,12654453,72.705,76.436,1.765,78.201
prio_above_normal,618,7,12654515,48.716,52.045,1.649,53.694
prio_above_normal,619,7,12654546,53.728,57.826,0.23,58.056
prio_above_normal,620,7,12654593,59.447,62.279,0.153,62.432
prio_above_normal,621,7,12654625,49.899,53.316,0.289,53.605
prio_above_normal,622,7,12654656,55.097,57.843,0.2,58.043
prio_above_normal,623,7,12654687,61.455,65.606,0.241,65.848
prio_above_normal,624,7,12654718,65.001,68.943,0.221,69.164
prio_above_normal,625,7,12654750,71.095,75.008,0.208,75.216
prio_above_normal,627,7,12654828,41.296,44.771,0.203,44.974
prio_above_normal,628,7,12654859,49.423,53.246,1.614,54.86
prio_above_normal,629,7,12654890,54.894,58.976,0.193,59.168
prio_above_normal,630,7,12654921,55.92,59.955,0.211,60.166
prio_above_normal,631,7,12654968,59.45,62.317,0.139,62.456
prio_above_normal,632,7,12655000,53.192,56.588,0.308,56.896
prio_above_normal,633,7,12655031,62.553,65.254,0.201,65.455
prio_above_normal,634,7,12655062,60.744,64.889,0.234,65.124
prio_above_normal,635,7,12655093,67.66,71.338,0.192,71.53
prio_above_normal,637,7,12655171,40.124,43.323,0.204,43.527
prio_above_normal,638,7,12655203,44.52,47.91,0.227,48.137
prio_above_normal,639,7,12655234,49.541,52.914,0.287,53.202
prio_above_normal,640,7,12655265,54.669,58.807,0.29,59.098
prio_above_normal,641,7,12655296,62.233,65.554,0.292,65.846
prio_above_normal,642,7,12655328,61.432,65.063,0.148,65.211
prio_above_normal,643,7,12655375,59.062,62.547,0.207,62.754
prio_above_normal,644,7,12655406,67.467,70.353,0.233,70.586
prio_above_normal,645,7,12655437,62.215,67.661,0.136,67.797
prio_above_normal,646,7,12655468,63.057,66.39,0.257,66.647
prio_above_normal,647,7,12655500,68.995,71.796,1.604,73.399
prio_above_normal,648,7,12655546,68.022,71.519,0.886,72.405
prio_above_normal,649,7,12655578,57.699,61.653,0.206,61.858
prio_above_normal,650,7,12655609,55.791,58.638,0.204,58.841
prio_above_normal,651,7,12655640,61.544,65.17,0.238,65.408
prio_above_normal,652,7,12655687,60.343,63.796,0.845,64.641
prio_above_normal,653,7,12655718,56.277,59.9,1.638,61.537
prio_above_normal,654,7,12655750,67.3,70.027,0.322,70.349
prio_above_normal,655,7,12655781,72.6,76.557,0.207,76.764
prio_above_normal,657,7,12655843,47.127,50.374,0.216,50.59
prio_above_normal,658,7,12655890,50.901,55.007,1.65,56.657
prio_above_normal,659,7,12655921,52.672,56.977,0.235,57.212
prio_above_normal,660,7,12655953,57.784,60.882,0.156,61.038
prio_above_normal,661,7,12655984,48.36,52.268,0.258,52.525
prio_above_normal,662,7,12656015,54.571,57.353,0.233,57.586
prio_above_normal,663,7,12656046,61.385,64.942,0.202,65.145
prio_above_normal,664,7,12656093,62.885,66.515,1.6,68.114
prio_above_normal,665,7,12656125,70.419,74.16,0.19,74.35
prio_above_normal,667,7,12656187,38.471,41.927,1.636,43.563
prio_above_normal,668,7,12656218,47.319,50.075,0.215,50.29
prio_above_normal,669,7,12656250,52.051,56.593,0.208,56.802
prio_above_normal,670,7,12656296,59.506,63.084,0.209,63.293
prio_above_normal,671,7,12656328,64.806,68.138,0.315,68.454
prio_above_normal,672,7,12656359,73.713,77.137,0.217,77.354
prio_above_normal,674,7,12656421,43.526,47.721,0.256,47.977
prio_above_normal,675,7,12656453,43.835,47.824,0.196,48.02
prio_above_normal,676,7,12656484,50.386,53.22,0.203,53.423
prio_above_normal,677,7,12656531,40.554,44.055,0.204,44.259
prio_above_normal,678,7,12656562,46.388,49.15,0.262,49.412
prio_above_normal,679,7,12656593,50.781,54.34,0.223,54.562
prio_above_normal,680,7,12656625,55.673,59.729,0.24,59.968
prio_above_normal,681,7,12656656,63.519,67.615,0.205,67.819
prio_above_normal,682,7,12656703,63.693,67.667,0.452,68.119
prio_above_normal,683,7,12656734,65.49,69.214,0.254,69.467
prio_above_normal,684,7,12656765,72.816,75.859,0.221,76.08
prio_above_normal,686,7,12656828,35.088,38.81,0.209,39.018
prio_above_normal,687,7,12656859,40.743,43.609,0.23,43.84
prio_above_normal,688,7,12656906,32.014,36.071,0.205,36.276
prio_above_normal,689,7,12656937,39.559,43.009,1.599,44.608
prio_above_normal,690,7,12656968,45.891,49.733,0.257,49.99
prio_above_normal,691,7,12657000,50.863,54.538,0.237,54.775
prio_above_normal,692,7,12657031,40.854,45.039,0.205,45.244
prio_above_normal,693,7,12657078,48.42,52.681,0.24,52.921
prio_above_normal,694,7,12657109,48.99,55.019,0.207,55.226
prio_above_normal,695,7,12657140,57.759,60.415,0.876,61.29
prio_above_normal,696,7,12657171,52.525,55.959,1.614,57.573
prio_above_normal,697,7,12657203,58.452,62.229,1.595,63.824
prio_above_normal,698,7,12657234,68.339,72.22,0.189,72.409
prio_above_normal,700,8,12657312,29.703,33.198,0.065,33.263
prio_above_normal,701,8,12657343,43.307,46.548,0.1,46.648
prio_above_normal,702,8,12657375,52.748,56.057,0.056,56.113
prio_above_normal,703,8,12657406,61.532,65.611,1.836,67.447
prio_above_normal,704,8,12657437,72.853,76.814,0.088,76.902
prio_above_normal,706,8,12657515,40.013,44.311,0.078,44.389
prio_above_normal,707,8,12657546,50.626,53.28,0.067,53.347
prio_above_normal,708,8,12657578,54.482,57.919,0.063,57.982
prio_above_normal,709,8,12657609,50.569,54.132,0.07,54.202
prio_above_normal,710,8,12657640,59.552,63.436,3.234,66.671
prio_above_normal,711,8,12657671,61.424,64.675,0.101,64.776
prio_above_normal,712,8,12657718,71.581,75.141,0.052,75.193
prio_above_normal,714,8,12657781,46.139,50.158,0.066,50.224
prio_above_normal,715,8,12657812,58.746,62.714,0.101,62.815
prio_above_normal,716,8,12657843,72.619,76.335,0.06,76.395
prio_above_normal,718,8,12657921,49.589,53.771,0.071,53.842
prio_above_normal,719,8,12657953,60.993,65.113,0.067,65.18
prio_above_normal,720,8,12657984,71.138,74.486,0.047,74.534
prio_above_normal,722,8,12658046,47.724,51.653,2.999,54.652
prio_above_normal,723,8,12658078,56.903,60.787,0.059,60.846
prio_above_normal,724,8,12658125,71.965,75.79,0.051,75.841
prio_above_normal,726,8,12658187,44.388,48.457,0.066,48.523
prio_above_normal,727,8,12658218,53.03,57.205,0.071,57.275
prio_above_normal,728,8,12658250,60.835,64.193,0.094,64.287
prio_above_normal,729,8,12658296,61.228,64.531,0.074,64.605
prio_above_normal,730,8,12658328,60.535,63.081,0.043,63.124
prio_above_normal,731,8,12658359,62.111,65.604,0.1,65.704
prio_above_normal,732,8,12658390,74.553,77.782,0.062,77.844
prio_above_normal,734,8,12658468,49.819,53.669,1.151,54.82
prio_above_normal,735,8,12658500,62.182,65.932,0.099,66.031
prio_above_normal,736,8,12658531,63.263,67.253,0.076,67.329
prio_above_normal,737,8,12658562,77.436,81.465,0.064,81.529
prio_above_normal,739,8,12658640,50.027,53.848,0.066,53.913
prio_above_normal,740,8,12658671,56.402,59.92,0.059,59.979
prio_above_normal,741,8,12658703,51.23,54.753,0.066,54.819
prio_above_normal,742,8,12658734,61.05,63.893,0.105,63.998
prio_above_normal,743,8,12658765,71.312,74.725,0.053,74.777
prio_above_normal,745,8,12658843,47.068,50.32,0.07,50.391
prio_above_normal,746,8,12658875,58.638,62.042,0.062,62.104
prio_above_normal,747,8,12658906,61.969,65.846,0.046,65.892
prio_above_normal,748,8,12658937,67.729,71.224,0.041,71.265
prio_above_normal,749,8,12658968,77.375,80.371,0.068,80.438
prio_above_normal,751,8,12659046,44.625,48.0,0.07,48.07
prio_above_normal,752,8,12659078,53.965,56.692,0.066,56.758
prio_above_normal,753,8,12659109,65.304,68.645,0.138,68.782
prio_above_normal,754,8,12659140,66.478,70.556,0.047,70.604
prio_above_normal,755,8,12659171,75.808,79.694,0.097,79.79
prio_above_normal,757,8,12659250,34.207,37.836,0.05,37.886
prio_above_normal,758,8,12659281,44.061,46.929,0.121,47.05
prio_above_normal,759,8,12659312,52.747,56.138,0.107,56.245
prio_above_normal,760,8,12659343,63.517,66.864,0.066,66.93
prio_above_normal,761,8,12659375,71.471,75.389,0.058,75.447
prio_above_normal,763,8,12659453,47.938,51.669,3.239,54.907
prio_above_normal,764,8,12659484,58.579,62.158,2.051,64.209
prio_above_normal,765,8,12659515,65.731,70.261,0.074,70.335
prio_above_normal,766,8,12659546,75.445,79.498,0.061,79.559
prio_above_normal,768,8,12659609,51.261,55.097,0.108,55.205
prio_above_normal,769,8,12659656,47.808,51.912,0.099,52.011
prio_above_normal,770,8,12659687,57.323,60.708,0.091,60.799
prio_above_normal,771,8,12659718,60.865,64.799,0.094,64.893
prio_above_normal,772,8,12659750,72.983,76.9,0.076,76.976
prio_above_normal,774,8,12659812,47.949,51.809,0.062,51.871
prio_above_normal,775,8,12659859,50.631,54.386,0.061,54.446
prio_above_normal,776,8,12659890,55.931,60.055,0.082,60.137
prio_above_normal,777,8,12659921,60.187,64.47,0.598,65.068
prio_above_normal,778,8,12659953,71.884,75.129,0.064,75.193
prio_above_normal,780,8,12660015,33.501,37.19,0.046,37.236
prio_above_normal,781,8,12660046,43.232,46.319,0.069,46.388
prio_above_normal,782,8,12660093,51.243,54.815,3.546,58.361
prio_above_normal,783,8,12660125,57.648,61.172,0.061,61.233
prio_above_normal,784,8,12660156,64.412,67.794,0.671,68.465
prio_above_normal,785,8,12660187,73.996,77.502,0.062,77.565
prio_above_normal,787,8,12660265,33.273,36.842,0.051,36.893
prio_above_normal,788,8,12660296,43.284,46.179,0.064,46.244
prio_above_normal,789,8,12660328,28.841,32.334,0.053,32.387
prio_above_normal,790,8,12660359,43.0,46.182,0.098,46.279
prio_above_normal,791,8,12660390,51.455,55.027,0.065,55.091
prio_above_normal,792,8,12660437,44.428,47.649,0.056,47.705
prio_above_normal,793,8,12660468,53.455,56.626,0.065,56.692
prio_above_normal,794,8,12660500,62.434,65.603,0.066,65.668
prio_above_normal,795,8,12660531,73.503,76.943,3.515,80.458
prio_above_normal,797,8,12660593,49.391,52.776,0.066,52.842
prio_above_normal,798,8,12660640,56.539,59.966,0.07,60.037
prio_above_normal,799,8,12660671,40.182,43.551,0.058,43.609
prio_high,0,1,12661078,26.214,43.403,0.056,43.46
prio_high,1,1,12661093,25.207,30.703,0.058,30.761
prio_high,2,1,12661125,23.541,26.934,0.057,26.991
prio_high,3,1,12661156,23.221,25.845,0.069,25.914
prio_high,4,1,12661187,23.091,25.789,0.109,25.898
prio_high,5,1,12661218,23.27,26.671,0.056,26.726
prio_high,6,1,12661265,22.995,26.349,0.055,26.404
prio_high,7,1,12661296,23.069,26.091,0.101,26.192
prio_high,8,1,12661328,23.458,26.108,0.07,26.178
prio_high,9,1,12661359,23.506,27.12,0.094,27.214
prio_high,10,1,12661390,23.17,26.002,0.096,26.098
prio_high,11,1,12661421,23.279,25.749,0.107,25.856
prio_high,12,1,12661453,23.561,26.952,0.096,27.049
prio_high,13,1,12661500,23.04,26.215,0.075,26.289
prio_high,14,1,12661531,23.062,27.115,0.1,27.215
prio_high,15,1,12661562,23.362,26.289,0.099,26.389
prio_high,16,1,12661593,22.499,26.116,0.081,26.197
prio_high,17,1,12661625,22.935,25.595,0.057,25.652
prio_high,18,1,12661656,23.423,26.762,0.056,26.818
prio_high,19,1,12661703,23.323,25.959,0.055,26.014
prio_high,20,1,12661734,22.771,25.821,0.041,25.862
prio_high,21,1,12661765,23.131,25.591,0.105,25.697
prio_high,22,1,12661796,23.447,26.077,0.061,26.138
prio_high,23,1,12661828,23.167,26.855,0.066,26.921
prio_high,24,1,12661859,23.473,26.069,0.055,26.124
prio_high,25,1,12661906,20.96,24.255,0.092,24.347
prio_high,26,1,12661937,23.222,25.97,0.103,26.073
prio_high,27,1,12661968,23.348,27.255,0.058,27.313
prio_high,28,1,12662000,23.113,26.406,0.092,26.498
prio_high,29,1,12662031,23.295,25.859,0.099,25.958
prio_high,30,1,12662062,23.128,27.043,0.076,27.119
prio_high,31,1,12662109,23.505,26.235,0.056,26.29
prio_high,32,1,12662140,22.396,25.581,0.066,25.647
prio_high,33,1,12662171,23.121,25.826,0.073,25.899
prio_high,34,1,12662203,23.284,26.997,0.094,27.092
prio_high,35,1,12662234,23.483,26.554,0.053,26.607
prio_high,36,1,12662265,23.364,27.028,0.057,27.085
prio_high,37,1,12662312,23.118,26.458,0.099,26.556
prio_high,38,1,12662343,23.0,25.63,0.063,25.693
prio_high,39,1,12662375,23.068,25.514,0.111,25.625
prio_high,40,1,12662406,23.31,25.991,0.06,26.051
prio_high,41,1,12662437,20.773,23.972,0.056,24.028
prio_high,42,1,12662468,23.243,25.886,0.057,25.943
prio_high,43,1,12662500,23.191,26.519,0.056,26.575
prio_high,44,1,12662546,23.055,25.792,0.103,25.895
prio_high,45,1,12662578,23.176,25.682,0.056,25.738
prio_high,46,1,12662609,23.151,26.961,0.079,27.04
prio_high,47,1,12662640,23.468,26.096,0.057,26.153
prio_high,48,1,12662671,22.093,25.382,0.07,25.452
prio_high,49,1,12662703,23.253,25.895,0.055,25.95
prio_high,50,1,12662750,23.151,27.298,0.094,27.391
prio_high,51,1,12662781,23.435,26.308,0.056,26.364
prio_high,52,1,12662812,23.555,27.276,0.067,27.343
prio_high,53,1,12662843,23.253,26.335,0.066,26.401
prio_high,54,1,12662875,23.098,26.631,0.06,26.69
prio_high,55,1,12662906,23.158,25.708,0.057,25.765
prio_high,56,1,12662953,22.418,25.677,0.095,25.772
prio_high,57,1,12662984,23.541,26.243,0.058,26.302
prio_high,58,1,12663015,23.109,26.86,0.104,26.964
prio_high,59,1,12663046,23.17,25.871,0.097,25.969
prio_high,60,1,12663078,23.143,26.032,0.103,26.135
prio_high,61,1,12663109,23.284,26.475,0.056,26.53
prio_high,62,1,12663140,23.154,26.37,0.095,26.466
prio_high,63,1,12663187,23.165,27.025,0.057,27.082
prio_high,64,1,12663218,23.288,26.0,0.068,26.069
prio_high,65,1,12663250,20.516,23.743,0.077,23.82
prio_high,66,1,12663281,23.198,25.842,0.167,26.009
prio_high,67,1,12663312,23.33,26.07,0.076,26.146
prio_high,68,1,12663343,23.366,27.242,0.066,27.309
prio_high,69,1,12663390,20.223,23.501,0.09,23.591
prio_high,70,1,12663421,23.172,25.982,0.153,26.135
prio_high,71,1,12663453,23.186,25.742,0.106,25.849
prio_high,72,1,12663484,23.369,26.625,0.079,26.704
prio_high,73,1,12663515,23.262,26.671,0.074,26.745
prio_high,74,1,12663546,23.594,27.662,0.316,27.978
prio_high,75,1,12663593,23.295,26.541,0.061,26.602
prio_high,76,1,12663625,23.229,26.971,0.057,27.028
prio_high,77,1,12663656,23.101,26.847,0.097,26.943
prio_high,78,1,12663687,23.174,25.919,0.056,25.975
prio_high,79,1,12663718,23.312,26.626,0.065,26.691
prio_high,80,1,12663750,23.493,26.741,0.063,26.804
prio_high,81,1,12663781,23.855,27.341,0.072,27.413
prio_high,82,1,12663828,24.017,27.584,0.065,27.648
prio_high,83,1,12663859,24.457,27.716,0.075,27.791
prio_high,84,1,12663890,24.323,27.642,0.08,27.723
prio_high,85,1,12663921,23.624,27.172,0.063,27.236
prio_high,86,1,12663953,23.512,26.763,0.087,26.851
prio_high,87,1,12663984,23.581,26.654,0.064,26.718
prio_high,88,1,12664031,23.844,26.903,0.103,27.006
prio_high,89,1,12664062,23.616,26.862,0.063,26.925
prio_high,90,1,12664093,20.124,23.339,0.058,23.397
prio_high,91,1,12664125,23.529,26.938,0.057,26.995
prio_high,92,1,12664156,23.585,27.2,0.067,27.267
prio_high,93,1,12664187,23.637,27.169,0.095,27.264
prio_high,94,1,12664218,24.058,27.769,0.063,27.832
prio_high,95,1,12664265,23.2,26.497,0.057,26.554
prio_high,96,1,12664296,23.086,25.765,0.061,25.826
prio_high,97,1,12664328,23.554,26.833,0.064,26.897
prio_high,98,1,12664359,23.387,26.635,0.057,26.692
prio_high,99,1,12664390,23.076,26.482,0.096,26.578
prio_high,100,2,12664421,64.073,67.853,1.894,69.747
prio_high,101,2,12664468,91.944,95.981,0.159,96.14
prio_high,103,2,12664531,86.665,90.641,2.113,92.754
prio_high,105,2,12664609,77.975,82.243,0.162,82.405
prio_high,107,2,12664671,60.66,64.693,0.13,64.822
prio_high,108,2,12664703,79.738,83.183,0.168,83.351
prio_high,110,2,12664765,77.001,81.347,0.18,81.527
prio_high,112,2,12664843,69.854,76.278,0.17,76.449
prio_high,114,2,12664906,61.75,65.472,0.169,65.641
prio_high,115,2,12664937,84.553,87.665,0.163,87.828
prio_high,117,2,12665000,78.194,81.704,0.159,81.863
prio_high,119,2,12665078,79.008,82.833,0.163,82.996
prio_high,121,2,12665140,61.493,67.131,0.154,67.286
prio_high,122,2,12665171,86.347,90.747,0.166,90.913
prio_high,124,2,12665250,62.899,66.301,0.201,66.501
prio_high,125,2,12665281,83.121,85.978,0.157,86.135
prio_high,127,2,12665343,81.304,84.132,0.146,84.278
prio_high,129,2,12665406,76.742,80.578,0.165,80.743
prio_high,131,2,12665484,57.633,60.832,0.158,60.99
prio_high,132,2,12665515,84.775,87.703,0.16,87.863
prio_high,134,2,12665578,67.445,70.824,0.143,70.967
prio_high,135,2,12665609,95.224,98.741,1.955,100.695
prio_high,137,2,12665687,90.808,94.382,0.149,94.531
prio_high,139,2,12665750,89.285,92.694,0.168,92.862
prio_high,141,2,12665812,83.931,87.394,0.155,87.549
prio_high,143,2,12665890,79.3,82.968,0.154,83.121
prio_high,145,2,12665953,77.56,81.267,0.156,81.423
prio_high,147,2,12666015,71.647,75.751,0.154,75.905
prio_high,149,2,12666093,65.205,68.884,0.505,69.389
prio_high,150,2,12666125,94.778,98.102,0.157,98.259
prio_high,152,2,12666187,88.545,91.712,0.152,91.864
prio_high,154,2,12666265,85.981,89.376,0.158,89.534
prio_high,156,2,12666328,81.302,85.094,0.148,85.242
prio_high,158,2,12666390,75.671,79.823,0.154,79.977
prio_high,160,2,12666468,72.272,75.832,0.198,76.031
prio_high,162,2,12666531,70.151,73.438,0.139,73.577
prio_high,164,2,12666593,63.551,67.427,0.17,67.597
prio_high,165,2,12666640,92.801,96.232,0.153,96.385
prio_high,167,2,12666703,89.456,92.993,0.154,93.146
prio_high,169,2,12666765,81.755,87.347,0.17,87.517
prio_high,171,2,12666843,76.094,80.532,0.153,80.686
prio_high,173,2,12666906,72.825,76.195,0.168,76.363
prio_high,175,2,12666968,68.476,71.868,0.143,72.011
prio_high,177,2,12667046,64.377,67.59,0.442,68.032
prio_high,178,2,12667078,92.675,96.15,0.152,96.302
prio_high,180,2,12667140,87.014,91.118,1.944,93.062
prio_high,182,2,12667203,87.17,90.402,0.155,90.557
prio_high,184,2,12667281,81.824,85.851,0.155,86.007
prio_high,186,2,12667343,76.723,80.669,0.157,80.826
prio_high,188,2,12667406,72.1,76.371,0.17,76.541
prio_high,190,2,12667484,68.664,71.882,0.141,72.023
prio_high,192,2,12667546,63.48,66.914,0.196,67.109
prio_high,193,2,12667578,90.111,94.793,0.148,94.941
prio_high,195,2,12667656,88.331,91.969,0.156,92.125
prio_high,197,2,12667718,83.134,87.201,0.169,87.37
prio_high,199,2,12667781,78.698,82.686,0.182,82.868
prio_high,201,3,12667859,75.313,78.886,0.074,78.96
prio_high,203,3,12667921,51.849,55.432,0.07,55.502
prio_high,204,3,12667953,63.292,67.112,0.067,67.178
prio_high,205,3,12667984,75.339,79.002,0.065,79.067
prio_high,207,3,12668046,52.618,55.889,0.063,55.951
prio_high,208,3,12668093,62.566,65.945,0.06,66.004
prio_high,209,3,12668125,72.972,76.446,0.066,76.512
prio_high,211,3,12668187,48.957,52.408,0.086,52.495
prio_high,212,3,12668218,58.158,61.616,0.067,61.683
prio_high,213,3,12668250,68.172,71.713,0.052,71.765
prio_high,215,3,12668328,44.471,48.039,0.077,48.116
prio_high,216,3,12668359,54.203,57.736,0.072,57.808
prio_high,217,3,12668390,66.879,70.301,0.067,70.369
prio_high,218,3,12668421,74.107,78.241,0.058,78.299
prio_high,220,3,12668500,50.133,54.38,0.067,54.447
prio_high,221,3,12668531,57.983,61.79,0.139,61.93
prio_high,222,3,12668562,67.995,71.596,0.058,71.655
prio_high,224,3,12668625,44.789,48.282,0.059,48.341
prio_high,225,3,12668656,54.236,57.729,0.066,57.795
prio_high,226,3,12668703,62.992,66.474,0.169,66.643
prio_high,227,3,12668734,74.616,78.473,0.152,78.625
prio_high,229,3,12668796,49.667,53.568,0.176,53.744
prio_high,230,3,12668828,59.208,62.87,0.176,63.046
prio_high,231,3,12668859,69.765,73.312,0.146,73.459
prio_high,233,3,12668937,45.655,48.869,0.16,49.029
prio_high,234,3,12668968,56.678,60.172,0.161,60.333
prio_high,235,3,12669000,65.081,68.924,1.536,70.46
prio_high,236,3,12669031,94.421,97.848,0.196,98.044
prio_high,238,3,12669109,69.64,72.978,0.158,73.135
prio_high,240,3,12669171,63.374,67.212,0.412,67.625
prio_high,241,3,12669203,71.027,74.52,0.157,74.677
prio_high,243,3,12669265,69.554,73.004,0.206,73.21
prio_high,245,3,12669343,41.0,44.885,0.166,45.052
prio_high,246,3,12669375,50.698,54.199,0.159,54.358
prio_high,247,3,12669406,57.863,61.875,2.103,63.978
prio_high,248,3,12669437,72.859,76.199,0.156,76.355
prio_high,250,3,12669515,50.362,54.02,0.159,54.179
prio_high,251,3,12669546,58.548,62.492,2.743,65.235
prio_high,252,3,12669578,71.558,75.671,0.146,75.816
prio_high,254,3,12669656,51.401,55.632,0.161,55.793
prio_high,255,3,12669687,61.893,64.774,0.178,64.952
prio_high,256,3,12669718,90.127,93.405,0.2,93.605
prio_high,258,3,12669781,62.617,66.057,0.201,66.258
prio_high,259,3,12669812,68.417,71.835,0.222,72.057
prio_high,260,3,12669843,75.002,78.534,0.245,78.779
prio_high,262,3,12669921,47.476,50.988,0.198,51.186
prio_high,263,3,12669953,52.83,56.777,0.169,56.946
prio_high,264,3,12669984,61.802,65.905,2.07,67.974
prio_high,265,3,12670015,74.026,77.292,0.156,77.448
prio_high,267,3,12670093,49.093,52.183,0.273,52.456
prio_high,268,3,12670125,57.728,61.712,0.179,61.891
prio_high,269,3,12670156,70.259,74.204,0.141,74.345
prio_high,271,3,12670218,44.99,48.819,0.16,48.98
prio_high,272,3,12670265,55.371,58.858,0.199,59.057
prio_high,273,3,12670296,64.766,68.218,2.528,70.746
prio_high,274,3,12670328,75.905,79.076,0.149,79.225
prio_high,276,3,12670390,47.209,51.628,0.155,51.782
prio_high,277,3,12670437,57.697,61.26,0.163,61.423
prio_high,278,3,12670468,72.724,76.007,0.163,76.17
prio_high,280,3,12670531,44.488,50.212,0.162,50.374
prio_high,281,3,12670562,56.507,60.44,0.18,60.62
prio_high,282,3,12670593,69.459,72.898,0.138,73.036
prio_high,283,3,12670640,78.565,81.983,0.16,82.143
prio_high,285,3,12670703,55.929,59.397,0.161,59.559
prio_high,286,3,12670734,63.236,67.126,0.17,67.296
prio_high,287,3,12670765,75.066,78.538,0.148,78.686
prio_high,289,3,12670843,51.068,55.179,0.156,55.335
prio_high,290,3,12670875,62.466,65.86,0.161,66.021
prio_high,291,3,12670906,72.471,75.808,0.155,75.964
prio_high,293,3,12670968,48.664,52.223,0.162,52.385
prio_high,294,3,12671015,60.62,64.447,0.16,64.607
prio_high,295,3,12671046,69.616,75.5,0.162,75.662
prio_high,297,3,12671109,48.164,51.299,0.157,51.456
prio_high,298,3,12671140,57.438,60.931,0.171,61.102
prio_high,299,3,12671171,68.318,72.015,0.141,72.155
prio_high,301,4,12671250,63.715,67.378,0.158,67.536
prio_high,302,4,12671281,93.219,96.479,1.762,98.242
prio_high,304,4,12671343,88.984,92.225,0.168,92.393
prio_high,306,4,12671406,83.667,87.127,0.158,87.285
prio_high,308,4,12671484,81.876,85.834,0.193,86.027
prio_high,310,4,12671546,77.119,80.718,0.162,80.88
prio_high,312,4,12671609,74.132,77.415,0.161,77.576
prio_high,314,4,12671687,70.263,73.66,0.142,73.802
prio_high,316,4,12671750,66.576,70.133,0.205,70.338
prio_high,317,4,12671781,97.323,100.88,0.163,101.043
prio_high,319,4,12671843,95.774,99.284,0.156,99.44
prio_high,321,4,12671921,91.932,95.36,0.212,95.571
prio_high,323,4,12671984,87.791,91.477,0.16,91.637
prio_high,325,4,12672046,83.665,87.312,0.175,87.487
prio_high,327,4,12672125,59.368,63.183,0.169,63.353
prio_high,328,4,12672156,70.156,73.607,0.144,73.751
prio_high,330,4,12672218,46.346,49.838,0.183,50.021
prio_high,331,4,12672250,56.273,59.703,0.185,59.888
prio_high,332,4,12672281,66.636,70.122,0.181,70.302
prio_high,333,4,12672328,76.801,80.435,0.181,80.616
prio_high,335,4,12672390,52.699,56.779,0.175,56.954
prio_high,336,4,12672421,68.386,72.014,0.145,72.159
prio_high,338,4,12672484,45.721,49.033,0.175,49.207
prio_high,339,4,12672515,56.104,59.764,0.176,59.94
prio_high,340,4,12672562,66.98,70.38,0.18,70.56
prio_high,341,4,12672593,77.907,81.456,0.166,81.622
prio_high,343,4,12672656,69.229,73.045,0.145,73.19
prio_high,345,4,12672718,64.566,67.998,0.179,68.177
prio_high,346,4,12672765,74.784,78.306,0.161,78.467
prio_high,348,4,12672828,50.826,54.198,0.171,54.369
prio_high,349,4,12672859,60.924,64.318,0.162,64.48
prio_high,350,4,12672890,90.309,93.86,0.181,94.041
prio_high,352,4,12672968,71.512,74.867,0.17,75.036
prio_high,354,4,12673031,46.891,50.034,0.233,50.268
prio_high,355,4,12673062,55.531,59.246,0.175,59.422
prio_high,356,4,12673093,66.738,70.64,0.233,70.873
prio_high,357,4,12673125,76.789,80.179,0.16,80.339
prio_high,359,4,12673203,73.999,77.332,0.17,77.502
prio_high,361,4,12673265,70.287,73.647,0.151,73.798
prio_high,362,4,12673296,96.458,100.576,0.199,100.775
prio_high,364,4,12673375,69.991,73.298,0.204,73.503
prio_high,365,4,12673406,74.879,78.498,0.176,78.674
prio_high,367,4,12673468,68.846,72.382,0.207,72.589
prio_high,368,4,12673500,73.467,77.016,0.238,77.255
prio_high,370,4,12673578,47.176,50.739,0.195,50.934
prio_high,371,4,12673609,75.765,79.325,0.222,79.547
prio_high,373,4,12673671,47.63,51.042,0.224,51.266
prio_high,374,4,12673703,52.999,56.344,0.187,56.531
prio_high,375,4,12673750,81.728,85.068,0.216,85.284
prio_high,377,4,12673812,54.482,57.941,0.176,58.117
prio_high,378,4,12673843,83.814,87.632,0.23,87.862
prio_high,380,4,12673906,56.541,60.374,0.166,60.541
prio_high,381,4,12673953,77.018,80.995,0.204,81.199
prio_high,383,4,12674015,49.491,52.382,0.159,52.541
prio_high,384,4,12674046,58.999,62.93,0.191,63.121
prio_high,385,4,12674078,64.045,66.94,0.178,67.118
prio_high,386,4,12674109,89.444,93.374,0.89,94.264
prio_high,388,4,12674187,47.069,50.641,0.217,50.858
prio_high,389,4,12674218,52.362,55.923,2.164,58.087
prio_high,390,4,12674250,82.018,85.602,1.531,87.133
prio_high,392,4,12674312,53.275,56.713,0.147,56.86
prio_high,393,4,12674359,71.408,75.913,0.248,76.161
prio_high,395,4,12674421,44.026,47.199,0.156,47.356
prio_high,396,4,12674453,49.21,53.086,1.558,54.644
prio_high,397,4,12674484,55.992,58.867,2.263,61.13
prio_high,398,4,12674515,86.861,90.869,0.844,91.713
prio_high,400,5,12674593,57.258,61.06,0.076,61.136
prio_high,401,5,12674625,71.203,75.209,0.061,75.269
prio_high,403,5,12674703,44.191,48.154,0.206,48.36
prio_high,404,5,12674734,57.157,60.61,0.163,60.773
prio_high,405,5,12674765,51.887,55.689,0.252,55.941
prio_high,406,5,12674796,56.718,59.716,0.158,59.873
prio_high,407,5,12674828,67.569,74.534,0.148,74.682
prio_high,409,5,12674906,46.283,49.656,0.159,49.816
prio_high,410,5,12674937,58.131,61.375,0.159,61.534
prio_high,411,5,12674968,70.54,74.341,0.15,74.491
prio_high,413,5,12675046,44.591,48.451,0.165,48.616
prio_high,414,5,12675078,56.724,60.19,0.233,60.423
prio_high,415,5,12675109,58.758,62.647,0.163,62.81
prio_high,416,5,12675140,57.03,60.405,0.208,60.613
prio_high,417,5,12675171,66.509,69.44,0.28,69.72
prio_high,418,5,12675203,78.006,81.447,2.778,84.225
prio_high,420,5,12675281,51.541,55.299,0.204,55.502
prio_high,421,5,12675312,64.037,67.768,0.374,68.141
prio_high,422,5,12675343,73.146,77.847,0.156,78.003
prio_high,424,5,12675406,31.396,34.946,0.131,35.077
prio_high,425,5,12675453,43.583,46.289,0.156,46.444
prio_high,426,5,12675484,54.479,58.518,0.147,58.665
prio_high,427,5,12675515,57.821,61.921,0.178,62.099
prio_high,428,5,12675546,53.02,56.718,0.153,56.871
prio_high,429,5,12675578,62.044,64.789,0.065,64.854
prio_high,430,5,12675625,71.367,75.039,0.173,75.212
prio_high,432,5,12675687,46.572,50.615,0.161,50.777
prio_high,433,5,12675718,57.35,62.669,0.153,62.822
prio_high,434,5,12675750,59.414,63.241,1.62,64.861
prio_high,435,5,12675781,71.497,75.392,0.148,75.539
prio_high,437,5,12675859,35.678,38.79,0.178,38.968
prio_high,438,5,12675890,36.973,39.807,0.145,39.952
prio_high,439,5,12675921,47.588,51.154,0.168,51.323
prio_high,440,5,12675953,57.776,61.454,0.173,61.628
prio_high,441,5,12675984,71.353,74.603,0.146,74.749
prio_high,443,5,12676062,47.545,53.483,0.169,53.652
prio_high,444,5,12676093,60.702,64.309,0.15,64.46
prio_high,445,5,12676125,63.014,66.713,0.166,66.879
prio_high,446,5,12676156,67.709,71.313,0.156,71.469
prio_high,447,5,12676187,78.658,81.575,0.068,81.643
prio_high,449,5,12676265,44.942,48.371,0.191,48.562
prio_high,450,5,12676296,57.561,60.103,0.228,60.331
prio_high,451,5,12676328,71.905,75.56,0.159,75.72
prio_high,453,5,12676390,46.076,49.878,0.148,50.025
prio_high,454,5,12676421,43.852,47.328,1.96,49.288
prio_high,455,5,12676468,52.434,55.253,0.154,55.407
prio_high,456,5,12676500,43.983,47.877,0.167,48.044
prio_high,457,5,12676531,57.163,60.43,0.153,60.583
prio_high,458,5,12676562,66.839,70.787,0.156,70.944
prio_high,459,5,12676593,79.211,82.92,1.126,84.047
prio_high,461,5,12676671,54.784,58.658,0.166,58.824
prio_high,462,5,12676703,69.669,73.735,0.151,73.886
prio_high,464,5,12676765,41.738,45.551,2.071,47.622
prio_high,465,5,12676796,52.703,55.374,0.16,55.534
prio_high,466,5,12676843,60.711,64.785,0.232,65.017
prio_high,467,5,12676875,75.767,79.002,0.166,79.168
prio_high,469,5,12676937,52.781,55.883,0.072,55.955
prio_high,470,5,12676968,63.367,66.891,0.197,67.088
prio_high,471,5,12677000,72.825,76.203,0.154,76.357
prio_high,473,5,12677078,49.114,53.502,0.204,53.706
prio_high,474,5,12677109,55.998,59.865,0.177,60.042
prio_high,475,5,12677140,50.681,54.554,3.356,57.91
prio_high,476,5,12677171,64.417,67.288,0.066,67.354
prio_high,477,5,12677203,62.818,66.684,0.074,66.758
prio_high,478,5,12677234,67.347,71.215,0.153,71.368
prio_high,479,5,12677265,78.953,81.85,1.592,83.441
prio_high,481,5,12677343,54.924,58.488,0.161,58.649
prio_high,482,5,12677375,68.749,72.187,0.171,72.357
prio_high,483,5,12677406,77.839,81.696,0.148,81.844
prio_high,485,5,12677468,48.271,51.7,0.156,51.856
prio_high,486,5,12677515,56.93,59.661,0.164,59.825
prio_high,487,5,12677546,69.277,72.689,0.169,72.858
prio_high,488,5,12677578,77.107,80.992,0.162,81.154
prio_high,490,5,12677640,35.985,39.396,0.156,39.552
prio_high,491,5,12677671,45.716,48.43,0.168,48.598
prio_high,492,5,12677718,51.599,55.78,0.149,55.929
prio_high,493,5,12677750,59.548,62.66,0.174,62.834
prio_high,494,5,12677781,70.911,74.342,0.145,74.486
prio_high,496,5,12677843,48.452,51.857,0.105,51.963
prio_high,497,5,12677890,58.306,62.655,0.154,62.809
prio_high,498,5,12677921,70.177,73.902,0.155,74.057
prio_high,500,6,12677984,46.486,49.871,0.071,49.942
prio_high,501,6,12678015,38.571,42.144,0.066,42.21
prio_high,502,6,12678046,26.514,30.452,0.102,30.553
prio_high,503,6,12678078,27.493,31.37,0.05,31.42
prio_high,504,6,12678125,43.765,46.528,0.096,46.625
prio_high,505,6,12678156,35.89,39.272,0.14,39.412
prio_high,506,6,12678187,45.634,48.443,0.152,48.595
prio_high,507,6,12678218,48.304,52.107,0.147,52.254
prio_high,508,6,12678250,57.7,60.38,0.068,60.448
prio_high,509,6,12678296,52.078,56.333,0.161,56.494
prio_high,510,6,12678328,82.618,85.287,0.184,85.471
prio_high,512,6,12678390,79.885,83.806,0.199,84.005
prio_high,514,6,12678453,74.968,79.224,1.617,80.841
prio_high,516,6,12678531,35.924,39.927,0.076,40.003
prio_high,517,6,12678562,45.089,48.849,0.059,48.908
prio_high,518,6,12678593,34.799,38.808,0.165,38.973
prio_high,519,6,12678625,45.091,47.62,0.062,47.682
prio_high,520,6,12678656,55.131,59.377,0.063,59.44
prio_high,521,6,12678703,62.094,67.177,0.061,67.238
prio_high,522,6,12678734,72.126,75.624,2.105,77.729
prio_high,524,6,12678796,47.997,51.123,0.069,51.193
prio_high,525,6,12678828,59.065,62.523,1.728,64.251
prio_high,526,6,12678875,89.978,93.965,0.153,94.118
prio_high,528,6,12678937,84.989,88.859,3.361,92.221
prio_high,530,6,12679000,81.171,84.855,0.159,85.014
prio_high,532,6,12679062,64.264,67.951,0.422,68.372
prio_high,533,6,12679109,68.944,72.251,0.06,72.311
prio_high,535,6,12679171,44.295,47.374,0.159,47.533
prio_high,536,6,12679203,74.845,78.25,0.149,78.399
prio_high,538,6,12679281,48.546,52.365,0.076,52.441
prio_high,539,6,12679312,60.592,64.452,0.063,64.515
prio_high,540,6,12679343,58.1,62.266,0.053,62.319
prio_high,541,6,12679375,62.554,66.122,0.179,66.301
prio_high,542,6,12679406,77.205,81.368,0.147,81.515
prio_high,544,6,12679484,51.828,55.8,0.072,55.872
prio_high,545,6,12679515,82.612,86.832,0.056,86.888
prio_high,547,6,12679578,42.525,46.139,0.158,46.297
prio_high,548,6,12679609,72.778,75.403,0.151,75.554
prio_high,550,6,12679687,35.505,38.809,0.151,38.96
prio_high,551,6,12679718,44.61,47.307,0.157,47.463
prio_high,552,6,12679750,32.544,36.038,0.061,36.099
prio_high,553,6,12679781,43.774,46.361,0.069,46.431
prio_high,554,6,12679812,42.061,45.444,0.157,45.6
prio_high,555,6,12679843,51.349,54.07,0.074,54.144
prio_high,556,6,12679890,62.9,66.705,0.154,66.86
prio_high,557,6,12679921,91.48,95.461,0.077,95.537
prio_high,559,6,12679984,57.053,60.46,0.065,60.526
prio_high,560,6,12680015,53.958,57.438,0.062,57.499
prio_high,561,6,12680046,64.529,67.038,0.155,67.193
prio_high,562,6,12680093,71.777,75.279,0.161,75.44
prio_high,564,6,12680156,67.193,69.954,0.174,70.128
prio_high,565,6,12680187,91.793,95.125,0.158,95.283
prio_high,567,6,12680250,90.366,93.735,3.244,96.979
prio_high,569,6,12680328,69.929,74.177,0.058,74.236
prio_high,571,6,12680390,47.061,51.184,0.151,51.335
prio_high,572,6,12680437,76.35,80.561,0.244,80.805
prio_high,574,6,12680500,75.017,78.444,0.142,78.586
prio_high,576,6,12680562,59.029,62.987,0.165,63.152
prio_high,577,6,12680609,72.211,75.648,0.154,75.801
prio_high,579,6,12680671,59.644,63.714,0.123,63.837
prio_high,580,6,12680703,58.29,61.671,0.102,61.773
prio_high,581,6,12680734,87.204,89.878,0.155,90.033
prio_high,583,6,12680812,66.144,70.559,0.166,70.724
prio_high,584,6,12680843,95.407,99.104,0.17,99.274
prio_high,586,6,12680906,91.476,95.892,0.218,96.11
prio_high,588,6,12680968,56.938,60.909,0.114,61.023
prio_high,589,6,12681015,53.021,56.507,0.208,56.716
prio_high,590,6,12681046,62.726,65.349,0.085,65.435
prio_high,591,6,12681078,51.295,54.78,0.067,54.847
prio_high,592,6,12681109,40.621,44.603,0.063,44.666
prio_high,593,6,12681140,32.391,35.985,0.341,36.326
prio_high,594,6,12681171,46.073,49.171,2.45,51.622
prio_high,595,6,12681218,56.968,60.884,0.062,60.946
prio_high,596,6,12681250,58.821,62.531,0.178,62.709
prio_high,597,6,12681281,74.35,79.111,0.168,79.279
prio_high,599,6,12681343,62.722,66.324,0.14,66.464
prio_high,600,7,12681375,82.087,85.695,0.242,85.937
prio_high,602,7,12681453,76.945,80.16,0.233,80.394
prio_high,604,7,12681515,47.985,51.471,0.237,51.708
prio_high,605,7,12681546,52.106,55.341,0.217,55.558
prio_high,606,7,12681593,57.384,60.932,0.203,61.135
prio_high,607,7,12681625,64.306,67.988,0.459,68.447
prio_high,608,7,12681656,71.009,74.358,0.204,74.562
prio_high,610,7,12681718,42.405,45.804,0.212,46.016
prio_high,611,7,12681750,47.047,50.541,0.207,50.748
prio_high,612,7,12681796,54.201,58.09,0.211,58.301
prio_high,613,7,12681828,57.939,61.897,0.207,62.104
prio_high,614,7,12681859,67.438,70.893,0.228,71.121
prio_high,615,7,12681890,72.932,76.363,0.225,76.588
prio_high,617,7,12681953,45.302,48.743,0.224,48.967
prio_high,618,7,12682000,51.354,54.862,0.304,55.166
prio_high,619,7,12682031,35.021,38.579,0.192,38.771
prio_high,620,7,12682062,43.567,46.473,0.228,46.701
prio_high,621,7,12682093,48.726,52.313,0.21,52.523
prio_high,622,7,12682125,53.246,57.264,0.381,57.645
prio_high,623,7,12682156,59.093,63.089,0.204,63.293
prio_high,624,7,12682203,64.128,67.919,1.672,69.591
prio_high,625,7,12682234,72.826,76.385,0.191,76.576
prio_high,627,7,12682296,42.374,45.82,0.288,46.109
prio_high,628,7,12682328,47.494,50.949,0.215,51.164
prio_high,629,7,12682375,52.208,56.28,0.203,56.483
prio_high,630,7,12682406,60.984,64.224,0.201,64.425
prio_high,631,7,12682437,64.034,67.87,0.197,68.067
prio_high,632,7,12682468,69.054,72.497,0.194,72.691
prio_high,634,7,12682531,29.278,33.493,0.131,33.624
prio_high,635,7,12682562,39.534,42.041,0.194,42.235
prio_high,636,7,12682609,37.674,41.315,0.21,41.525
prio_high,637,7,12682640,43.697,46.452,0.207,46.659
prio_high,638,7,12682671,51.296,54.749,0.197,54.946
prio_high,639,7,12682703,56.735,60.544,0.196,60.74
prio_high,640,7,12682734,52.597,56.405,0.215,56.62
prio_high,641,7,12682781,56.756,59.278,0.142,59.419
prio_high,642,7,12682812,45.938,49.132,1.658,50.79
prio_high,643,7,12682843,55.094,57.962,0.215,58.177
prio_high,644,7,12682875,58.531,62.337,0.212,62.549
prio_high,645,7,12682906,63.896,67.46,0.235,67.696
prio_high,646,7,12682937,70.274,73.764,0.216,73.98
prio_high,648,7,12683015,41.801,45.243,0.261,45.504
prio_high,649,7,12683046,45.26,48.636,0.226,48.861
prio_high,650,7,12683078,50.821,54.305,0.204,54.509
prio_high,651,7,12683109,54.397,57.986,0.224,58.21
prio_high,652,7,12683140,60.223,64.119,0.2,64.318
prio_high,653,7,12683187,65.593,69.192,0.205,69.397
prio_high,654,7,12683218,67.751,71.245,0.195,71.44
prio_high,656,7,12683281,40.326,43.134,0.214,43.349
prio_high,657,7,12683312,30.455,35.538,0.152,35.69
prio_high,658,7,12683343,41.913,44.536,1.599,46.135
prio_high,659,7,12683390,46.857,50.834,0.203,51.037
prio_high,660,7,12683421,52.172,56.012,0.198,56.211
prio_high,661,7,12683453,54.714,58.265,2.42,60.685
prio_high,662,7,12683484,63.373,66.772,0.255,67.027
prio_high,663,7,12683515,63.263,67.131,0.153,67.284
prio_high,664,7,12683546,62.767,66.37,0.199,66.569
prio_high,665,7,12683578,58.602,61.606,0.138,61.744
prio_high,666,7,12683625,48.283,52.811,0.218,53.029
prio_high,667,7,12683656,54.887,57.841,0.341,58.182
prio_high,668,7,12683687,61.426,65.413,0.201,65.615
prio_high,669,7,12683718,66.478,71.59,0.192,71.782
prio_high,671,7,12683796,40.002,43.267,0.203,43.47
prio_high,672,7,12683828,47.841,51.304,0.207,51.511
prio_high,673,7,12683859,54.669,58.7,1.614,60.315
prio_high,674,7,12683890,57.61,61.465,0.202,61.667
prio_high,675,7,12683921,63.461,66.582,1.301,67.883
prio_high,676,7,12683953,70.297,73.879,0.207,74.086
prio_high,678,7,12684031,35.193,39.071,0.238,39.309
prio_high,679,7,12684062,42.683,45.187,0.26,45.448
prio_high,680,7,12684093,49.196,52.645,0.195,52.84
prio_high,681,7,12684125,32.149,35.517,0.162,35.679
prio_high,682,7,12684156,39.714,42.481,0.198,42.679
prio_high,683,7,12684203,34.711,38.065,0.187,38.252
prio_high,684,7,12684234,40.908,43.531,0.198,43.73
prio_high,685,7,12684265,47.791,51.32,0.219,51.538
prio_high,686,7,12684296,53.835,57.781,0.2,57.981
prio_high,687,7,12684328,60.952,64.946,0.261,65.208
prio_high,688,7,12684375,69.362,73.218,0.204,73.422
prio_high,690,7,12684437,40.525,44.606,0.198,44.804
prio_high,691,7,12684468,31.032,35.032,0.144,35.177
prio_high,692,7,12684500,40.164,42.794,0.303,43.097
prio_high,693,7,12684546,44.884,49.502,0.196,49.698
prio_high,694,7,12684578,52.924,57.016,1.582,58.598
prio_high,695,7,12684609,55.461,59.599,0.155,59.754
prio_high,696,7,12684640,49.655,53.4,0.198,53.598
prio_high,697,7,12684671,56.781,60.648,0.196,60.844
prio_high,698,7,12684718,42.983,46.746,0.256,47.002
prio_high,699,7,12684750,48.703,51.645,0.199,51.844
prio_high,700,8,12684781,30.656,33.907,0.135,34.042
prio_high,701,8,12684812,42.769,45.405,0.087,45.491
prio_high,702,8,12684843,36.148,40.116,3.425,43.541
prio_high,703,8,12684875,46.822,49.531,0.063,49.595
prio_high,704,8,12684921,53.431,56.832,0.1,56.932
prio_high,705,8,12684953,61.331,66.348,0.07,66.418
prio_high,706,8,12684984,72.368,75.65,0.067,75.717
prio_high,708,8,12685046,50.012,53.242,0.075,53.317
prio_high,709,8,12685078,54.382,58.212,0.069,58.28
prio_high,710,8,12685125,43.329,46.998,0.119,47.116
prio_high,711,8,12685156,53.685,56.678,0.071,56.749
prio_high,712,8,12685187,61.623,64.879,0.067,64.946
prio_high,713,8,12685218,71.552,75.497,0.057,75.555
prio_high,715,8,12685281,50.239,53.652,0.075,53.726
prio_high,716,8,12685328,60.251,64.552,0.068,64.62
prio_high,717,8,12685359,59.36,62.623,0.06,62.683
prio_high,718,8,12685390,71.364,74.879,0.055,74.933
prio_high,720,8,12685453,33.312,37.291,0.057,37.348
prio_high,721,8,12685484,43.584,46.46,0.063,46.523
prio_high,722,8,12685531,31.868,35.311,0.053,35.364
prio_high,723,8,12685562,42.915,45.554,0.07,45.624
prio_high,724,8,12685593,40.274,43.756,0.069,43.824
prio_high,725,8,12685625,49.596,52.372,0.063,52.435
prio_high,726,8,12685656,35.4,39.409,2.286,41.695
prio_high,727,8,12685687,48.956,51.638,0.06,51.698
prio_high,728,8,12685734,55.949,59.767,0.057,59.824
prio_high,729,8,12685765,64.752,69.459,0.087,69.546
prio_high,730,8,12685796,67.068,70.57,0.048,70.618
prio_high,732,8,12685859,42.842,45.462,0.067,45.528
prio_high,733,8,12685890,53.437,57.4,0.102,57.503
prio_high,734,8,12685937,64.999,68.733,0.067,68.8
prio_high,735,8,12685968,63.312,67.08,0.084,67.163
prio_high,736,8,12686000,73.26,76.588,0.054,76.642
prio_high,738,8,12686062,45.79,49.627,0.07,49.697
prio_high,739,8,12686109,44.235,48.202,0.13,48.331
prio_high,740,8,12686140,55.813,58.994,2.587,61.581
prio_high,741,8,12686171,64.913,69.942,0.059,70.001
prio_high,742,8,12686203,74.687,78.454,0.062,78.516
prio_high,744,8,12686265,49.657,53.553,0.08,53.633
prio_high,745,8,12686312,61.237,65.192,0.06,65.252
prio_high,746,8,12686343,61.749,67.618,0.191,67.809
prio_high,747,8,12686375,76.114,79.499,0.06,79.56
prio_high,749,8,12686437,49.735,53.551,0.066,53.617
prio_high,750,8,12686468,60.551,64.184,2.739,66.923
prio_high,751,8,12686515,72.252,76.01,0.048,76.057
prio_high,752,8,12686546,71.553,75.427,0.981,76.407
prio_high,754,8,12686609,47.405,50.516,0.095,50.611
prio_high,755,8,12686640,56.212,60.033,3.456,63.488
prio_high,756,8,12686687,71.942,75.319,0.061,75.379
prio_high,758,8,12686750,46.188,50.197,0.075,50.271
prio_high,759,8,12686781,36.875,40.327,0.119,40.446
prio_high,760,8,12686812,46.398,49.109,0.066,49.175
prio_high,761,8,12686843,57.311,60.813,0.062,60.875
prio_high,762,8,12686890,64.765,68.775,0.068,68.843
prio_high,763,8,12686921,75.242,78.62,0.057,78.677
prio_high,765,8,12686984,39.606,42.859,0.061,42.92
prio_high,766,8,12687015,49.086,51.934,0.063,51.997
prio_high,767,8,12687062,34.191,37.723,0.062,37.785
prio_high,768,8,12687093,43.559,46.107,0.063,46.17
prio_high,769,8,12687125,38.394,42.264,0.461,42.725
prio_high,770,8,12687156,48.528,51.371,0.059,51.43
prio_high,771,8,12687187,34.751,38.674,0.076,38.749
prio_high,772,8,12687218,47.468,50.136,0.084,50.22
prio_high,773,8,12687265,55.113,58.869,0.069,58.938
prio_high,774,8,12687296,57.217,60.68,0.07,60.75
prio_high,775,8,12687328,53.02,56.672,0.116,56.788
prio_high,776,8,12687359,61.396,64.154,0.079,64.233
prio_high,777,8,12687390,74.513,78.918,0.065,78.983
prio_high,779,8,12687468,48.474,52.287,0.069,52.356
prio_high,780,8,12687500,49.596,53.483,0.065,53.548
prio_high,781,8,12687531,56.906,60.041,0.079,60.12
prio_high,782,8,12687562,51.07,54.498,0.064,54.562
prio_high,783,8,12687593,62.565,65.127,2.83,67.957
prio_high,784,8,12687625,63.746,67.407,0.058,67.465
prio_high,785,8,12687671,72.588,76.123,0.067,76.191
prio_high,787,8,12687734,49.536,53.156,0.063,53.218
prio_high,788,8,12687765,58.693,64.229,0.129,64.359
prio_high,789,8,12687796,58.88,62.305,0.078,62.383
prio_high,790,8,12687828,55.984,59.599,0.059,59.658
prio_high,791,8,12687859,65.463,68.178,0.067,68.245
prio_high,792,8,12687906,77.137,80.576,0.068,80.645
prio_high,794,8,12687968,50.589,53.992,0.066,54.058
prio_high,795,8,12688000,52.953,56.405,0.099,56.503
prio_high,796,8,12688031,62.494,65.365,0.095,65.46
prio_high,797,8,12688078,76.556,79.694,0.069,79.763
prio_high,799,8,12688140,47.439,50.954,0.059,51.013
thresh_det_0.20,0,1,12688546,44.937,65.401,0.057,65.458
thresh_det_0.20,1,1,12688562,50.942,54.505,0.075,54.58
thresh_det_0.20,2,1,12688609,39.389,43.774,0.662,44.436
thresh_det_0.20,3,1,12688640,30.148,33.311,0.055,33.367
thresh_det_0.20,4,1,12688671,23.122,26.34,0.057,26.397
thresh_det_0.20,5,1,12688703,23.5,26.492,0.099,26.591
thresh_det_0.20,6,1,12688734,18.744,22.511,0.053,22.564
thresh_det_0.20,7,1,12688765,24.48,27.137,0.103,27.24
thresh_det_0.20,8,1,12688812,24.128,28.05,0.056,28.106
thresh_det_0.20,9,1,12688843,23.771,26.552,0.094,26.646
thresh_det_0.20,10,1,12688875,23.471,26.461,0.101,26.562
thresh_det_0.20,11,1,12688906,23.085,27.014,0.097,27.111
thresh_det_0.20,12,1,12688937,45.318,48.015,0.07,48.085
thresh_det_0.20,13,1,12688968,35.041,38.377,0.06,38.437
thresh_det_0.20,14,1,12689000,24.806,28.336,0.065,28.401
thresh_det_0.20,15,1,12689046,24.115,27.497,0.065,27.562
thresh_det_0.20,16,1,12689078,24.2,27.386,0.064,27.45
thresh_det_0.20,17,1,12689109,21.823,25.391,0.09,25.481
thresh_det_0.20,18,1,12689140,23.426,27.205,0.059,27.265
thresh_det_0.20,19,1,12689171,23.807,27.425,0.064,27.489
thresh_det_0.20,20,1,12689203,24.057,27.759,0.061,27.82
thresh_det_0.20,21,1,12689250,23.702,27.374,0.063,27.438
thresh_det_0.20,22,1,12689281,23.854,27.084,0.064,27.148
thresh_det_0.20,23,1,12689328,24.471,45.728,0.064,45.792
thresh_det_0.20,24,1,12689343,54.052,57.618,0.066,57.685
thresh_det_0.20,25,1,12689375,46.643,50.499,0.077,50.576
thresh_det_0.20,26,1,12689406,35.89,39.682,0.068,39.75
thresh_det_0.20,27,1,12689437,25.396,28.769,0.053,28.822
thresh_det_0.20,28,1,12689484,23.945,26.456,0.056,26.512
thresh_det_0.20,29,1,12689515,22.693,25.957,0.052,26.009
thresh_det_0.20,30,1,12689546,23.33,27.16,0.057,27.217
thresh_det_0.20,31,1,12689578,23.711,27.545,0.061,27.606
thresh_det_0.20,32,1,12689609,23.246,26.92,0.073,26.993
thresh_det_0.20,33,1,12689640,23.37,26.071,0.056,26.127
thresh_det_0.20,34,1,12689687,19.994,23.202,0.054,23.256
thresh_det_0.20,35,1,12689718,23.149,25.834,0.062,25.896
thresh_det_0.20,36,1,12689750,32.257,36.83,0.05,36.88
thresh_det_0.20,37,1,12689781,23.396,26.255,0.053,26.308
thresh_det_0.20,38,1,12689812,23.286,26.709,0.098,26.807
thresh_det_0.20,39,1,12689843,23.386,27.306,0.062,27.368
thresh_det_0.20,40,1,12689890,23.325,26.604,0.056,26.659
thresh_det_0.20,41,1,12689921,23.426,26.507,0.087,26.594
thresh_det_0.20,42,1,12689953,20.217,23.384,0.054,23.437
thresh_det_0.20,43,1,12689984,24.822,27.492,0.066,27.557
thresh_det_0.20,44,1,12690015,23.606,27.497,0.08,27.577
thresh_det_0.20,45,1,12690062,23.458,27.484,0.108,27.592
thresh_det_0.20,46,1,12690093,23.105,27.248,0.097,27.345
thresh_det_0.20,47,1,12690125,23.511,26.126,0.101,26.226
thresh_det_0.20,48,1,12690156,46.459,49.615,0.06,49.675
thresh_det_0.20,49,1,12690203,33.986,39.029,0.049,39.078
thresh_det_0.20,50,1,12690234,24.261,27.735,0.058,27.793
thresh_det_0.20,51,1,12690265,23.649,26.356,0.095,26.45
thresh_det_0.20,52,1,12690296,23.493,26.401,0.058,26.459
thresh_det_0.20,53,1,12690328,23.341,26.634,0.094,26.728
thresh_det_0.20,54,1,12690359,23.306,27.192,0.056,27.249
thresh_det_0.20,55,1,12690390,24.773,28.044,0.103,28.147
thresh_det_0.20,56,1,12690437,23.46,27.264,0.055,27.318
thresh_det_0.20,57,1,12690468,23.256,26.676,0.057,26.733
thresh_det_0.20,58,1,12690500,24.598,27.635,0.096,27.731
thresh_det_0.20,59,1,12690531,23.471,26.416,0.095,26.511
thresh_det_0.20,60,1,12690562,27.078,31.183,0.057,31.24
thresh_det_0.20,61,1,12690593,24.61,27.229,0.058,27.287
thresh_det_0.20,62,1,12690640,23.361,26.365,0.058,26.423
thresh_det_0.20,63,1,12690671,23.862,26.499,0.16,26.66
thresh_det_0.20,64,1,12690703,23.36,27.67,0.138,27.808
thresh_det_0.20,65,1,12690734,23.823,27.941,0.094,28.035
thresh_det_0.20,66,1,12690765,23.569,27.417,0.107,27.524
thresh_det_0.20,67,1,12690796,23.724,26.264,0.096,26.36
thresh_det_0.20,68,1,12690828,20.039,23.762,0.039,23.801
thresh_det_0.20,69,1,12690875,24.796,27.543,0.103,27.646
thresh_det_0.20,70,1,12690906,23.546,27.349,0.056,27.405
thresh_det_0.20,71,1,12690937,22.416,25.674,0.077,25.752
thresh_det_0.20,72,1,12690968,48.727,51.402,0.068,51.47
thresh_det_0.20,73,1,12691000,29.935,33.77,0.283,34.053
thresh_det_0.20,74,1,12691046,23.837,27.846,0.055,27.901
thresh_det_0.20,75,1,12691078,21.559,24.895,0.073,24.968
thresh_det_0.20,76,1,12691109,26.424,29.867,0.107,29.974
thresh_det_0.20,77,1,12691140,23.566,25.914,0.058,25.972
thresh_det_0.20,78,1,12691171,23.114,26.386,0.056,26.442
thresh_det_0.20,79,1,12691203,23.885,26.324,0.132,26.456
thresh_det_0.20,80,1,12691234,23.384,26.008,0.101,26.109
thresh_det_0.20,81,1,12691281,23.324,27.479,0.059,27.537
thresh_det_0.20,82,1,12691312,23.342,26.608,0.049,26.656
thresh_det_0.20,83,1,12691343,23.986,26.684,0.06,26.744
thresh_det_0.20,84,1,12691375,47.434,50.186,0.095,50.281
thresh_det_0.20,85,1,12691406,34.324,39.469,0.054,39.523
thresh_det_0.20,86,1,12691437,24.38,28.516,0.096,28.612
thresh_det_0.20,87,1,12691484,23.456,26.027,0.057,26.085
thresh_det_0.20,88,1,12691515,23.288,26.586,0.097,26.683
thresh_det_0.20,89,1,12691546,23.73,28.206,0.056,28.262
thresh_det_0.20,90,1,12691578,23.078,26.39,0.057,26.447
thresh_det_0.20,91,1,12691609,23.186,25.972,0.057,26.029
thresh_det_0.20,92,1,12691640,19.034,22.29,0.051,22.341
thresh_det_0.20,93,1,12691687,24.061,26.788,0.093,26.882
thresh_det_0.20,94,1,12691718,23.178,27.845,0.045,27.889
thresh_det_0.20,95,1,12691750,23.781,26.271,0.096,26.366
thresh_det_0.20,96,1,12691781,44.531,48.391,0.595,48.986
thresh_det_0.20,97,1,12691812,37.397,40.806,0.049,40.855
thresh_det_0.20,98,1,12691859,24.26,28.309,0.057,28.366
thresh_det_0.20,99,1,12691890,19.918,23.083,0.059,23.142
thresh_det_0.20,100,2,12691921,66.728,69.524,0.247,69.771
thresh_det_0.20,101,2,12691953,100.234,104.221,0.158,104.379
thresh_det_0.20,103,2,12692031,74.506,80.302,0.212,80.514
thresh_det_0.20,105,2,12692093,71.181,73.882,0.146,74.028
thresh_det_0.20,107,2,12692156,60.561,63.971,0.171,64.142
thresh_det_0.20,108,2,12692203,83.57,86.852,3.364,90.215
thresh_det_0.20,110,2,12692265,71.675,75.86,0.148,76.008
thresh_det_0.20,112,2,12692328,64.517,68.034,0.222,68.257
thresh_det_0.20,113,2,12692359,92.388,95.757,0.117,95.875
thresh_det_0.20,115,2,12692437,86.131,90.084,0.164,90.248
thresh_det_0.20,117,2,12692500,86.067,89.81,1.999,91.809
thresh_det_0.20,119,2,12692562,71.068,75.035,0.156,75.191
thresh_det_0.20,121,2,12692640,71.924,76.959,0.144,77.103
thresh_det_0.20,123,2,12692703,43.186,47.228,0.159,47.387
thresh_det_0.20,124,2,12692734,76.729,79.421,0.198,79.619
thresh_det_0.20,126,2,12692812,56.679,60.902,0.258,61.16
thresh_det_0.20,127,2,12692843,90.205,93.024,0.209,93.233
thresh_det_0.20,129,2,12692906,73.382,77.455,0.153,77.608
thresh_det_0.20,131,2,12692984,72.739,76.13,0.171,76.3
thresh_det_0.20,132,2,12693015,102.811,106.212,0.8,107.011
thresh_det_0.20,134,2,12693093,90.218,94.542,0.125,94.667
thresh_det_0.20,136,2,12693156,70.938,75.145,0.156,75.301
thresh_det_0.20,138,2,12693218,62.298,66.246,0.158,66.405
thresh_det_0.20,139,2,12693250,75.839,78.969,2.432,81.401
thresh_det_0.20,141,2,12693328,70.095,73.147,0.353,73.5
thresh_det_0.20,142,2,12693359,95.558,99.505,0.163,99.667
thresh_det_0.20,144,2,12693437,94.633,98.591,0.18,98.771
thresh_det_0.20,146,2,12693500,102.544,106.032,0.153,106.185
thresh_det_0.20,148,2,12693578,86.874,92.434,0.163,92.597
thresh_det_0.20,150,2,12693640,75.674,79.76,1.107,80.867
thresh_det_0.20,152,2,12693703,62.182,65.068,0.286,65.354
thresh_det_0.20,153,2,12693734,78.001,81.599,0.164,81.763
thresh_det_0.20,155,2,12693812,91.011,94.396,0.179,94.574
thresh_det_0.20,157,2,12693890,64.516,69.308,0.179,69.487
thresh_det_0.20,158,2,12693921,91.027,95.396,1.972,97.368
thresh_det_0.20,160,2,12693984,89.373,92.951,0.172,93.123
thresh_det_0.20,162,2,12694062,86.553,92.64,1.709,94.349
thresh_det_0.20,164,2,12694125,92.845,96.181,0.154,96.335
thresh_det_0.20,166,2,12694187,86.058,90.1,3.445,93.545
thresh_det_0.20,168,2,12694265,84.392,87.739,0.153,87.892
thresh_det_0.20,170,2,12694328,57.721,62.057,1.614,63.671
thresh_det_0.20,171,2,12694359,84.746,87.411,0.217,87.628
thresh_det_0.20,173,2,12694421,63.934,67.045,0.174,67.219
thresh_det_0.20,174,2,12694468,94.768,98.718,0.112,98.83
thresh_det_0.20,176,2,12694531,79.898,83.798,0.222,84.021
thresh_det_0.20,178,2,12694593,78.864,82.486,0.157,82.643
thresh_det_0.20,180,2,12694671,78.599,81.981,0.219,82.2
thresh_det_0.20,182,2,12694734,48.203,52.312,0.161,52.473
thresh_det_0.20,183,2,12694765,82.083,85.362,2.366,87.727
thresh_det_0.20,185,2,12694843,59.713,65.629,0.126,65.756
thresh_det_0.20,186,2,12694875,91.854,95.816,0.153,95.969
thresh_det_0.20,188,2,12694937,88.8,92.799,0.159,92.958
thresh_det_0.20,190,2,12695015,108.254,111.751,0.179,111.93
thresh_det_0.20,192,2,12695093,88.55,92.531,0.197,92.728
thresh_det_0.20,194,2,12695156,67.067,70.343,0.174,70.517
thresh_det_0.20,195,2,12695203,95.759,99.258,3.544,102.802
thresh_det_0.20,197,2,12695265,96.323,99.779,3.439,103.217
thresh_det_0.20,199,2,12695343,86.726,90.942,0.309,91.251
thresh_det_0.20,201,3,12695406,72.638,76.564,0.071,76.634
thresh_det_0.20,203,3,12695468,48.225,51.746,1.636,53.381
thresh_det_0.20,204,3,12695500,61.468,64.887,0.067,64.954
thresh_det_0.20,205,3,12695546,58.515,62.662,0.404,63.065
thresh_det_0.20,206,3,12695578,58.756,62.212,0.066,62.278
thresh_det_0.20,207,3,12695609,71.906,74.512,0.06,74.573
thresh_det_0.20,209,3,12695671,44.127,48.91,0.07,48.98
thresh_det_0.20,210,3,12695703,35.706,39.279,0.064,39.343
thresh_det_0.20,211,3,12695750,51.4,54.059,0.059,54.118
thresh_det_0.20,212,3,12695781,41.427,45.377,0.095,45.473
thresh_det_0.20,213,3,12695812,51.354,54.163,0.082,54.245
thresh_det_0.20,214,3,12695843,61.291,64.714,0.154,64.868
thresh_det_0.20,215,3,12695890,72.921,78.618,0.052,78.67
thresh_det_0.20,217,3,12695953,47.214,52.327,0.122,52.449
thresh_det_0.20,218,3,12695984,49.921,53.338,0.112,53.45
thresh_det_0.20,219,3,12696015,59.594,62.745,2.749,65.494
thresh_det_0.20,220,3,12696046,68.568,72.271,0.061,72.332
thresh_det_0.20,222,3,12696125,43.582,46.513,0.107,46.62
thresh_det_0.20,223,3,12696156,38.092,41.997,0.064,42.061
thresh_det_0.20,224,3,12696187,48.988,51.584,0.066,51.65
thresh_det_0.20,225,3,12696218,60.372,63.756,0.103,63.859
thresh_det_0.20,226,3,12696250,61.304,65.352,0.155,65.507
thresh_det_0.20,227,3,12696296,75.509,79.308,2.432,81.741
thresh_det_0.20,229,3,12696359,47.513,52.625,0.175,52.8
thresh_det_0.20,230,3,12696390,58.013,61.601,0.196,61.797
thresh_det_0.20,231,3,12696437,70.203,74.356,0.147,74.503
thresh_det_0.20,233,3,12696500,43.544,47.531,0.155,47.686
thresh_det_0.20,234,3,12696531,33.205,37.259,0.144,37.403
thresh_det_0.20,235,3,12696562,46.78,49.44,0.201,49.64
thresh_det_0.20,236,3,12696609,64.377,68.417,2.477,70.893
thresh_det_0.20,237,3,12696640,72.771,76.302,0.166,76.468
thresh_det_0.20,239,3,12696703,50.667,54.681,0.154,54.835
thresh_det_0.20,240,3,12696734,79.862,84.838,1.724,86.561
thresh_det_0.20,242,3,12696796,59.036,62.642,2.009,64.651
thresh_det_0.20,243,3,12696843,83.948,87.955,0.206,88.161
thresh_det_0.20,245,3,12696906,39.502,43.018,0.159,43.178
thresh_det_0.20,246,3,12696937,50.176,53.048,0.181,53.23
thresh_det_0.20,247,3,12696968,60.092,63.692,0.17,63.861
thresh_det_0.20,248,3,12697000,73.633,77.24,0.225,77.466
thresh_det_0.20,250,3,12697078,48.582,52.667,0.156,52.824
thresh_det_0.20,251,3,12697109,60.946,65.111,0.163,65.274
thresh_det_0.20,252,3,12697140,62.044,66.004,0.177,66.181
thresh_det_0.20,253,3,12697171,65.154,68.79,0.232,69.022
thresh_det_0.20,254,3,12697203,93.649,96.683,0.133,96.816
thresh_det_0.20,256,3,12697281,77.148,80.993,0.165,81.158
thresh_det_0.20,258,3,12697343,33.363,36.639,0.143,36.781
thresh_det_0.20,259,3,12697375,47.738,50.653,2.634,53.286
thresh_det_0.20,260,3,12697421,57.637,62.274,0.169,62.443
thresh_det_0.20,261,3,12697453,69.472,73.24,0.154,73.394
thresh_det_0.20,263,3,12697515,45.1,48.565,0.148,48.713
thresh_det_0.20,264,3,12697546,54.994,58.41,0.158,58.568
thresh_det_0.20,265,3,12697578,65.724,70.334,0.809,71.142
thresh_det_0.20,266,3,12697625,86.259,90.484,0.17,90.654
thresh_det_0.20,268,3,12697687,65.735,69.156,1.841,70.996
thresh_det_0.20,269,3,12697718,78.743,82.576,0.159,82.734
thresh_det_0.20,271,3,12697781,51.021,55.221,0.158,55.379
thresh_det_0.20,272,3,12697828,43.527,47.208,0.163,47.371
thresh_det_0.20,273,3,12697859,55.125,57.952,0.2,58.151
thresh_det_0.20,274,3,12697890,59.572,62.866,0.179,63.045
thresh_det_0.20,275,3,12697921,57.614,60.987,0.162,61.149
thresh_det_0.20,276,3,12697953,69.095,71.987,0.151,72.139
thresh_det_0.20,278,3,12698031,35.61,38.916,0.153,39.069
thresh_det_0.20,279,3,12698062,47.74,50.801,0.173,50.974
thresh_det_0.20,280,3,12698093,54.959,58.656,3.055,61.711
thresh_det_0.20,281,3,12698125,58.154,61.628,0.161,61.788
thresh_det_0.20,282,3,12698156,61.068,63.868,0.168,64.036
thresh_det_0.20,283,3,12698203,59.017,62.543,0.209,62.752
thresh_det_0.20,284,3,12698234,72.402,74.979,0.16,75.139
thresh_det_0.20,286,3,12698296,46.452,50.316,0.158,50.474
thresh_det_0.20,287,3,12698328,59.347,62.721,3.393,66.114
thresh_det_0.20,288,3,12698359,67.609,71.905,0.143,72.048
thresh_det_0.20,290,3,12698437,44.001,47.321,0.152,47.473
thresh_det_0.20,291,3,12698468,35.481,39.487,0.637,40.124
thresh_det_0.20,292,3,12698500,48.822,51.481,0.215,51.696
thresh_det_0.20,293,3,12698531,53.826,57.629,0.214,57.842
thresh_det_0.20,294,3,12698562,58.574,62.508,0.135,62.643
thresh_det_0.20,295,3,12698609,57.853,61.756,0.232,61.988
thresh_det_0.20,296,3,12698640,56.53,59.84,0.115,59.954
thresh_det_0.20,297,3,12698671,49.39,53.408,0.158,53.567
thresh_det_0.20,298,3,12698703,57.343,60.058,0.152,60.209
thresh_det_0.20,299,3,12698734,50.568,54.621,0.167,54.787
thresh_det_0.20,300,4,12698765,82.161,84.759,0.17,84.929
thresh_det_0.20,302,4,12698843,62.917,66.5,0.12,66.62
thresh_det_0.20,303,4,12698875,94.016,97.844,1.351,99.195
thresh_det_0.20,305,4,12698937,82.551,86.555,0.15,86.705
thresh_det_0.20,307,4,12699000,79.976,84.069,0.189,84.258
thresh_det_0.20,309,4,12699078,80.864,85.192,2.996,88.188
thresh_det_0.20,311,4,12699140,80.728,84.544,0.152,84.696
thresh_det_0.20,313,4,12699218,69.444,72.806,0.155,72.961
thresh_det_0.20,315,4,12699281,70.744,74.921,0.152,75.073
thresh_det_0.20,317,4,12699343,60.763,64.761,1.696,66.456
thresh_det_0.20,318,4,12699390,91.39,95.496,0.159,95.656
thresh_det_0.20,320,4,12699453,89.332,93.322,0.159,93.482
thresh_det_0.20,322,4,12699515,83.928,87.377,0.189,87.565
thresh_det_0.20,324,4,12699593,71.221,75.41,0.146,75.556
thresh_det_0.20,326,4,12699656,65.206,69.598,0.187,69.785
thresh_det_0.20,327,4,12699687,65.326,68.817,0.462,69.279
thresh_det_0.20,328,4,12699718,77.341,81.514,0.153,81.667
thresh_det_0.20,330,4,12699796,55.203,59.445,3.38,62.825
thresh_det_0.20,331,4,12699828,58.285,62.304,0.155,62.459
thresh_det_0.20,332,4,12699859,61.424,64.083,0.179,64.262
thresh_det_0.20,333,4,12699890,63.371,66.87,0.436,67.306
thresh_det_0.20,334,4,12699921,75.276,78.057,0.172,78.228
thresh_det_0.20,336,4,12699984,51.46,55.011,1.854,56.865
thresh_det_0.20,337,4,12700031,69.0,73.42,0.156,73.576
thresh_det_0.20,339,4,12700093,51.921,56.387,0.219,56.606
thresh_det_0.20,340,4,12700140,56.804,60.709,0.157,60.866
thresh_det_0.20,341,4,12700171,68.909,72.997,0.138,73.135
thresh_det_0.20,343,4,12700234,67.837,71.852,0.142,71.994
thresh_det_0.20,344,4,12700281,86.32,93.723,2.188,95.911
thresh_det_0.20,346,4,12700343,60.99,64.444,0.16,64.603
thresh_det_0.20,347,4,12700375,72.858,77.109,0.148,77.257
thresh_det_0.20,349,4,12700437,40.461,45.51,0.153,45.663
thresh_det_0.20,350,4,12700468,73.78,76.376,0.165,76.54
thresh_det_0.20,352,4,12700546,61.997,66.195,0.238,66.433
thresh_det_0.20,353,4,12700578,88.728,92.347,0.158,92.505
thresh_det_0.20,355,4,12700640,64.531,68.559,3.193,71.752
thresh_det_0.20,356,4,12700671,75.71,79.02,0.149,79.169
thresh_det_0.20,358,4,12700750,28.604,32.643,0.143,32.786
thresh_det_0.20,359,4,12700781,64.031,66.762,0.22,66.982
thresh_det_0.20,360,4,12700812,92.427,95.835,0.156,95.991
thresh_det_0.20,362,4,12700890,93.865,97.526,0.207,97.733
thresh_det_0.20,364,4,12700953,63.469,67.228,0.229,67.457
thresh_det_0.20,365,4,12700984,72.067,75.488,0.169,75.657
thresh_det_0.20,367,4,12701062,71.426,75.606,0.215,75.821
thresh_det_0.20,369,4,12701125,47.794,51.824,0.196,52.02
thresh_det_0.20,370,4,12701156,52.59,56.522,0.209,56.732
thresh_det_0.20,371,4,12701187,72.379,76.441,0.194,76.636
thresh_det_0.20,373,4,12701265,46.399,50.306,0.205,50.511
thresh_det_0.20,374,4,12701296,49.724,54.431,0.151,54.582
thresh_det_0.20,375,4,12701328,69.325,72.717,0.187,72.904
thresh_det_0.20,377,4,12701390,37.728,41.558,0.285,41.843
thresh_det_0.20,378,4,12701437,61.413,64.567,0.455,65.022
thresh_det_0.20,379,4,12701468,72.389,76.633,0.147,76.779
thresh_det_0.20,381,4,12701531,52.923,56.805,0.272,57.076
thresh_det_0.20,382,4,12701562,56.667,59.643,0.198,59.841
thresh_det_0.20,383,4,12701609,90.51,94.076,0.215,94.29
thresh_det_0.20,385,4,12701671,57.299,62.664,0.171,62.835
thresh_det_0.20,386,4,12701703,107.042,111.121,0.21,111.331
thresh_det_0.20,388,4,12701796,69.174,73.018,0.242,73.26
thresh_det_0.20,389,4,12701828,68.989,76.806,0.165,76.971
thresh_det_0.20,391,4,12701890,73.182,76.925,0.247,77.172
thresh_det_0.20,393,4,12701968,44.024,48.109,0.175,48.284
thresh_det_0.20,394,4,12702000,74.456,77.961,0.233,78.194
thresh_det_0.20,396,4,12702062,47.339,50.815,0.228,51.043
thresh_det_0.20,397,4,12702093,53.851,57.355,0.219,57.574
thresh_det_0.20,398,4,12702140,82.965,86.787,0.207,86.994
thresh_det_0.20,400,5,12702203,54.003,57.483,0.116,57.599
thresh_det_0.20,401,5,12702234,64.07,67.668,0.164,67.832
thresh_det_0.20,402,5,12702265,75.211,78.48,0.169,78.649
thresh_det_0.20,404,5,12702343,51.581,54.868,0.191,55.059
thresh_det_0.20,405,5,12702375,61.165,64.653,1.725,66.378
thresh_det_0.20,406,5,12702406,72.193,75.633,0.154,75.787
thresh_det_0.20,408,5,12702468,48.907,52.303,2.671,54.974
thresh_det_0.20,409,5,12702500,62.889,68.178,0.154,68.332
thresh_det_0.20,410,5,12702546,73.786,77.881,1.862,79.743
thresh_det_0.20,412,5,12702609,49.719,54.023,0.158,54.181
thresh_det_0.20,413,5,12702640,61.654,65.291,1.229,66.519
thresh_det_0.20,414,5,12702671,71.751,75.855,0.151,76.006
thresh_det_0.20,416,5,12702750,29.815,33.291,0.109,33.4
thresh_det_0.20,417,5,12702781,43.94,46.638,0.155,46.793
thresh_det_0.20,418,5,12702812,42.101,46.139,0.069,46.209
thresh_det_0.20,419,5,12702843,53.492,56.007,1.739,57.746
thresh_det_0.20,420,5,12702875,72.071,75.341,0.141,75.482
thresh_det_0.20,422,5,12702953,46.08,50.144,0.176,50.321
thresh_det_0.20,423,5,12702984,36.861,40.405,0.172,40.577
thresh_det_0.20,424,5,12703015,46.473,49.76,0.158,49.918
thresh_det_0.20,425,5,12703046,60.82,64.526,0.178,64.705
thresh_det_0.20,426,5,12703093,67.167,74.067,0.146,74.212
thresh_det_0.20,428,5,12703156,46.344,49.312,0.16,49.472
thresh_det_0.20,429,5,12703187,42.976,46.497,0.195,46.692
thresh_det_0.20,430,5,12703218,53.313,56.009,0.151,56.16
thresh_det_0.20,431,5,12703250,62.72,65.911,0.119,66.029
thresh_det_0.20,432,5,12703296,70.999,75.051,0.158,75.209
thresh_det_0.20,434,5,12703359,47.041,51.1,0.151,51.251
thresh_det_0.20,435,5,12703390,33.493,37.038,0.141,37.179
thresh_det_0.20,436,5,12703421,44.275,47.145,0.196,47.341
thresh_det_0.20,437,5,12703453,40.052,43.533,0.159,43.692
thresh_det_0.20,438,5,12703500,50.408,53.103,0.16,53.263
thresh_det_0.20,439,5,12703531,59.928,63.396,0.177,63.572
thresh_det_0.20,440,5,12703562,64.803,68.214,0.472,68.686
thresh_det_0.20,441,5,12703593,75.213,78.298,0.197,78.495
thresh_det_0.20,443,5,12703656,50.018,54.076,0.226,54.302
thresh_det_0.20,444,5,12703703,58.326,61.673,0.114,61.787
thresh_det_0.20,445,5,12703734,58.987,62.244,0.209,62.453
thresh_det_0.20,446,5,12703765,57.72,60.488,0.138,60.626
thresh_det_0.20,447,5,12703796,54.538,57.892,0.163,58.055
thresh_det_0.20,448,5,12703828,66.115,69.027,0.169,69.196
thresh_det_0.20,449,5,12703859,75.783,79.747,0.157,79.904
thresh_det_0.20,451,5,12703937,50.636,54.9,0.152,55.052
thresh_det_0.20,452,5,12703968,58.233,62.217,0.206,62.423
thresh_det_0.20,453,5,12704000,74.072,77.43,0.204,77.634
thresh_det_0.20,455,5,12704078,54.387,58.257,0.181,58.439
thresh_det_0.20,456,5,12704109,66.659,70.295,0.165,70.46
thresh_det_0.20,457,5,12704140,80.19,84.05,0.196,84.245
thresh_det_0.20,459,5,12704203,52.792,56.784,0.281,57.065
thresh_det_0.20,460,5,12704250,62.341,66.266,0.189,66.455
thresh_det_0.20,461,5,12704281,77.676,80.333,0.193,80.526
thresh_det_0.20,463,5,12704343,51.638,55.651,0.156,55.807
thresh_det_0.20,464,5,12704375,64.839,68.679,0.151,68.83
thresh_det_0.20,465,5,12704406,73.685,77.546,0.175,77.721
thresh_det_0.20,467,5,12704484,50.401,53.998,3.283,57.281
thresh_det_0.20,468,5,12704515,63.225,66.699,0.153,66.852
thresh_det_0.20,469,5,12704546,74.901,80.016,0.193,80.209
thresh_det_0.20,471,5,12704625,33.824,37.329,0.143,37.472
thresh_det_0.20,472,5,12704656,44.475,47.711,0.197,47.908
thresh_det_0.20,473,5,12704687,58.245,61.792,0.224,62.016
thresh_det_0.20,474,5,12704718,72.498,76.34,0.144,76.484
thresh_det_0.20,476,5,12704796,46.405,50.439,0.162,50.601
thresh_det_0.20,477,5,12704828,41.78,45.206,0.192,45.398
thresh_det_0.20,478,5,12704859,54.444,57.197,0.155,57.352
thresh_det_0.20,479,5,12704890,64.239,67.702,3.142,70.844
thresh_det_0.20,480,5,12704921,76.054,79.397,0.166,79.563
thresh_det_0.20,482,5,12705000,52.416,56.009,0.16,56.168
thresh_det_0.20,483,5,12705031,54.764,59.681,0.112,59.793
thresh_det_0.20,484,5,12705062,58.533,61.938,0.182,62.12
thresh_det_0.20,485,5,12705109,62.873,66.653,0.116,66.769
thresh_det_0.20,486,5,12705140,70.135,73.605,0.156,73.761
thresh_det_0.20,488,5,12705203,29.98,33.485,0.164,33.648
thresh_det_0.20,489,5,12705234,46.195,52.11,0.156,52.266
thresh_det_0.20,490,5,12705265,56.974,60.512,0.166,60.679
thresh_det_0.20,491,5,12705312,53.532,56.976,0.168,57.144
thresh_det_0.20,492,5,12705343,66.355,69.062,1.335,70.397
thresh_det_0.20,493,5,12705375,77.352,81.487,0.193,81.679
thresh_det_0.20,495,5,12705437,51.419,56.008,0.117,56.125
thresh_det_0.20,496,5,12705484,42.471,46.168,3.306,49.474
thresh_det_0.20,497,5,12705515,57.39,60.088,0.158,60.246
thresh_det_0.20,498,5,12705546,53.028,57.23,0.23,57.46
thresh_det_0.20,499,5,12705578,57.567,60.117,0.111,60.229
thresh_det_0.20,500,6,12705609,49.42,52.946,0.085,53.031
thresh_det_0.20,501,6,12705640,39.999,42.691,0.063,42.754
thresh_det_0.20,502,6,12705671,53.036,56.689,0.065,56.755
thresh_det_0.20,503,6,12705718,56.259,59.039,0.05,59.089
thresh_det_0.20,504,6,12705750,51.814,55.085,0.1,55.186
thresh_det_0.20,505,6,12705781,62.587,65.533,0.199,65.731
thresh_det_0.20,506,6,12705812,77.894,82.076,0.149,82.225
thresh_det_0.20,508,6,12705890,71.68,75.588,0.163,75.751
thresh_det_0.20,510,6,12705953,67.397,71.254,0.197,71.45
thresh_det_0.20,511,6,12705984,92.455,95.884,0.121,96.005
thresh_det_0.20,513,6,12706062,79.662,82.875,0.178,83.053
thresh_det_0.20,515,6,12706125,73.555,77.304,0.085,77.389
thresh_det_0.20,517,6,12706187,47.981,51.366,0.165,51.531
thresh_det_0.20,518,6,12706234,80.231,83.867,0.172,84.039
thresh_det_0.20,520,6,12706296,78.156,81.5,0.082,81.581
thresh_det_0.20,522,6,12706359,42.656,46.979,0.071,47.051
thresh_det_0.20,523,6,12706390,55.659,58.829,0.159,58.988
thresh_det_0.20,524,6,12706437,50.647,54.916,1.777,56.693
thresh_det_0.20,525,6,12706468,85.812,89.277,2.187,91.464
thresh_det_0.20,527,6,12706531,81.484,86.294,0.072,86.365
thresh_det_0.20,529,6,12706609,54.979,58.304,0.156,58.46
thresh_det_0.20,530,6,12706640,87.466,91.521,2.746,94.267
thresh_det_0.20,532,6,12706703,75.894,79.476,0.198,79.674
thresh_det_0.20,534,6,12706781,50.171,53.486,1.84,55.326
thresh_det_0.20,535,6,12706812,34.314,38.865,1.587,40.451
thresh_det_0.20,536,6,12706843,68.885,71.498,0.187,71.686
thresh_det_0.20,537,6,12706875,76.466,81.648,0.066,81.714
thresh_det_0.20,539,6,12706953,52.99,57.604,1.843,59.447
thresh_det_0.20,540,6,12706984,66.141,69.517,0.168,69.685
thresh_det_0.20,541,6,12707015,60.526,64.545,0.161,64.705
thresh_det_0.20,542,6,12707046,61.456,65.448,0.169,65.617
thresh_det_0.20,543,6,12707078,95.174,97.983,0.178,98.161
thresh_det_0.20,545,6,12707156,67.024,70.473,0.082,70.555
thresh_det_0.20,546,6,12707187,77.995,81.526,0.226,81.752
thresh_det_0.20,548,6,12707250,61.849,65.94,1.69,67.63
thresh_det_0.20,549,6,12707281,78.816,82.845,0.163,83.008
thresh_det_0.20,551,6,12707359,48.312,53.175,0.077,53.253
thresh_det_0.20,552,6,12707390,61.527,65.815,1.677,67.493
thresh_det_0.20,553,6,12707437,65.553,69.771,0.267,70.037
thresh_det_0.20,554,6,12707468,73.463,78.303,0.161,78.464
thresh_det_0.20,556,6,12707531,56.217,59.678,0.151,59.829
thresh_det_0.20,557,6,12707562,86.564,90.667,0.097,90.764
thresh_det_0.20,559,6,12707640,59.95,64.056,0.073,64.129
thresh_det_0.20,560,6,12707671,61.659,65.452,0.101,65.552
thresh_det_0.20,561,6,12707703,61.645,66.617,0.201,66.818
thresh_det_0.20,562,6,12707734,91.53,94.517,0.143,94.66
thresh_det_0.20,564,6,12707812,76.144,79.669,0.158,79.827
thresh_det_0.20,566,6,12707875,52.523,55.902,2.328,58.23
thresh_det_0.20,567,6,12707906,66.261,69.007,0.155,69.162
thresh_det_0.20,568,6,12707937,60.712,64.917,0.16,65.076
thresh_det_0.20,569,6,12707984,62.044,65.679,0.077,65.757
thresh_det_0.20,570,6,12708015,52.104,54.866,0.658,55.524
thresh_det_0.20,571,6,12708046,63.662,68.207,0.152,68.359
thresh_det_0.20,572,6,12708078,92.941,97.381,0.153,97.534
thresh_det_0.20,574,6,12708156,88.221,91.785,0.152,91.937
thresh_det_0.20,576,6,12708218,69.133,72.346,0.154,72.5
thresh_det_0.20,578,6,12708281,36.925,40.926,2.668,43.594
thresh_det_0.20,579,6,12708312,50.893,53.679,2.952,56.631
thresh_det_0.20,580,6,12708359,27.321,31.491,0.065,31.557
thresh_det_0.20,581,6,12708390,66.405,69.055,0.171,69.226
thresh_det_0.20,582,6,12708421,81.573,85.815,0.193,86.008
thresh_det_0.20,584,6,12708484,81.722,84.954,1.66,86.614
thresh_det_0.20,586,6,12708562,64.566,69.023,1.931,70.954
thresh_det_0.20,587,6,12708593,73.278,77.87,0.069,77.939
thresh_det_0.20,589,6,12708656,35.45,38.851,0.142,38.993
thresh_det_0.20,590,6,12708703,43.968,46.935,0.073,47.008
thresh_det_0.20,591,6,12708734,24.396,27.871,0.054,27.926
thresh_det_0.20,592,6,12708765,24.523,27.17,0.057,27.227
thresh_det_0.20,593,6,12708796,33.181,36.585,0.057,36.642
thresh_det_0.20,594,6,12708828,43.4,46.27,0.068,46.338
thresh_det_0.20,595,6,12708859,31.354,35.013,0.053,35.066
thresh_det_0.20,596,6,12708890,43.459,45.996,0.163,46.159
thresh_det_0.20,597,6,12708937,73.253,76.704,0.148,76.852
thresh_det_0.20,599,6,12709000,62.955,66.49,0.159,66.649
thresh_det_0.20,600,7,12709031,73.114,77.119,1.814,78.933
thresh_det_0.20,602,7,12709109,71.491,74.333,0.194,74.526
thresh_det_0.20,604,7,12709171,50.972,54.952,0.248,55.2
thresh_det_0.20,605,7,12709218,52.474,55.929,0.217,56.147
thresh_det_0.20,606,7,12709250,61.239,64.741,0.202,64.943
thresh_det_0.20,607,7,12709281,58.749,62.605,0.256,62.861
thresh_det_0.20,608,7,12709312,54.845,58.528,1.586,60.114
thresh_det_0.20,609,7,12709343,62.86,66.104,0.884,66.988
thresh_det_0.20,610,7,12709375,62.389,66.652,0.203,66.855
thresh_det_0.20,611,7,12709421,57.214,62.053,0.138,62.191
thresh_det_0.20,612,7,12709453,49.82,53.816,0.272,54.088
thresh_det_0.20,613,7,12709484,55.679,58.667,0.236,58.903
thresh_det_0.20,614,7,12709515,51.231,55.211,0.206,55.417
thresh_det_0.20,615,7,12709546,61.549,64.334,0.241,64.575
thresh_det_0.20,616,7,12709578,66.722,70.56,0.366,70.926
thresh_det_0.20,617,7,12709625,64.206,67.692,2.74,70.431
thresh_det_0.20,618,7,12709656,73.927,77.513,0.214,77.726
thresh_det_0.20,620,7,12709718,28.819,32.181,0.14,32.321
thresh_det_0.20,621,7,12709750,42.166,47.966,0.198,48.164
thresh_det_0.20,622,7,12709781,49.534,53.173,1.616,54.789
thresh_det_0.20,623,7,12709828,60.189,63.677,1.628,65.305
thresh_det_0.20,624,7,12709859,65.501,69.364,0.238,69.602
thresh_det_0.20,625,7,12709890,63.785,67.324,0.202,67.526
thresh_det_0.20,626,7,12709921,66.76,70.894,0.188,71.082
thresh_det_0.20,627,7,12709953,84.218,87.505,0.216,87.722
thresh_det_0.20,629,7,12710031,58.415,63.544,0.883,64.427
thresh_det_0.20,630,7,12710062,49.366,53.064,0.281,53.345
thresh_det_0.20,631,7,12710093,56.114,59.255,1.621,60.876
thresh_det_0.20,632,7,12710125,65.352,69.318,0.268,69.586
thresh_det_0.20,633,7,12710156,83.899,87.532,1.69,89.222
thresh_det_0.20,635,7,12710234,50.433,55.043,0.301,55.343
thresh_det_0.20,636,7,12710265,49.756,53.286,0.257,53.543
thresh_det_0.20,637,7,12710296,55.122,58.452,1.62,60.072
thresh_det_0.20,638,7,12710343,61.694,65.629,0.222,65.851
thresh_det_0.20,639,7,12710375,62.689,66.359,0.196,66.555
thresh_det_0.20,640,7,12710406,59.567,63.0,0.207,63.207
thresh_det_0.20,641,7,12710437,65.024,68.059,1.639,69.698
thresh_det_0.20,642,7,12710468,71.9,75.502,0.193,75.695
thresh_det_0.20,644,7,12710546,28.47,32.521,0.133,32.654
thresh_det_0.20,645,7,12710578,43.056,45.685,0.201,45.886
thresh_det_0.20,646,7,12710609,45.72,50.001,0.317,50.318
thresh_det_0.20,647,7,12710640,38.029,41.442,0.213,41.655
thresh_det_0.20,648,7,12710671,48.439,51.205,1.491,52.696
thresh_det_0.20,649,7,12710718,54.672,58.67,0.193,58.862
thresh_det_0.20,650,7,12710750,51.419,55.386,1.581,56.967
thresh_det_0.20,651,7,12710781,53.142,58.305,0.198,58.504
thresh_det_0.20,652,7,12710812,44.887,48.139,1.646,49.785
thresh_det_0.20,653,7,12710843,53.948,57.501,1.618,59.118
thresh_det_0.20,654,7,12710890,50.424,54.335,1.704,56.039
thresh_det_0.20,655,7,12710921,61.402,64.498,1.626,66.124
thresh_det_0.20,656,7,12710953,70.874,74.745,0.194,74.94
thresh_det_0.20,658,7,12711015,41.975,46.02,0.2,46.22
thresh_det_0.20,659,7,12711046,51.224,54.527,0.238,54.764
thresh_det_0.20,660,7,12711093,54.155,58.163,0.208,58.371
thresh_det_0.20,661,7,12711125,52.227,55.6,0.23,55.831
thresh_det_0.20,662,7,12711156,64.592,67.404,0.227,67.631
thresh_det_0.20,663,7,12711187,64.98,68.668,0.806,69.474
thresh_det_0.20,664,7,12711218,71.807,75.377,0.199,75.576
thresh_det_0.20,666,7,12711296,29.873,33.246,0.132,33.378
thresh_det_0.20,667,7,12711328,42.216,45.063,1.627,46.69
thresh_det_0.20,668,7,12711359,49.22,53.069,0.195,53.264
thresh_det_0.20,669,7,12711390,40.763,44.249,0.196,44.445
thresh_det_0.20,670,7,12711421,46.225,48.806,0.191,48.996
thresh_det_0.20,671,7,12711468,53.026,57.017,0.242,57.259
thresh_det_0.20,672,7,12711500,57.102,61.159,0.137,61.295
thresh_det_0.20,673,7,12711531,52.674,56.567,0.289,56.856
thresh_det_0.20,674,7,12711562,59.916,63.646,0.196,63.843
thresh_det_0.20,675,7,12711593,71.651,75.673,0.196,75.869
thresh_det_0.20,677,7,12711671,40.605,44.594,0.245,44.839
thresh_det_0.20,678,7,12711703,28.953,33.015,0.152,33.167
thresh_det_0.20,679,7,12711734,39.521,42.23,0.296,42.526
thresh_det_0.20,680,7,12711765,32.994,36.415,0.194,36.609
thresh_det_0.20,681,7,12711796,39.976,43.067,0.262,43.329
thresh_det_0.20,682,7,12711828,28.112,32.028,0.137,32.165
thresh_det_0.20,683,7,12711875,40.626,43.33,0.195,43.526
thresh_det_0.20,684,7,12711906,52.254,55.651,0.195,55.846
thresh_det_0.20,685,7,12711937,49.538,56.538,0.301,56.838
thresh_det_0.20,686,7,12711968,63.4,66.86,0.26,67.12
thresh_det_0.20,687,7,12712000,63.438,66.807,2.058,68.865
thresh_det_0.20,688,7,12712031,71.923,76.388,0.189,76.577
thresh_det_0.20,690,7,12712109,40.353,44.391,0.199,44.59
thresh_det_0.20,691,7,12712140,51.032,54.986,0.203,55.189
thresh_det_0.20,692,7,12712171,56.795,60.561,1.593,62.154
thresh_det_0.20,693,7,12712218,65.653,69.245,0.269,69.514
thresh_det_0.20,694,7,12712250,75.267,79.252,0.197,79.449
thresh_det_0.20,696,7,12712312,41.768,45.646,0.203,45.849
thresh_det_0.20,697,7,12712359,50.388,53.794,0.199,53.993
thresh_det_0.20,698,7,12712390,51.948,56.11,0.204,56.314
thresh_det_0.20,699,7,12712421,58.387,61.755,0.205,61.96
thresh_det_0.20,700,8,12712453,61.78,65.267,0.082,65.349
thresh_det_0.20,701,8,12712484,61.904,65.738,2.083,67.821
thresh_det_0.20,702,8,12712515,93.286,96.033,0.15,96.183
thresh_det_0.20,704,8,12712593,73.581,78.026,0.158,78.183
thresh_det_0.20,706,8,12712656,70.921,73.77,0.155,73.925
thresh_det_0.20,708,8,12712734,55.141,59.086,3.289,62.375
thresh_det_0.20,709,8,12712765,68.35,71.381,0.169,71.551
thresh_det_0.20,711,8,12712828,63.977,66.403,0.163,66.565
thresh_det_0.20,712,8,12712859,94.632,98.033,2.776,100.81
thresh_det_0.20,714,8,12712937,87.104,92.11,0.176,92.285
thresh_det_0.20,716,8,12713000,82.072,86.144,0.738,86.882
thresh_det_0.20,718,8,12713078,61.256,68.245,1.498,69.743
thresh_det_0.20,719,8,12713109,97.305,100.347,0.778,101.125
thresh_det_0.20,721,8,12713171,96.22,99.965,0.168,100.133
thresh_det_0.20,723,8,12713234,91.529,95.457,1.864,97.32
thresh_det_0.20,725,8,12713312,91.69,95.28,0.146,95.426
thresh_det_0.20,727,8,12713375,90.28,93.891,0.158,94.048
thresh_det_0.20,729,8,12713453,68.245,73.42,1.511,74.931
thresh_det_0.20,731,8,12713515,66.137,68.907,0.212,69.119
thresh_det_0.20,732,8,12713546,81.886,85.528,0.156,85.683
thresh_det_0.20,734,8,12713609,78.274,81.478,1.106,82.585
thresh_det_0.20,736,8,12713687,62.806,67.041,3.577,70.618
thresh_det_0.20,737,8,12713718,96.55,100.303,0.154,100.457
thresh_det_0.20,739,8,12713796,74.95,78.713,0.16,78.873
thresh_det_0.20,741,8,12713859,71.508,74.275,0.165,74.44
thresh_det_0.20,743,8,12713921,68.815,72.474,0.146,72.62
thresh_det_0.20,745,8,12714000,56.071,59.985,0.137,60.122
thresh_det_0.20,746,8,12714031,67.46,71.37,0.197,71.567
thresh_det_0.20,748,8,12714093,67.527,70.729,0.2,70.929
thresh_det_0.20,749,8,12714125,93.479,97.761,0.11,97.87
thresh_det_0.20,751,8,12714203,81.638,85.159,0.183,85.342
thresh_det_0.20,753,8,12714265,79.025,82.325,0.225,82.55
thresh_det_0.20,755,8,12714328,76.051,80.077,0.164,80.24
thresh_det_0.20,757,8,12714406,72.949,76.344,0.174,76.517
thresh_det_0.20,759,8,12714468,65.697,69.101,0.164,69.265
thresh_det_0.20,760,8,12714500,96.461,99.687,0.157,99.844
thresh_det_0.20,762,8,12714562,91.634,95.027,2.721,97.749
thresh_det_0.20,764,8,12714640,87.879,91.365,0.168,91.533
thresh_det_0.20,766,8,12714703,83.503,86.886,0.165,87.05
thresh_det_0.20,768,8,12714765,77.59,81.01,0.17,81.18
thresh_det_0.20,770,8,12714843,76.573,80.031,0.199,80.23
thresh_det_0.20,772,8,12714906,73.826,77.75,0.178,77.927
thresh_det_0.20,774,8,12714968,87.018,91.163,0.198,91.361
thresh_det_0.20,775,8,12715015,114.753,118.822,0.167,118.989
thresh_det_0.20,777,8,12715093,87.683,91.214,0.182,91.396
thresh_det_0.20,779,8,12715156,81.617,85.215,0.163,85.379
thresh_det_0.20,781,8,12715234,80.1,84.17,0.201,84.371
thresh_det_0.20,783,8,12715296,78.633,82.58,2.014,84.594
thresh_det_0.20,785,8,12715375,55.435,59.402,0.161,59.563
thresh_det_0.20,786,8,12715406,87.84,90.527,0.342,90.869
thresh_det_0.20,788,8,12715468,73.991,77.784,0.162,77.946
thresh_det_0.20,790,8,12715546,71.428,74.969,0.171,75.14
thresh_det_0.20,792,8,12715609,70.762,74.301,0.144,74.445
thresh_det_0.20,794,8,12715671,62.634,66.182,1.319,67.501
thresh_det_0.20,795,8,12715718,92.173,95.372,0.149,95.521
thresh_det_0.20,797,8,12715781,86.894,90.026,0.156,90.181
thresh_det_0.20,799,8,12715843,84.648,88.391,0.304,88.696
thresh_det_0.35,0,1,12716265,25.738,43.536,0.059,43.595
thresh_det_0.35,1,1,12716281,29.226,32.559,0.072,32.63
thresh_det_0.35,2,1,12716312,23.737,26.944,0.06,27.003
thresh_det_0.35,3,1,12716343,23.444,25.967,0.055,26.023
thresh_det_0.35,4,1,12716390,23.161,26.588,0.056,26.644
thresh_det_0.35,5,1,12716421,23.553,26.3,0.108,26.408
thresh_det_0.35,6,1,12716453,23.212,26.532,0.146,26.678
thresh_det_0.35,7,1,12716484,23.492,27.257,0.056,27.312
thresh_det_0.35,8,1,12716515,24.325,28.234,0.061,28.295
thresh_det_0.35,9,1,12716546,24.183,27.156,0.088,27.244
thresh_det_0.35,10,1,12716593,23.344,26.52,0.095,26.615
thresh_det_0.35,11,1,12716625,23.324,25.833,0.096,25.929
thresh_det_0.35,12,1,12716656,24.354,27.642,0.093,27.735
thresh_det_0.35,13,1,12716687,23.405,26.227,0.097,26.323
thresh_det_0.35,14,1,12716718,23.835,26.301,0.129,26.43
thresh_det_0.35,15,1,12716765,24.334,28.2,0.092,28.292
thresh_det_0.35,16,1,12716796,23.925,26.923,0.083,27.006
thresh_det_0.35,17,1,12716828,23.08,25.574,0.056,25.631
thresh_det_0.35,18,1,12716859,21.761,25.221,0.069,25.29
thresh_det_0.35,19,1,12716890,24.506,27.101,0.097,27.197
thresh_det_0.35,20,1,12716921,23.174,26.914,0.094,27.008
thresh_det_0.35,21,1,12716953,23.861,26.603,0.062,26.664
thresh_det_0.35,22,1,12717000,24.139,27.346,0.063,27.409
thresh_det_0.35,23,1,12717031,23.051,26.102,0.058,26.16
thresh_det_0.35,24,1,12717062,23.234,26.564,0.113,26.677
thresh_det_0.35,25,1,12717093,22.87,28.538,0.056,28.594
thresh_det_0.35,26,1,12717125,23.133,25.868,0.058,25.927
thresh_det_0.35,27,1,12717156,24.409,27.627,0.066,27.693
thresh_det_0.35,28,1,12717187,24.333,27.33,0.061,27.391
thresh_det_0.35,29,1,12717234,23.467,27.275,0.056,27.331
thresh_det_0.35,30,1,12717265,23.279,26.094,0.058,26.152
thresh_det_0.35,31,1,12717296,19.634,22.936,0.079,23.015
thresh_det_0.35,32,1,12717328,24.659,27.23,0.057,27.287
thresh_det_0.35,33,1,12717359,23.216,26.599,0.058,26.657
thresh_det_0.35,34,1,12717406,24.439,27.504,0.147,27.651
thresh_det_0.35,35,1,12717437,24.473,28.318,0.091,28.409
thresh_det_0.35,36,1,12717468,23.403,26.011,0.085,26.096
thresh_det_0.35,37,1,12717500,23.087,26.41,0.096,26.506
thresh_det_0.35,38,1,12717531,23.305,25.791,0.057,25.848
thresh_det_0.35,39,1,12717562,23.199,26.68,0.057,26.738
thresh_det_0.35,40,1,12717609,24.47,28.224,0.11,28.334
thresh_det_0.35,41,1,12717640,22.641,26.47,0.08,26.55
thresh_det_0.35,42,1,12717671,24.032,27.223,0.056,27.28
thresh_det_0.35,43,1,12717703,23.311,26.343,0.056,26.4
thresh_det_0.35,44,1,12717734,23.488,26.745,0.057,26.802
thresh_det_0.35,45,1,12717765,23.252,25.946,0.096,26.042
thresh_det_0.35,46,1,12717796,20.913,24.652,0.076,24.728
thresh_det_0.35,47,1,12717843,23.752,26.303,0.055,26.358
thresh_det_0.35,48,1,12717875,23.362,26.525,0.057,26.582
thresh_det_0.35,49,1,12717906,23.295,28.939,0.059,28.998
thresh_det_0.35,50,1,12717937,23.203,26.544,0.095,26.638
thresh_det_0.35,51,1,12717968,23.53,26.0,0.096,26.096
thresh_det_0.35,52,1,12718000,23.419,26.722,0.216,26.938
thresh_det_0.35,53,1,12718046,23.272,27.164,0.053,27.217
thresh_det_0.35,54,1,12718078,24.392,27.202,0.076,27.278
thresh_det_0.35,55,1,12718109,23.148,25.974,0.108,26.082
thresh_det_0.35,56,1,12718140,23.34,27.133,0.09,27.223
thresh_det_0.35,57,1,12718171,24.08,26.911,0.066,26.977
thresh_det_0.35,58,1,12718203,30.537,33.763,0.098,33.861
thresh_det_0.35,59,1,12718234,23.523,26.592,0.055,26.647
thresh_det_0.35,60,1,12718281,23.535,26.292,0.055,26.347
thresh_det_0.35,61,1,12718312,23.321,26.53,0.096,26.626
thresh_det_0.35,62,1,12718343,23.738,26.259,0.051,26.31
thresh_det_0.35,63,1,12718375,23.251,27.259,0.093,27.351
thresh_det_0.35,64,1,12718406,24.259,27.24,0.071,27.311
thresh_det_0.35,65,1,12718437,23.262,26.439,0.056,26.495
thresh_det_0.35,66,1,12718484,23.323,26.041,0.095,26.136
thresh_det_0.35,67,1,12718515,26.294,30.115,0.106,30.222
thresh_det_0.35,68,1,12718546,25.123,27.727,0.056,27.783
thresh_det_0.35,69,1,12718578,23.344,26.596,0.041,26.637
thresh_det_0.35,70,1,12718609,23.244,25.967,0.057,26.024
thresh_det_0.35,71,1,12718640,23.204,26.51,0.093,26.604
thresh_det_0.35,72,1,12718687,23.791,27.657,0.095,27.751
thresh_det_0.35,73,1,12718718,23.462,26.6,0.095,26.696
thresh_det_0.35,74,1,12718750,21.104,25.059,0.056,25.115
thresh_det_0.35,75,1,12718781,22.985,25.689,0.056,25.745
thresh_det_0.35,76,1,12718812,23.271,26.53,0.059,26.589
thresh_det_0.35,77,1,12718843,23.374,26.213,0.097,26.31
thresh_det_0.35,78,1,12718890,23.248,27.266,0.055,27.32
thresh_det_0.35,79,1,12718921,23.355,26.623,0.053,26.676
thresh_det_0.35,80,1,12718953,23.512,26.216,0.094,26.31
thresh_det_0.35,81,1,12718984,24.758,27.61,0.056,27.666
thresh_det_0.35,82,1,12719015,23.576,26.803,0.096,26.899
thresh_det_0.35,83,1,12719046,24.547,27.292,0.056,27.348
thresh_det_0.35,84,1,12719093,23.735,27.062,0.056,27.118
thresh_det_0.35,85,1,12719125,23.227,26.468,0.073,26.541
thresh_det_0.35,86,1,12719156,23.951,26.766,0.057,26.822
thresh_det_0.35,87,1,12719187,23.577,27.726,0.057,27.784
thresh_det_0.35,88,1,12719218,23.201,26.999,0.056,27.055
thresh_det_0.35,89,1,12719250,23.3,26.727,0.057,26.785
thresh_det_0.35,90,1,12719296,24.159,27.549,0.059,27.608
thresh_det_0.35,91,1,12719328,31.25,34.986,0.075,35.061
thresh_det_0.35,92,1,12719375,28.761,32.09,0.075,32.165
thresh_det_0.35,93,1,12719406,23.263,26.784,0.06,26.844
thresh_det_0.35,94,1,12719437,23.367,25.999,0.057,26.056
thresh_det_0.35,95,1,12719468,23.191,26.443,0.095,26.538
thresh_det_0.35,96,1,12719500,23.209,26.989,0.075,27.063
thresh_det_0.35,97,1,12719546,23.399,27.441,0.136,27.577
thresh_det_0.35,98,1,12719578,22.456,26.424,0.125,26.549
thresh_det_0.35,99,1,12719609,23.405,25.995,0.057,26.052
thresh_det_0.35,100,2,12719640,60.165,63.542,0.196,63.738
thresh_det_0.35,101,2,12719671,80.804,84.184,0.154,84.339
thresh_det_0.35,103,2,12719750,66.377,70.416,0.344,70.76
thresh_det_0.35,104,2,12719781,90.537,94.007,1.689,95.696
thresh_det_0.35,106,2,12719843,89.734,93.053,0.181,93.234
thresh_det_0.35,108,2,12719906,68.125,71.557,0.143,71.7
thresh_det_0.35,110,2,12719984,64.598,67.324,0.166,67.49
thresh_det_0.35,111,2,12720015,92.046,96.237,0.145,96.381
thresh_det_0.35,113,2,12720078,67.396,70.857,0.178,71.035
thresh_det_0.35,114,2,12720109,110.275,113.811,0.158,113.97
thresh_det_0.35,117,2,12720218,68.786,72.591,0.142,72.734
thresh_det_0.35,119,2,12720281,59.167,63.264,0.15,63.414
thresh_det_0.35,120,2,12720328,87.229,91.21,0.173,91.383
thresh_det_0.35,122,2,12720390,88.542,92.814,1.316,94.129
thresh_det_0.35,124,2,12720453,67.717,71.612,0.292,71.904
thresh_det_0.35,125,2,12720484,88.798,91.642,0.213,91.855
thresh_det_0.35,127,2,12720562,79.679,82.421,0.214,82.635
thresh_det_0.35,129,2,12720625,66.701,70.004,0.177,70.181
thresh_det_0.35,130,2,12720656,90.522,94.494,0.119,94.613
thresh_det_0.35,132,2,12720734,73.149,76.341,0.17,76.511
thresh_det_0.35,134,2,12720796,63.57,66.966,0.162,67.129
thresh_det_0.35,135,2,12720828,96.235,100.34,0.176,100.515
thresh_det_0.35,137,2,12720890,82.358,86.832,0.177,87.009
thresh_det_0.35,139,2,12720968,63.866,66.904,0.122,67.026
thresh_det_0.35,140,2,12721000,85.597,88.976,0.159,89.135
thresh_det_0.35,142,2,12721062,66.077,70.483,0.143,70.626
thresh_det_0.35,144,2,12721140,63.202,65.825,0.195,66.02
thresh_det_0.35,145,2,12721171,92.611,97.429,0.151,97.58
thresh_det_0.35,147,2,12721234,87.805,91.828,0.167,91.995
thresh_det_0.35,149,2,12721296,86.259,90.134,0.145,90.28
thresh_det_0.35,151,2,12721375,86.569,90.217,0.202,90.419
thresh_det_0.35,153,2,12721437,84.0,88.215,0.166,88.381
thresh_det_0.35,155,2,12721515,70.123,74.054,0.161,74.215
thresh_det_0.35,157,2,12721578,66.558,70.111,0.193,70.304
thresh_det_0.35,158,2,12721625,81.623,85.684,0.156,85.84
thresh_det_0.35,160,2,12721687,77.412,80.519,0.198,80.717
thresh_det_0.35,162,2,12721750,72.55,76.013,0.172,76.185
thresh_det_0.35,164,2,12721828,72.665,75.984,0.145,76.129
thresh_det_0.35,166,2,12721890,60.376,63.719,0.105,63.824
thresh_det_0.35,167,2,12721921,84.424,87.884,0.152,88.036
thresh_det_0.35,169,2,12722000,71.924,77.266,0.57,77.836
thresh_det_0.35,171,2,12722062,58.821,63.444,0.229,63.673
thresh_det_0.35,172,2,12722093,97.184,100.87,0.161,101.031
thresh_det_0.35,174,2,12722156,91.62,95.535,0.247,95.782
thresh_det_0.35,176,2,12722234,90.727,94.771,0.205,94.976
thresh_det_0.35,178,2,12722296,71.649,75.544,0.194,75.738
thresh_det_0.35,180,2,12722375,57.189,60.705,0.209,60.914
thresh_det_0.35,181,2,12722406,70.976,73.832,0.149,73.981
thresh_det_0.35,183,2,12722468,65.892,68.559,2.15,70.709
thresh_det_0.35,184,2,12722500,99.726,103.275,0.151,103.425
thresh_det_0.35,186,2,12722578,87.978,96.057,0.218,96.275
thresh_det_0.35,188,2,12722640,87.386,91.291,0.159,91.451
thresh_det_0.35,190,2,12722718,66.857,71.109,0.141,71.249
thresh_det_0.35,192,2,12722781,63.85,66.64,0.24,66.88
thresh_det_0.35,193,2,12722812,91.668,95.301,1.076,96.377
thresh_det_0.35,195,2,12722890,88.651,92.173,2.772,94.945
thresh_det_0.35,197,2,12722953,92.689,96.794,0.219,97.014
thresh_det_0.35,199,2,12723015,88.226,92.186,0.217,92.404
thresh_det_0.35,201,3,12723093,84.349,88.422,0.072,88.494
thresh_det_0.35,203,3,12723156,58.693,62.618,0.139,62.757
thresh_det_0.35,204,3,12723187,73.064,76.447,0.06,76.507
thresh_det_0.35,206,3,12723265,50.021,53.581,0.067,53.648
thresh_det_0.35,207,3,12723296,53.189,57.865,0.065,57.929
thresh_det_0.35,208,3,12723328,47.602,50.991,0.097,51.088
thresh_det_0.35,209,3,12723359,58.334,61.282,0.109,61.391
thresh_det_0.35,210,3,12723390,74.057,77.526,0.069,77.595
thresh_det_0.35,212,3,12723468,49.817,54.152,0.066,54.218
thresh_det_0.35,213,3,12723500,62.898,67.373,3.216,70.589
thresh_det_0.35,214,3,12723531,76.965,81.041,2.583,83.624
thresh_det_0.35,216,3,12723609,48.951,53.045,0.061,53.106
thresh_det_0.35,217,3,12723640,38.68,42.255,0.139,42.394
thresh_det_0.35,218,3,12723671,48.495,51.394,0.066,51.459
thresh_det_0.35,219,3,12723703,57.081,60.616,0.065,60.681
thresh_det_0.35,220,3,12723734,67.444,70.818,0.064,70.882
thresh_det_0.35,221,3,12723781,75.552,79.077,0.066,79.143
thresh_det_0.35,223,3,12723843,54.292,57.774,0.108,57.882
thresh_det_0.35,224,3,12723875,57.148,61.223,0.055,61.278
thresh_det_0.35,225,3,12723906,70.081,73.53,0.051,73.581
thresh_det_0.35,227,3,12723984,43.935,47.532,0.155,47.686
thresh_det_0.35,228,3,12724015,38.642,42.151,0.219,42.37
thresh_det_0.35,229,3,12724046,48.363,51.192,0.198,51.39
thresh_det_0.35,230,3,12724078,53.038,56.407,0.198,56.605
thresh_det_0.35,231,3,12724109,63.144,65.845,0.246,66.091
thresh_det_0.35,232,3,12724140,83.458,86.935,2.362,89.298
thresh_det_0.35,234,3,12724218,61.32,65.123,0.197,65.321
thresh_det_0.35,235,3,12724250,61.218,64.714,0.155,64.869
thresh_det_0.35,236,3,12724281,90.847,94.903,0.209,95.112
thresh_det_0.35,238,3,12724359,64.16,68.47,0.176,68.646
thresh_det_0.35,239,3,12724390,75.794,79.749,0.162,79.911
thresh_det_0.35,241,3,12724453,53.143,56.509,0.165,56.674
thresh_det_0.35,242,3,12724484,65.998,69.659,0.369,70.028
thresh_det_0.35,243,3,12724515,75.918,79.85,0.166,80.016
thresh_det_0.35,245,3,12724593,51.126,55.135,0.16,55.296
thresh_det_0.35,246,3,12724625,62.819,66.954,0.168,67.122
thresh_det_0.35,247,3,12724656,70.795,75.602,0.147,75.749
thresh_det_0.35,249,3,12724718,41.473,44.926,0.429,45.355
thresh_det_0.35,250,3,12724765,51.083,54.2,0.201,54.401
thresh_det_0.35,251,3,12724796,40.41,44.023,0.168,44.191
thresh_det_0.35,252,3,12724828,52.422,55.271,0.165,55.437
thresh_det_0.35,253,3,12724859,59.754,63.27,0.156,63.425
thresh_det_0.35,254,3,12724890,68.111,72.345,0.146,72.491
thresh_det_0.35,256,3,12724968,45.29,49.284,0.573,49.857
thresh_det_0.35,257,3,12725000,55.268,58.978,0.162,59.14
thresh_det_0.35,258,3,12725031,52.944,56.334,0.245,56.578
thresh_det_0.35,259,3,12725062,63.03,65.741,2.125,67.866
thresh_det_0.35,260,3,12725093,73.06,76.514,0.151,76.664
thresh_det_0.35,262,3,12725171,47.926,51.253,0.186,51.439
thresh_det_0.35,263,3,12725203,56.378,60.225,0.168,60.393
thresh_det_0.35,264,3,12725234,65.63,69.623,0.208,69.831
thresh_det_0.35,265,3,12725265,77.373,80.668,0.153,80.821
thresh_det_0.35,267,3,12725343,51.447,54.78,0.16,54.94
thresh_det_0.35,268,3,12725375,62.93,66.84,0.188,67.029
thresh_det_0.35,269,3,12725406,75.359,79.299,1.844,81.142
thresh_det_0.35,271,3,12725468,52.754,56.829,0.153,56.983
thresh_det_0.35,272,3,12725515,61.79,65.636,0.235,65.871
thresh_det_0.35,273,3,12725546,69.762,72.958,2.99,75.948
thresh_det_0.35,275,3,12725609,46.309,49.302,0.164,49.466
thresh_det_0.35,276,3,12725640,42.331,46.29,0.148,46.439
thresh_det_0.35,277,3,12725671,53.412,56.561,2.953,59.514
thresh_det_0.35,278,3,12725718,50.591,54.134,0.15,54.284
thresh_det_0.35,279,3,12725750,61.278,64.121,2.992,67.112
thresh_det_0.35,280,3,12725781,70.485,74.33,0.157,74.487
thresh_det_0.35,282,3,12725859,46.68,50.651,0.16,50.811
thresh_det_0.35,283,3,12725890,58.924,62.476,0.16,62.636
thresh_det_0.35,284,3,12725921,66.062,69.935,0.159,70.095
thresh_det_0.35,285,3,12725953,81.508,85.65,0.176,85.825
thresh_det_0.35,287,3,12726015,56.59,60.488,2.641,63.129
thresh_det_0.35,288,3,12726046,69.028,73.01,0.191,73.201
thresh_det_0.35,289,3,12726093,77.865,81.503,0.158,81.661
thresh_det_0.35,291,3,12726156,76.295,79.948,0.161,80.109
thresh_det_0.35,293,3,12726234,44.361,48.94,0.201,49.141
thresh_det_0.35,294,3,12726265,35.097,38.454,0.103,38.557
thresh_det_0.35,295,3,12726296,25.467,28.388,0.233,28.621
thresh_det_0.35,296,3,12726328,43.663,46.828,0.161,46.989
thresh_det_0.35,297,3,12726359,54.642,57.863,1.613,59.476
thresh_det_0.35,298,3,12726406,65.343,68.617,0.154,68.771
thresh_det_0.35,299,3,12726437,62.638,66.449,0.16,66.61
thresh_det_0.35,300,4,12726468,86.181,89.56,2.77,92.33
thresh_det_0.35,302,4,12726531,83.786,87.301,0.145,87.446
thresh_det_0.35,304,4,12726609,59.269,63.132,0.162,63.295
thresh_det_0.35,305,4,12726640,89.836,92.63,0.179,92.809
thresh_det_0.35,307,4,12726703,68.765,72.641,0.154,72.795
thresh_det_0.35,309,4,12726781,64.304,67.217,2.605,69.822
thresh_det_0.35,310,4,12726812,81.683,85.258,0.159,85.418
thresh_det_0.35,312,4,12726875,77.26,80.072,1.775,81.847
thresh_det_0.35,314,4,12726953,70.752,74.807,0.173,74.98
thresh_det_0.35,316,4,12727015,73.268,76.98,0.157,77.137
thresh_det_0.35,317,4,12727046,91.379,95.282,0.152,95.434
thresh_det_0.35,319,4,12727125,70.641,74.128,0.168,74.296
thresh_det_0.35,321,4,12727187,81.755,84.983,2.234,87.217
thresh_det_0.35,323,4,12727265,75.606,80.05,0.228,80.278
thresh_det_0.35,325,4,12727328,74.728,80.277,0.172,80.449
thresh_det_0.35,327,4,12727390,49.682,55.817,0.153,55.97
thresh_det_0.35,328,4,12727437,49.951,53.488,0.151,53.638
thresh_det_0.35,329,4,12727468,59.316,62.632,0.201,62.833
thresh_det_0.35,330,4,12727500,65.777,69.816,0.345,70.161
thresh_det_0.35,331,4,12727531,79.0,83.395,0.163,83.558
thresh_det_0.35,333,4,12727593,55.682,59.418,0.16,59.578
thresh_det_0.35,334,4,12727625,68.259,72.121,0.175,72.296
thresh_det_0.35,335,4,12727671,92.356,95.717,0.112,95.829
thresh_det_0.35,337,4,12727734,60.744,64.178,0.162,64.34
thresh_det_0.35,338,4,12727765,64.574,68.084,0.266,68.35
thresh_det_0.35,339,4,12727796,74.042,77.547,0.153,77.7
thresh_det_0.35,341,4,12727875,29.975,33.437,0.125,33.562
thresh_det_0.35,342,4,12727906,45.76,48.595,0.195,48.789
thresh_det_0.35,343,4,12727937,71.745,76.354,0.161,76.515
thresh_det_0.35,345,4,12728015,70.363,74.067,0.142,74.209
thresh_det_0.35,347,4,12728078,45.509,49.722,0.147,49.869
thresh_det_0.35,348,4,12728109,35.463,38.947,0.166,39.113
thresh_det_0.35,349,4,12728140,45.838,48.45,0.194,48.645
thresh_det_0.35,350,4,12728171,62.286,66.525,0.113,66.639
thresh_det_0.35,351,4,12728218,78.027,82.116,0.152,82.269
thresh_det_0.35,353,4,12728281,69.67,73.135,0.146,73.281
thresh_det_0.35,355,4,12728343,47.513,51.494,0.15,51.644
thresh_det_0.35,356,4,12728375,55.446,59.558,0.194,59.753
thresh_det_0.35,357,4,12728421,71.249,74.847,0.143,74.99
thresh_det_0.35,359,4,12728484,43.796,48.102,0.145,48.247
thresh_det_0.35,360,4,12728515,76.454,80.37,0.164,80.534
thresh_det_0.35,362,4,12728593,76.959,80.56,0.203,80.763
thresh_det_0.35,364,4,12728656,48.582,52.789,0.197,52.986
thresh_det_0.35,365,4,12728687,53.764,57.658,0.168,57.827
thresh_det_0.35,366,4,12728718,62.236,66.012,0.283,66.295
thresh_det_0.35,367,4,12728750,94.278,97.058,0.217,97.276
thresh_det_0.35,369,4,12728828,63.382,67.31,0.243,67.553
thresh_det_0.35,370,4,12728859,71.732,75.301,0.158,75.459
thresh_det_0.35,372,4,12728921,59.532,63.4,0.205,63.605
thresh_det_0.35,373,4,12728968,65.975,69.321,0.185,69.506
thresh_det_0.35,374,4,12729000,86.821,90.218,0.191,90.409
thresh_det_0.35,376,4,12729062,81.118,85.553,0.225,85.778
thresh_det_0.35,378,4,12729125,75.803,79.272,0.172,79.444
thresh_det_0.35,380,4,12729203,73.477,76.886,0.237,77.123
thresh_det_0.35,382,4,12729265,43.298,47.312,0.348,47.66
thresh_det_0.35,383,4,12729296,37.567,40.987,0.171,41.159
thresh_det_0.35,384,4,12729343,68.705,71.726,0.206,71.932
thresh_det_0.35,386,4,12729406,35.466,39.066,0.175,39.241
thresh_det_0.35,387,4,12729437,61.39,64.076,0.152,64.228
thresh_det_0.35,388,4,12729468,89.366,93.052,0.169,93.221
thresh_det_0.35,390,4,12729546,71.1,77.167,0.201,77.367
thresh_det_0.35,392,4,12729609,72.256,75.039,0.196,75.235
thresh_det_0.35,394,4,12729671,31.183,34.872,0.16,35.031
thresh_det_0.35,395,4,12729703,42.46,45.242,0.174,45.417
thresh_det_0.35,396,4,12729750,71.296,77.104,0.197,77.302
thresh_det_0.35,398,4,12729812,31.491,35.028,0.321,35.349
thresh_det_0.35,399,4,12729843,62.644,66.031,0.397,66.428
thresh_det_0.35,400,5,12729890,97.047,101.061,0.067,101.128
thresh_det_0.35,402,5,12729953,69.937,77.104,0.11,77.213
thresh_det_0.35,404,5,12730015,51.098,54.474,0.063,54.536
thresh_det_0.35,405,5,12730046,56.14,59.851,0.14,59.991
thresh_det_0.35,406,5,12730093,54.572,58.434,0.061,58.495
thresh_det_0.35,407,5,12730125,70.204,72.96,0.052,73.012
thresh_det_0.35,409,5,12730187,33.655,37.132,0.167,37.299
thresh_det_0.35,410,5,12730218,45.706,48.679,1.703,50.382
thresh_det_0.35,411,5,12730250,57.829,61.655,0.162,61.817
thresh_det_0.35,412,5,12730296,72.623,79.738,0.218,79.955
thresh_det_0.35,414,5,12730359,50.893,54.717,0.155,54.872
thresh_det_0.35,415,5,12730390,63.044,66.803,0.204,67.007
thresh_det_0.35,416,5,12730421,61.847,66.968,0.103,67.071
thresh_det_0.35,417,5,12730453,75.954,79.953,0.163,80.116
thresh_det_0.35,419,5,12730531,49.483,53.394,0.151,53.545
thresh_det_0.35,420,5,12730562,49.007,53.06,0.106,53.166
thresh_det_0.35,421,5,12730593,54.41,58.15,1.684,59.834
thresh_det_0.35,422,5,12730625,70.87,74.902,0.147,75.048
thresh_det_0.35,424,5,12730703,47.178,53.702,0.151,53.853
thresh_det_0.35,425,5,12730734,53.272,57.33,0.151,57.481
thresh_det_0.35,426,5,12730765,45.459,48.825,0.107,48.932
thresh_det_0.35,427,5,12730796,59.797,62.363,0.152,62.515
thresh_det_0.35,428,5,12730843,54.51,58.315,0.075,58.389
thresh_det_0.35,429,5,12730875,66.174,69.297,0.18,69.478
thresh_det_0.35,430,5,12730906,75.608,79.249,0.178,79.427
thresh_det_0.35,432,5,12730968,51.487,54.931,0.109,55.04
thresh_det_0.35,433,5,12731000,62.256,65.62,0.194,65.814
thresh_det_0.35,434,5,12731046,74.698,78.513,0.192,78.705
thresh_det_0.35,436,5,12731109,32.452,36.046,0.156,36.202
thresh_det_0.35,437,5,12731140,43.534,46.277,0.17,46.448
thresh_det_0.35,438,5,12731171,51.939,55.974,3.3,59.275
thresh_det_0.35,439,5,12731203,72.417,75.888,0.202,76.09
thresh_det_0.35,441,5,12731281,46.453,50.012,0.07,50.082
thresh_det_0.35,442,5,12731312,57.763,61.323,0.155,61.478
thresh_det_0.35,443,5,12731343,59.207,63.033,0.075,63.108
thresh_det_0.35,444,5,12731375,75.954,79.746,0.071,79.817
thresh_det_0.35,446,5,12731453,49.624,53.727,0.153,53.88
thresh_det_0.35,447,5,12731484,39.309,43.262,0.063,43.325
thresh_det_0.35,448,5,12731515,49.824,52.477,0.205,52.682
thresh_det_0.35,449,5,12731546,58.843,62.483,0.149,62.632
thresh_det_0.35,450,5,12731578,67.674,71.277,0.169,71.446
thresh_det_0.35,451,5,12731625,77.376,80.988,0.742,81.73
thresh_det_0.35,453,5,12731687,55.644,59.194,0.148,59.341
thresh_det_0.35,454,5,12731718,82.344,86.3,0.158,86.457
thresh_det_0.35,456,5,12731796,54.003,57.381,1.604,58.985
thresh_det_0.35,457,5,12731828,61.788,66.428,0.15,66.578
thresh_det_0.35,458,5,12731859,68.945,73.187,0.153,73.341
thresh_det_0.35,460,5,12731937,48.119,51.899,0.188,52.087
thresh_det_0.35,461,5,12731968,58.336,62.341,0.151,62.491
thresh_det_0.35,462,5,12732000,73.697,77.158,0.153,77.311
thresh_det_0.35,464,5,12732062,47.075,50.439,0.155,50.593
thresh_det_0.35,465,5,12732109,54.636,58.327,0.156,58.482
thresh_det_0.35,466,5,12732140,68.894,71.416,0.188,71.604
thresh_det_0.35,467,5,12732171,80.809,84.596,0.065,84.661
thresh_det_0.35,469,5,12732250,52.247,58.364,0.169,58.534
thresh_det_0.35,470,5,12732281,63.973,68.038,0.285,68.323
thresh_det_0.35,471,5,12732312,75.555,78.931,0.164,79.095
thresh_det_0.35,473,5,12732375,50.567,54.516,0.155,54.671
thresh_det_0.35,474,5,12732406,58.459,61.851,3.56,65.411
thresh_det_0.35,475,5,12732453,68.345,72.281,0.14,72.421
thresh_det_0.35,477,5,12732515,47.194,51.121,3.388,54.509
thresh_det_0.35,478,5,12732546,61.489,65.464,2.354,67.818
thresh_det_0.35,479,5,12732578,74.47,81.224,0.072,81.296
thresh_det_0.35,481,5,12732656,56.157,62.327,0.168,62.496
thresh_det_0.35,482,5,12732687,63.581,67.737,4.233,71.97
thresh_det_0.35,483,5,12732718,76.059,79.618,0.249,79.867
thresh_det_0.35,485,5,12732796,54.471,58.32,3.38,61.7
thresh_det_0.35,486,5,12732828,65.442,68.706,0.102,68.808
thresh_det_0.35,487,5,12732859,77.342,81.191,0.148,81.339
thresh_det_0.35,489,5,12732921,52.96,56.385,0.079,56.463
thresh_det_0.35,490,5,12732953,62.336,66.832,0.148,66.98
thresh_det_0.35,491,5,12733000,61.378,67.002,3.611,70.613
thresh_det_0.35,492,5,12733031,75.102,80.0,0.06,80.06
thresh_det_0.35,494,5,12733093,48.597,52.053,0.157,52.21
thresh_det_0.35,495,5,12733125,53.311,57.548,3.587,61.135
thresh_det_0.35,496,5,12733171,68.772,72.179,0.169,72.348
thresh_det_0.35,497,5,12733203,77.81,82.239,0.157,82.397
thresh_det_0.35,499,5,12733265,54.95,58.734,0.185,58.919
thresh_det_0.35,500,6,12733296,69.423,72.887,0.056,72.943
thresh_det_0.35,502,6,12733375,23.744,28.136,0.059,28.195
thresh_det_0.35,503,6,12733406,29.507,32.736,0.077,32.813
thresh_det_0.35,504,6,12733437,47.242,50.142,0.106,50.248
thresh_det_0.35,505,6,12733468,55.744,59.801,1.975,61.775
thresh_det_0.35,506,6,12733500,69.818,73.012,0.172,73.185
thresh_det_0.35,508,6,12733578,45.031,48.374,0.081,48.454
thresh_det_0.35,509,6,12733609,43.782,48.338,0.128,48.466
thresh_det_0.35,510,6,12733640,77.226,80.015,3.524,83.539
thresh_det_0.35,512,6,12733703,72.563,76.791,0.154,76.945
thresh_det_0.35,514,6,12733781,51.265,55.624,0.236,55.86
thresh_det_0.35,515,6,12733812,61.738,64.987,0.155,65.142
thresh_det_0.35,516,6,12733843,72.841,76.802,0.136,76.939
thresh_det_0.35,518,6,12733921,28.153,32.229,0.055,32.285
thresh_det_0.35,519,6,12733953,23.327,27.739,0.112,27.851
thresh_det_0.35,520,6,12733984,47.478,50.336,0.097,50.433
thresh_det_0.35,521,6,12734015,54.561,58.69,0.1,58.79
thresh_det_0.35,522,6,12734046,62.787,66.942,0.163,67.105
thresh_det_0.35,523,6,12734078,68.571,72.114,0.078,72.192
thresh_det_0.35,525,6,12734156,31.505,34.699,0.149,34.848
thresh_det_0.35,526,6,12734187,64.357,67.047,0.211,67.258
thresh_det_0.35,527,6,12734218,94.18,97.688,0.089,97.777
thresh_det_0.35,529,6,12734296,73.956,77.743,0.343,78.086
thresh_det_0.35,531,6,12734359,61.996,65.206,1.903,67.109
thresh_det_0.35,532,6,12734390,76.697,80.199,0.155,80.354
thresh_det_0.35,534,6,12734453,50.54,53.928,0.109,54.037
thresh_det_0.35,535,6,12734500,58.04,61.442,0.157,61.599
thresh_det_0.35,536,6,12734531,69.988,73.45,0.057,73.507
thresh_det_0.35,538,6,12734593,24.116,28.353,0.065,28.418
thresh_det_0.35,539,6,12734625,48.23,50.998,1.805,52.803
thresh_det_0.35,540,6,12734671,58.466,62.003,0.063,62.066
thresh_det_0.35,541,6,12734703,66.984,70.985,0.158,71.144
thresh_det_0.35,542,6,12734734,76.116,80.025,0.154,80.18
thresh_det_0.35,544,6,12734812,51.382,55.506,2.918,58.424
thresh_det_0.35,545,6,12734843,75.911,79.32,2.259,81.579
thresh_det_0.35,547,6,12734906,51.241,55.418,0.162,55.581
thresh_det_0.35,548,6,12734937,55.949,60.142,0.065,60.207
thresh_det_0.35,549,6,12734968,74.741,78.041,0.166,78.207
thresh_det_0.35,551,6,12735046,45.925,50.327,0.104,50.431
thresh_det_0.35,552,6,12735078,30.066,33.574,0.158,33.731
thresh_det_0.35,553,6,12735109,47.246,50.616,2.216,52.831
thresh_det_0.35,554,6,12735156,52.824,60.009,0.071,60.079
thresh_det_0.35,555,6,12735171,46.28,49.808,0.067,49.875
thresh_det_0.35,556,6,12735218,30.051,33.437,0.057,33.495
thresh_det_0.35,557,6,12735250,44.097,46.616,0.081,46.697
thresh_det_0.35,558,6,12735281,50.981,55.022,0.061,55.083
thresh_det_0.35,559,6,12735312,59.223,62.538,0.084,62.622
thresh_det_0.35,560,6,12735343,61.587,64.919,0.065,64.984
thresh_det_0.35,561,6,12735390,71.82,75.94,0.152,76.092
thresh_det_0.35,563,6,12735453,61.232,64.43,0.109,64.538
thresh_det_0.35,564,6,12735484,81.697,85.308,0.15,85.458
thresh_det_0.35,566,6,12735546,83.808,87.095,0.161,87.256
thresh_det_0.35,568,6,12735625,59.004,66.048,0.135,66.183
thresh_det_0.35,569,6,12735656,58.831,62.386,0.08,62.466
thresh_det_0.35,570,6,12735687,49.664,52.284,0.061,52.345
thresh_det_0.35,571,6,12735718,54.151,57.465,0.152,57.617
thresh_det_0.35,572,6,12735765,62.853,67.022,0.087,67.109
thresh_det_0.35,573,6,12735796,54.291,57.579,0.082,57.661
thresh_det_0.35,574,6,12735828,43.703,47.228,0.485,47.712
thresh_det_0.35,575,6,12735859,57.121,61.155,0.06,61.215
thresh_det_0.35,576,6,12735890,69.828,74.028,0.05,74.078
thresh_det_0.35,578,6,12735968,47.704,51.793,0.151,51.943
thresh_det_0.35,579,6,12736000,59.013,62.394,0.164,62.558
thresh_det_0.35,580,6,12736031,69.487,72.108,0.065,72.172
thresh_det_0.35,582,6,12736093,34.021,37.309,0.143,37.452
thresh_det_0.35,583,6,12736125,56.873,59.745,0.135,59.88
thresh_det_0.35,584,6,12736171,75.604,79.019,0.205,79.224
thresh_det_0.35,586,6,12736234,72.929,77.259,0.228,77.486
thresh_det_0.35,588,6,12736296,40.214,44.461,2.254,46.715
thresh_det_0.35,589,6,12736328,50.562,54.36,0.155,54.515
thresh_det_0.35,590,6,12736375,46.909,50.34,0.068,50.408
thresh_det_0.35,591,6,12736406,41.182,43.774,0.643,44.417
thresh_det_0.35,592,6,12736437,29.382,33.188,0.098,33.286
thresh_det_0.35,593,6,12736468,46.769,50.687,0.064,50.751
thresh_det_0.35,594,6,12736500,39.131,43.13,0.063,43.193
thresh_det_0.35,595,6,12736531,48.926,52.084,0.126,52.209
thresh_det_0.35,596,6,12736578,58.456,61.914,0.16,62.074
thresh_det_0.35,597,6,12736609,87.747,91.548,0.152,91.699
thresh_det_0.35,599,6,12736671,83.817,87.385,0.156,87.54
thresh_det_0.35,601,7,12736750,80.613,84.674,0.175,84.849
thresh_det_0.35,603,7,12736812,77.168,81.014,0.377,81.391
thresh_det_0.35,605,7,12736875,50.662,54.657,0.239,54.896
thresh_det_0.35,606,7,12736921,33.189,37.022,0.187,37.208
thresh_det_0.35,607,7,12736953,40.168,43.151,0.193,43.344
thresh_det_0.35,608,7,12736984,47.213,51.159,0.262,51.42
thresh_det_0.35,609,7,12737015,49.831,55.175,0.978,56.153
thresh_det_0.35,610,7,12737046,34.343,37.918,0.197,38.116
thresh_det_0.35,611,7,12737078,40.225,43.288,0.263,43.551
thresh_det_0.35,612,7,12737125,33.467,37.046,0.204,37.25
thresh_det_0.35,613,7,12737156,39.549,42.2,0.211,42.41
thresh_det_0.35,614,7,12737187,44.938,48.409,4.069,52.479
thresh_det_0.35,615,7,12737218,54.099,58.308,0.225,58.533
thresh_det_0.35,616,7,12737250,61.755,65.939,1.657,67.596
thresh_det_0.35,617,7,12737296,69.0,72.992,0.203,73.195
thresh_det_0.35,619,7,12737359,31.342,35.247,0.164,35.411
thresh_det_0.35,620,7,12737390,41.678,44.283,0.231,44.514
thresh_det_0.35,621,7,12737421,43.673,49.389,0.205,49.594
thresh_det_0.35,622,7,12737453,50.587,54.425,0.242,54.667
thresh_det_0.35,623,7,12737500,56.984,61.254,0.216,61.471
thresh_det_0.35,624,7,12737531,63.254,66.674,0.201,66.875
thresh_det_0.35,625,7,12737562,69.378,72.989,0.19,73.178
thresh_det_0.35,627,7,12737625,30.771,34.171,0.406,34.577
thresh_det_0.35,628,7,12737656,39.73,42.352,0.201,42.553
thresh_det_0.35,629,7,12737703,47.929,51.328,1.596,52.924
thresh_det_0.35,630,7,12737734,50.602,54.416,0.23,54.647
thresh_det_0.35,631,7,12737765,55.709,60.061,0.22,60.281
thresh_det_0.35,632,7,12737796,63.483,67.658,0.2,67.858
thresh_det_0.35,633,7,12737828,64.935,68.536,0.233,68.769
thresh_det_0.35,634,7,12737859,74.05,77.946,0.233,78.178
thresh_det_0.35,636,7,12737937,44.674,48.767,0.196,48.963
thresh_det_0.35,637,7,12737968,45.037,49.002,0.204,49.206
thresh_det_0.35,638,7,12738000,51.146,53.775,0.283,54.057
thresh_det_0.35,639,7,12738031,45.24,49.301,1.441,50.741
thresh_det_0.35,640,7,12738062,54.863,58.34,1.6,59.94
thresh_det_0.35,641,7,12738109,64.967,68.928,1.599,70.527
thresh_det_0.35,642,7,12738140,70.79,74.706,0.191,74.897
thresh_det_0.35,644,7,12738203,40.793,44.689,0.197,44.887
thresh_det_0.35,645,7,12738250,46.526,51.071,0.297,51.368
thresh_det_0.35,646,7,12738281,50.112,56.464,0.34,56.804
thresh_det_0.35,647,7,12738312,62.624,66.158,1.674,67.833
thresh_det_0.35,648,7,12738343,71.044,74.899,0.193,75.092
thresh_det_0.35,650,7,12738406,41.394,45.57,0.203,45.773
thresh_det_0.35,651,7,12738453,29.219,32.701,0.149,32.85
thresh_det_0.35,652,7,12738484,41.686,44.392,0.199,44.592
thresh_det_0.35,653,7,12738515,45.795,49.818,0.245,50.063
thresh_det_0.35,654,7,12738546,35.521,39.056,0.339,39.395
thresh_det_0.35,655,7,12738578,42.491,45.391,0.2,45.59
thresh_det_0.35,656,7,12738609,48.66,52.078,0.202,52.279
thresh_det_0.35,657,7,12738656,38.932,43.549,0.246,43.795
thresh_det_0.35,658,7,12738687,46.194,48.92,0.211,49.131
thresh_det_0.35,659,7,12738718,30.924,34.375,2.017,36.392
thresh_det_0.35,660,7,12738750,39.929,43.37,0.25,43.62
thresh_det_0.35,661,7,12738781,34.025,37.519,0.2,37.719
thresh_det_0.35,662,7,12738812,39.648,42.62,0.197,42.818
thresh_det_0.35,663,7,12738843,28.69,32.056,0.136,32.191
thresh_det_0.35,664,7,12738890,42.048,44.632,0.218,44.849
thresh_det_0.35,665,7,12738921,45.732,49.127,0.203,49.33
thresh_det_0.35,666,7,12738953,51.138,55.091,0.204,55.295
thresh_det_0.35,667,7,12738984,56.717,60.096,0.209,60.305
thresh_det_0.35,668,7,12739015,62.384,65.777,0.204,65.981
thresh_det_0.35,669,7,12739046,59.547,63.519,0.862,64.381
thresh_det_0.35,670,7,12739093,54.934,58.402,0.236,58.638
thresh_det_0.35,671,7,12739125,62.817,65.79,0.32,66.11
thresh_det_0.35,672,7,12739156,62.616,66.065,2.391,68.456
thresh_det_0.35,673,7,12739187,74.732,79.009,0.195,79.204
thresh_det_0.35,675,7,12739265,43.009,46.865,1.963,48.828
thresh_det_0.35,676,7,12739296,37.293,41.305,1.653,42.957
thresh_det_0.35,677,7,12739328,44.619,47.499,0.201,47.7
thresh_det_0.35,678,7,12739359,49.178,52.557,0.202,52.758
thresh_det_0.35,679,7,12739390,54.171,58.206,0.2,58.406
thresh_det_0.35,680,7,12739421,63.165,66.557,0.225,66.782
thresh_det_0.35,681,7,12739468,67.596,72.788,0.192,72.981
thresh_det_0.35,683,7,12739531,40.156,44.668,0.197,44.865
thresh_det_0.35,684,7,12739562,33.503,37.035,0.188,37.223
thresh_det_0.35,685,7,12739593,39.845,42.757,0.199,42.956
thresh_det_0.35,686,7,12739625,47.957,51.684,0.202,51.887
thresh_det_0.35,687,7,12739671,53.028,56.72,0.199,56.919
thresh_det_0.35,688,7,12739703,44.25,47.616,0.212,47.827
thresh_det_0.35,689,7,12739734,52.664,55.392,0.199,55.591
thresh_det_0.35,690,7,12739765,55.64,59.61,0.19,59.801
thresh_det_0.35,691,7,12739796,52.151,56.195,0.251,56.446
thresh_det_0.35,692,7,12739828,55.881,58.733,0.133,58.867
thresh_det_0.35,693,7,12739875,45.487,48.844,1.904,50.748
thresh_det_0.35,694,7,12739906,55.887,59.007,2.452,61.459
thresh_det_0.35,695,7,12739937,67.265,73.581,0.244,73.825
thresh_det_0.35,696,7,12739968,70.914,78.106,0.256,78.361
thresh_det_0.35,698,7,12740046,42.954,46.18,0.241,46.421
thresh_det_0.35,699,7,12740078,50.425,54.339,0.194,54.533
thresh_det_0.35,700,8,12740109,58.093,62.096,2.29,64.386
thresh_det_0.35,701,8,12740140,70.452,74.341,0.064,74.405
thresh_det_0.35,703,8,12740218,25.565,29.031,0.06,29.091
thresh_det_0.35,704,8,12740250,23.97,27.258,0.066,27.324
thresh_det_0.35,705,8,12740296,44.167,49.693,0.061,49.754
thresh_det_0.35,706,8,12740328,48.07,52.342,0.062,52.403
thresh_det_0.35,707,8,12740359,55.603,59.517,0.057,59.574
thresh_det_0.35,708,8,12740390,68.35,71.794,0.294,72.088
thresh_det_0.35,709,8,12740421,79.507,83.346,0.068,83.414
thresh_det_0.35,711,8,12740500,52.281,56.346,0.07,56.416
thresh_det_0.35,712,8,12740531,62.644,66.509,0.176,66.685
thresh_det_0.35,713,8,12740562,62.461,66.306,3.694,70.0
thresh_det_0.35,714,8,12740593,72.718,76.271,0.059,76.33
thresh_det_0.35,716,8,12740671,24.541,28.596,0.059,28.655
thresh_det_0.35,717,8,12740703,37.427,40.721,0.059,40.78
thresh_det_0.35,718,8,12740734,48.923,52.473,0.101,52.573
thresh_det_0.35,719,8,12740765,56.614,60.156,0.064,60.22
thresh_det_0.35,720,8,12740812,68.036,71.602,0.093,71.695
thresh_det_0.35,721,8,12740843,79.27,84.869,0.07,84.939
thresh_det_0.35,723,8,12740906,53.984,58.366,0.101,58.467
thresh_det_0.35,724,8,12740937,66.974,70.801,0.057,70.858
thresh_det_0.35,725,8,12740968,78.931,82.881,0.066,82.948
thresh_det_0.35,727,8,12741046,50.976,58.165,0.111,58.276
thresh_det_0.35,728,8,12741078,34.095,37.551,0.053,37.604
thresh_det_0.35,729,8,12741109,43.893,46.45,0.065,46.515
thresh_det_0.35,730,8,12741140,56.632,60.094,0.067,60.161
thresh_det_0.35,731,8,12741187,60.58,64.655,0.058,64.713
thresh_det_0.35,732,8,12741218,78.214,81.501,0.099,81.601
thresh_det_0.35,734,8,12741281,50.645,54.832,0.06,54.892
thresh_det_0.35,735,8,12741312,49.616,53.793,0.075,53.868
thresh_det_0.35,736,8,12741343,60.333,63.124,0.068,63.192
thresh_det_0.35,737,8,12741390,70.61,73.875,0.067,73.941
thresh_det_0.35,739,8,12741453,45.61,49.094,0.068,49.162
thresh_det_0.35,740,8,12741484,43.042,46.962,0.056,47.018
thresh_det_0.35,741,8,12741531,45.857,53.006,0.066,53.072
thresh_det_0.35,742,8,12741562,57.11,60.715,0.045,60.761
thresh_det_0.35,743,8,12741593,55.912,59.234,0.063,59.297
thresh_det_0.35,744,8,12741625,68.548,72.309,0.05,72.359
thresh_det_0.35,746,8,12741687,44.628,48.54,0.066,48.606
thresh_det_0.35,747,8,12741734,57.905,61.847,0.061,61.908
thresh_det_0.35,748,8,12741765,62.73,68.714,1.154,69.868
thresh_det_0.35,749,8,12741796,70.124,74.203,0.055,74.258
thresh_det_0.35,751,8,12741859,32.669,36.275,0.054,36.329
thresh_det_0.35,752,8,12741890,23.537,26.169,0.087,26.256
thresh_det_0.35,753,8,12741921,46.034,51.651,0.061,51.712
thresh_det_0.35,754,8,12741968,55.91,61.02,0.058,61.078
thresh_det_0.35,755,8,12742000,54.401,57.789,0.066,57.854
thresh_det_0.35,756,8,12742031,56.761,59.514,0.045,59.559
thresh_det_0.35,757,8,12742062,50.615,53.981,0.082,54.063
thresh_det_0.35,758,8,12742093,59.926,62.576,0.1,62.676
thresh_det_0.35,759,8,12742125,57.918,61.477,0.063,61.541
thresh_det_0.35,760,8,12742156,69.341,71.899,0.063,71.962
thresh_det_0.35,762,8,12742234,49.335,52.709,0.063,52.772
thresh_det_0.35,763,8,12742265,67.236,71.11,0.079,71.189
thresh_det_0.35,764,8,12742296,56.091,60.053,0.065,60.118
thresh_det_0.35,765,8,12742328,68.504,72.195,0.046,72.241
thresh_det_0.35,766,8,12742359,77.793,81.347,0.064,81.411
thresh_det_0.35,768,8,12742437,55.327,59.279,0.1,59.379
thresh_det_0.35,769,8,12742468,60.747,64.631,0.057,64.688
thresh_det_0.35,770,8,12742500,65.143,69.088,2.422,71.51
thresh_det_0.35,771,8,12742531,78.984,82.265,3.65,85.915
thresh_det_0.35,773,8,12742609,49.865,53.794,0.063,53.857
thresh_det_0.35,774,8,12742640,59.924,63.359,0.058,63.418
thresh_det_0.35,775,8,12742671,72.82,76.536,0.052,76.588
thresh_det_0.35,777,8,12742750,43.074,48.565,1.705,50.27
thresh_det_0.35,778,8,12742781,56.631,60.826,0.067,60.893
thresh_det_0.35,779,8,12742828,55.678,64.439,0.132,64.571
thresh_det_0.35,780,8,12742843,70.839,74.197,0.055,74.252
thresh_det_0.35,782,8,12742921,45.596,49.032,2.345,51.377
thresh_det_0.35,783,8,12742953,58.271,61.959,1.602,63.562
thresh_det_0.35,784,8,12742984,72.879,76.812,0.061,76.873
thresh_det_0.35,786,8,12743062,46.725,50.761,0.064,50.825
thresh_det_0.35,787,8,12743093,42.54,46.169,0.118,46.288
thresh_det_0.35,788,8,12743125,33.083,35.995,0.096,36.091
thresh_det_0.35,789,8,12743156,45.923,49.02,0.096,49.116
thresh_det_0.35,790,8,12743187,55.803,60.369,3.345,63.713
thresh_det_0.35,791,8,12743234,69.661,73.247,0.055,73.302
thresh_det_0.35,793,8,12743296,40.765,44.199,0.061,44.259
thresh_det_0.35,794,8,12743343,43.924,53.583,0.063,53.646
thresh_det_0.35,795,8,12743359,58.653,61.91,0.058,61.968
thresh_det_0.35,796,8,12743390,72.284,75.455,0.058,75.513
thresh_det_0.35,798,8,12743468,46.176,49.672,0.069,49.741
thresh_det_0.35,799,8,12743500,57.128,60.319,0.092,60.411
thresh_det_0.50,0,1,12743906,25.355,43.207,0.058,43.265
thresh_det_0.50,1,1,12743921,29.199,32.498,0.069,32.567
thresh_det_0.50,2,1,12743968,23.452,26.584,0.058,26.642
thresh_det_0.50,3,1,12744000,23.65,27.601,0.059,27.659
thresh_det_0.50,4,1,12744031,23.659,27.095,0.065,27.159
thresh_det_0.50,5,1,12744062,23.952,27.299,0.065,27.364
thresh_det_0.50,6,1,12744093,23.58,27.179,0.058,27.237
thresh_det_0.50,7,1,12744125,23.721,27.107,0.065,27.172
thresh_det_0.50,8,1,12744156,23.72,27.019,0.064,27.083
thresh_det_0.50,9,1,12744203,23.588,27.046,0.065,27.112
thresh_det_0.50,10,1,12744234,23.727,27.286,0.064,27.35
thresh_det_0.50,11,1,12744265,21.305,24.569,0.508,25.077
thresh_det_0.50,12,1,12744296,23.687,27.56,0.057,27.616
thresh_det_0.50,13,1,12744328,25.606,30.875,0.098,30.973
thresh_det_0.50,14,1,12744359,23.706,26.767,0.057,26.824
thresh_det_0.50,15,1,12744406,20.775,24.077,0.083,24.16
thresh_det_0.50,16,1,12744437,23.409,26.086,0.077,26.163
thresh_det_0.50,17,1,12744468,23.317,27.179,0.092,27.272
thresh_det_0.50,18,1,12744500,23.628,26.504,0.056,26.56
thresh_det_0.50,19,1,12744531,23.168,26.354,0.097,26.451
thresh_det_0.50,20,1,12744562,23.549,26.017,0.101,26.119
thresh_det_0.50,21,1,12744593,23.323,25.969,0.095,26.063
thresh_det_0.50,22,1,12744640,23.886,27.022,0.072,27.095
thresh_det_0.50,23,1,12744671,23.682,26.241,0.061,26.302
thresh_det_0.50,24,1,12744703,18.987,22.158,0.045,22.203
thresh_det_0.50,25,1,12744734,23.191,26.039,0.063,26.102
thresh_det_0.50,26,1,12744765,23.387,26.483,0.073,26.557
thresh_det_0.50,27,1,12744796,23.22,25.905,0.089,25.994
thresh_det_0.50,28,1,12744843,23.477,26.826,0.056,26.882
thresh_det_0.50,29,1,12744875,23.481,27.299,0.093,27.391
thresh_det_0.50,30,1,12744906,23.759,26.416,0.054,26.469
thresh_det_0.50,31,1,12744937,23.235,26.413,0.073,26.487
thresh_det_0.50,32,1,12744968,23.751,26.369,0.067,26.436
thresh_det_0.50,33,1,12745000,23.86,27.327,0.071,27.397
thresh_det_0.50,34,1,12745046,23.292,25.99,0.056,26.046
thresh_det_0.50,35,1,12745078,23.031,26.827,0.096,26.924
thresh_det_0.50,36,1,12745109,23.635,26.18,0.073,26.253
thresh_det_0.50,37,1,12745140,23.608,29.624,0.883,30.507
thresh_det_0.50,38,1,12745203,23.386,28.157,0.116,28.273
thresh_det_0.50,39,1,12745234,30.383,33.931,0.063,33.994
thresh_det_0.50,40,1,12745265,23.558,26.685,0.087,26.773
thresh_det_0.50,41,1,12745296,24.984,28.223,0.116,28.339
thresh_det_0.50,42,1,12745328,24.045,27.694,0.099,27.793
thresh_det_0.50,43,1,12745359,24.045,27.793,0.101,27.894
thresh_det_0.50,44,1,12745390,23.341,27.095,0.086,27.181
thresh_det_0.50,45,1,12745437,23.524,26.136,0.053,26.188
thresh_det_0.50,46,1,12745468,23.249,27.099,0.094,27.193
thresh_det_0.50,47,1,12745500,25.181,28.135,0.103,28.239
thresh_det_0.50,48,1,12745531,23.414,26.147,0.059,26.206
thresh_det_0.50,49,1,12745562,23.308,26.615,0.072,26.687
thresh_det_0.50,50,1,12745593,23.209,25.943,0.06,26.003
thresh_det_0.50,51,1,12745640,23.14,26.918,0.057,26.976
thresh_det_0.50,52,1,12745671,24.521,27.104,0.057,27.161
thresh_det_0.50,53,1,12745703,22.643,25.904,0.081,25.985
thresh_det_0.50,54,1,12745734,23.277,26.114,0.057,26.171
thresh_det_0.50,55,1,12745765,18.566,21.797,0.055,21.851
thresh_det_0.50,56,1,12745796,24.32,26.89,0.061,26.951
thresh_det_0.50,57,1,12745828,23.337,25.894,0.058,25.953
thresh_det_0.50,58,1,12745875,19.74,23.054,0.041,23.095
thresh_det_0.50,59,1,12745906,23.517,26.227,0.053,26.281
thresh_det_0.50,60,1,12745937,23.273,27.05,0.059,27.109
thresh_det_0.50,61,1,12745968,23.632,26.809,0.068,26.877
thresh_det_0.50,62,1,12746000,20.208,23.613,0.046,23.659
thresh_det_0.50,63,1,12746031,23.262,26.081,0.05,26.131
thresh_det_0.50,64,1,12746078,23.108,26.842,0.055,26.897
thresh_det_0.50,65,1,12746109,23.615,26.244,0.055,26.299
thresh_det_0.50,66,1,12746140,23.795,27.118,0.096,27.214
thresh_det_0.50,67,1,12746171,23.475,26.165,0.057,26.222
thresh_det_0.50,68,1,12746203,23.179,26.448,0.057,26.505
thresh_det_0.50,69,1,12746234,23.215,25.842,0.058,25.9
thresh_det_0.50,70,1,12746281,23.476,27.116,0.089,27.205
thresh_det_0.50,71,1,12746312,23.765,27.601,0.079,27.68
thresh_det_0.50,72,1,12746343,23.457,27.268,0.057,27.325
thresh_det_0.50,73,1,12746375,23.796,26.459,0.057,26.516
thresh_det_0.50,74,1,12746406,20.769,23.837,0.04,23.877
thresh_det_0.50,75,1,12746437,23.704,26.324,0.058,26.382
thresh_det_0.50,76,1,12746484,23.132,26.887,0.081,26.968
thresh_det_0.50,77,1,12746515,23.305,25.805,0.055,25.86
thresh_det_0.50,78,1,12746546,23.341,26.635,0.095,26.73
thresh_det_0.50,79,1,12746578,23.351,26.246,0.056,26.302
thresh_det_0.50,80,1,12746609,23.273,26.528,0.055,26.584
thresh_det_0.50,81,1,12746640,23.273,25.87,0.056,25.926
thresh_det_0.50,82,1,12746687,23.483,26.793,0.074,26.867
thresh_det_0.50,83,1,12746718,24.952,27.661,0.056,27.717
thresh_det_0.50,84,1,12746750,23.276,27.058,0.058,27.116
thresh_det_0.50,85,1,12746781,22.586,26.037,0.085,26.122
thresh_det_0.50,86,1,12746812,25.077,28.247,0.101,28.348
thresh_det_0.50,87,1,12746843,23.415,26.14,0.073,26.213
thresh_det_0.50,88,1,12746875,23.137,26.844,0.056,26.9
thresh_det_0.50,89,1,12746921,23.167,26.065,0.105,26.17
thresh_det_0.50,90,1,12746953,20.937,24.301,0.041,24.342
thresh_det_0.50,91,1,12746984,26.1,28.737,0.077,28.814
thresh_det_0.50,92,1,12747015,23.354,27.213,0.062,27.275
thresh_det_0.50,93,1,12747046,23.304,26.642,0.075,26.717
thresh_det_0.50,94,1,12747078,23.692,26.792,0.101,26.894
thresh_det_0.50,95,1,12747109,23.123,25.738,0.059,25.797
thresh_det_0.50,96,1,12747156,23.499,26.76,0.055,26.815
thresh_det_0.50,97,1,12747187,23.529,26.004,0.107,26.111
thresh_det_0.50,98,1,12747218,21.061,24.203,0.068,24.271
thresh_det_0.50,99,1,12747250,23.544,26.232,0.06,26.292
thresh_det_0.50,100,2,12747281,45.491,49.424,0.19,49.614
thresh_det_0.50,101,2,12747328,54.41,60.554,0.156,60.71
thresh_det_0.50,102,2,12747359,63.203,67.052,0.14,67.192
thresh_det_0.50,103,2,12747390,69.791,73.373,0.143,73.517
thresh_det_0.50,105,2,12747453,44.413,48.281,0.155,48.436
thresh_det_0.50,106,2,12747484,33.134,36.439,0.163,36.602
thresh_det_0.50,107,2,12747531,46.916,49.822,0.15,49.972
thresh_det_0.50,108,2,12747562,56.654,60.66,0.152,60.812
thresh_det_0.50,109,2,12747593,62.887,68.935,0.165,69.1
thresh_det_0.50,110,2,12747625,78.322,81.981,0.154,82.135
thresh_det_0.50,112,2,12747703,52.904,56.78,0.927,57.706
thresh_det_0.50,113,2,12747734,65.488,68.962,0.172,69.133
thresh_det_0.50,114,2,12747765,74.903,78.97,0.178,79.148
thresh_det_0.50,116,2,12747828,51.35,54.962,0.203,55.165
thresh_det_0.50,117,2,12747859,61.238,65.017,0.202,65.219
thresh_det_0.50,118,2,12747906,73.596,77.374,0.153,77.527
thresh_det_0.50,120,2,12747968,49.12,53.119,0.157,53.276
thresh_det_0.50,121,2,12748000,58.504,62.96,0.195,63.155
thresh_det_0.50,122,2,12748031,61.629,64.955,2.236,67.191
thresh_det_0.50,123,2,12748062,75.063,78.903,0.146,79.048
thresh_det_0.50,125,2,12748140,45.47,50.097,0.161,50.259
thresh_det_0.50,126,2,12748171,39.594,43.501,0.222,43.723
thresh_det_0.50,127,2,12748203,50.66,53.367,3.356,56.724
thresh_det_0.50,128,2,12748234,63.369,66.909,0.154,67.064
thresh_det_0.50,129,2,12748281,81.665,85.553,0.266,85.819
thresh_det_0.50,131,2,12748343,56.877,60.286,0.157,60.443
thresh_det_0.50,132,2,12748375,62.817,66.788,0.13,66.918
thresh_det_0.50,133,2,12748406,67.306,70.814,0.23,71.044
thresh_det_0.50,134,2,12748453,75.254,79.17,2.398,81.568
thresh_det_0.50,136,2,12748515,50.566,54.175,0.167,54.342
thresh_det_0.50,137,2,12748546,63.097,67.064,0.209,67.273
thresh_det_0.50,138,2,12748593,69.787,73.789,0.144,73.933
thresh_det_0.50,140,2,12748656,44.624,48.064,0.236,48.3
thresh_det_0.50,141,2,12748687,32.782,37.177,0.148,37.325
thresh_det_0.50,142,2,12748718,44.003,47.069,0.158,47.227
thresh_det_0.50,143,2,12748765,55.319,59.475,0.158,59.633
thresh_det_0.50,144,2,12748796,66.412,70.141,0.219,70.359
thresh_det_0.50,145,2,12748828,71.603,76.148,0.157,76.306
thresh_det_0.50,147,2,12748890,49.129,52.055,0.157,52.212
thresh_det_0.50,148,2,12748921,55.251,58.85,0.123,58.973
thresh_det_0.50,149,2,12748953,55.756,59.058,0.15,59.207
thresh_det_0.50,150,2,12749000,66.616,69.934,1.616,71.55
thresh_det_0.50,151,2,12749031,74.853,78.669,0.149,78.818
thresh_det_0.50,153,2,12749093,51.078,54.266,0.166,54.432
thresh_det_0.50,154,2,12749140,54.842,58.743,0.113,58.857
thresh_det_0.50,155,2,12749171,51.577,54.98,0.155,55.135
thresh_det_0.50,156,2,12749203,61.027,64.437,0.15,64.587
thresh_det_0.50,157,2,12749234,73.352,76.897,0.196,77.093
thresh_det_0.50,159,2,12749296,52.227,56.35,0.172,56.522
thresh_det_0.50,160,2,12749343,62.766,66.797,2.823,69.621
thresh_det_0.50,161,2,12749375,71.047,76.479,0.3,76.779
thresh_det_0.50,163,2,12749437,49.142,52.75,0.165,52.915
thresh_det_0.50,164,2,12749468,51.224,54.698,0.244,54.943
thresh_det_0.50,165,2,12749515,57.805,60.545,1.722,62.266
thresh_det_0.50,166,2,12749546,71.844,75.194,0.155,75.349
thresh_det_0.50,168,2,12749609,38.875,42.714,3.312,46.026
thresh_det_0.50,169,2,12749640,49.235,52.372,0.157,52.528
thresh_det_0.50,170,2,12749671,60.209,64.119,2.737,66.855
thresh_det_0.50,171,2,12749718,71.215,75.238,0.147,75.386
thresh_det_0.50,173,2,12749781,46.122,50.109,0.159,50.268
thresh_det_0.50,174,2,12749812,33.922,37.366,0.15,37.516
thresh_det_0.50,175,2,12749843,43.785,46.598,0.239,46.836
thresh_det_0.50,176,2,12749875,52.927,56.215,0.158,56.373
thresh_det_0.50,177,2,12749921,41.685,45.464,0.161,45.625
thresh_det_0.50,178,2,12749953,49.526,52.362,0.17,52.532
thresh_det_0.50,179,2,12749984,33.356,36.929,0.157,37.086
thresh_det_0.50,180,2,12750015,45.395,47.995,0.16,48.155
thresh_det_0.50,181,2,12750046,37.151,40.5,0.206,40.706
thresh_det_0.50,182,2,12750078,47.386,50.116,0.156,50.272
thresh_det_0.50,183,2,12750125,59.703,62.916,0.155,63.071
thresh_det_0.50,184,2,12750156,58.593,62.415,0.163,62.578
thresh_det_0.50,185,2,12750187,54.784,58.609,0.161,58.77
thresh_det_0.50,186,2,12750218,68.053,71.029,0.204,71.233
thresh_det_0.50,187,2,12750250,78.497,81.932,0.245,82.177
thresh_det_0.50,189,2,12750328,58.235,62.31,0.222,62.532
thresh_det_0.50,190,2,12750359,73.261,77.176,0.155,77.331
thresh_det_0.50,192,2,12750421,49.57,53.437,0.204,53.641
thresh_det_0.50,193,2,12750453,41.263,46.572,0.146,46.717
thresh_det_0.50,194,2,12750500,54.792,58.385,0.157,58.542
thresh_det_0.50,195,2,12750531,57.432,65.671,0.197,65.868
thresh_det_0.50,196,2,12750562,74.259,78.244,0.18,78.424
thresh_det_0.50,198,2,12750625,42.828,46.789,1.505,48.293
thresh_det_0.50,199,2,12750656,53.499,56.533,0.149,56.683
thresh_det_0.50,200,3,12750703,69.468,72.911,0.144,73.056
thresh_det_0.50,202,3,12750765,44.65,48.521,0.162,48.683
thresh_det_0.50,203,3,12750796,56.942,60.629,0.176,60.805
thresh_det_0.50,204,3,12750828,67.156,71.313,0.181,71.494
thresh_det_0.50,205,3,12750859,75.726,81.109,0.177,81.286
thresh_det_0.50,207,3,12750937,52.993,56.416,0.192,56.608
thresh_det_0.50,208,3,12750968,90.222,93.485,0.199,93.684
thresh_det_0.50,210,3,12751031,58.635,62.633,0.152,62.786
thresh_det_0.50,211,3,12751078,51.084,56.784,0.165,56.949
thresh_det_0.50,212,3,12751109,84.865,87.56,0.286,87.846
thresh_det_0.50,214,3,12751171,59.336,62.892,0.895,63.787
thresh_det_0.50,215,3,12751203,69.194,73.095,0.176,73.271
thresh_det_0.50,216,3,12751234,101.452,105.436,0.983,106.419
thresh_det_0.50,218,3,12751312,73.784,77.193,0.173,77.365
thresh_det_0.50,220,3,12751375,45.91,49.372,0.247,49.619
thresh_det_0.50,221,3,12751406,52.047,54.753,0.208,54.961
thresh_det_0.50,222,3,12751437,45.72,50.038,0.211,50.249
thresh_det_0.50,223,3,12751468,62.158,64.859,0.21,65.069
thresh_det_0.50,224,3,12751515,70.216,73.726,0.361,74.087
thresh_det_0.50,225,3,12751546,63.029,67.003,0.255,67.258
thresh_det_0.50,226,3,12751578,67.546,71.847,0.174,72.02
thresh_det_0.50,227,3,12751609,80.079,83.146,0.165,83.312
thresh_det_0.50,229,3,12751687,51.145,54.726,0.151,54.877
thresh_det_0.50,230,3,12751718,55.648,60.048,0.425,60.473
thresh_det_0.50,231,3,12751750,67.503,70.74,0.33,71.069
thresh_det_0.50,232,3,12751781,94.839,98.269,0.201,98.47
thresh_det_0.50,234,3,12751843,66.754,70.414,0.236,70.65
thresh_det_0.50,235,3,12751890,95.84,99.029,0.153,99.181
thresh_det_0.50,237,3,12751953,71.763,75.163,0.151,75.314
thresh_det_0.50,239,3,12752015,45.515,48.896,0.168,49.064
thresh_det_0.50,240,3,12752062,55.496,59.158,0.152,59.309
thresh_det_0.50,241,3,12752093,65.241,69.23,0.202,69.432
thresh_det_0.50,242,3,12752125,75.471,78.762,0.165,78.927
thresh_det_0.50,244,3,12752187,50.945,54.573,0.163,54.736
thresh_det_0.50,245,3,12752218,60.123,63.509,0.172,63.681
thresh_det_0.50,246,3,12752250,74.903,78.127,0.159,78.286
thresh_det_0.50,248,3,12752328,53.99,57.594,3.131,60.724
thresh_det_0.50,249,3,12752359,60.497,63.991,3.379,67.37
thresh_det_0.50,250,3,12752406,66.486,75.205,0.161,75.365
thresh_det_0.50,252,3,12752468,49.403,53.612,0.155,53.767
thresh_det_0.50,253,3,12752500,56.577,61.697,0.164,61.861
thresh_det_0.50,254,3,12752531,61.443,65.603,1.695,67.298
thresh_det_0.50,255,3,12752562,75.765,79.196,0.17,79.366
thresh_det_0.50,257,3,12752640,48.933,52.417,0.166,52.582
thresh_det_0.50,258,3,12752671,58.861,62.304,0.162,62.466
thresh_det_0.50,259,3,12752703,70.644,74.15,0.152,74.302
thresh_det_0.50,261,3,12752781,44.478,48.469,0.161,48.63
thresh_det_0.50,262,3,12752812,58.666,62.628,2.067,64.695
thresh_det_0.50,263,3,12752843,71.891,75.92,1.635,77.555
thresh_det_0.50,264,3,12752875,72.715,76.078,1.804,77.882
thresh_det_0.50,266,3,12752937,49.479,52.583,0.179,52.763
thresh_det_0.50,267,3,12752984,63.829,67.787,0.212,67.999
thresh_det_0.50,268,3,12753015,77.367,81.254,0.156,81.41
thresh_det_0.50,270,3,12753078,47.817,51.907,3.313,55.22
thresh_det_0.50,271,3,12753125,60.992,64.313,0.154,64.467
thresh_det_0.50,272,3,12753156,59.558,63.485,0.103,63.589
thresh_det_0.50,273,3,12753187,63.502,67.503,0.205,67.708
thresh_det_0.50,274,3,12753218,72.483,76.527,0.157,76.684
thresh_det_0.50,276,3,12753296,41.23,44.635,0.164,44.8
thresh_det_0.50,277,3,12753328,55.601,58.988,0.17,59.159
thresh_det_0.50,278,3,12753359,64.648,68.596,0.322,68.918
thresh_det_0.50,279,3,12753390,74.294,77.997,0.169,78.166
thresh_det_0.50,281,3,12753453,72.532,76.507,0.169,76.676
thresh_det_0.50,282,3,12753500,72.836,76.475,3.209,79.684
thresh_det_0.50,284,3,12753562,52.588,56.088,0.206,56.294
thresh_det_0.50,285,3,12753609,57.242,61.263,3.638,64.901
thresh_det_0.50,286,3,12753640,71.153,75.019,0.151,75.17
thresh_det_0.50,288,3,12753703,49.2,53.213,0.197,53.41
thresh_det_0.50,289,3,12753734,60.639,64.171,0.171,64.343
thresh_det_0.50,290,3,12753781,70.45,73.862,0.152,74.014
thresh_det_0.50,292,3,12753843,46.347,49.885,0.215,50.1
thresh_det_0.50,293,3,12753875,55.598,58.878,2.07,60.948
thresh_det_0.50,294,3,12753906,66.139,69.991,0.609,70.6
thresh_det_0.50,295,3,12753953,76.45,79.969,0.158,80.127
thresh_det_0.50,297,3,12754015,54.922,58.837,0.152,58.988
thresh_det_0.50,298,3,12754046,63.573,67.515,0.17,67.685
thresh_det_0.50,299,3,12754078,63.048,66.959,0.169,67.127
thresh_det_0.50,300,4,12754109,91.46,95.372,0.161,95.532
thresh_det_0.50,302,4,12754187,63.788,67.355,0.134,67.489
thresh_det_0.50,303,4,12754218,73.014,76.48,0.16,76.64
thresh_det_0.50,305,4,12754281,48.378,51.602,0.383,51.985
thresh_det_0.50,306,4,12754312,66.858,70.228,2.212,72.44
thresh_det_0.50,307,4,12754359,61.601,66.654,0.111,66.765
thresh_det_0.50,308,4,12754390,65.155,68.582,0.158,68.74
thresh_det_0.50,309,4,12754421,75.151,78.104,0.16,78.264
thresh_det_0.50,311,4,12754484,32.575,35.921,0.319,36.24
thresh_det_0.50,312,4,12754531,47.1,50.147,0.198,50.345
thresh_det_0.50,313,4,12754562,57.922,63.129,0.222,63.351
thresh_det_0.50,314,4,12754593,59.241,63.81,0.115,63.925
thresh_det_0.50,315,4,12754625,61.731,65.84,0.158,65.998
thresh_det_0.50,316,4,12754656,75.54,78.255,0.218,78.473
thresh_det_0.50,318,4,12754734,49.646,53.666,0.215,53.881
thresh_det_0.50,319,4,12754765,55.613,59.735,0.216,59.951
thresh_det_0.50,320,4,12754796,68.759,73.069,0.167,73.236
thresh_det_0.50,321,4,12754843,74.309,78.835,0.167,79.002
thresh_det_0.50,323,4,12754906,50.708,54.777,0.162,54.939
thresh_det_0.50,324,4,12754937,52.533,56.062,0.163,56.225
thresh_det_0.50,325,4,12754968,57.82,61.235,0.113,61.348
thresh_det_0.50,326,4,12755000,53.724,57.096,0.152,57.248
thresh_det_0.50,327,4,12755031,63.872,66.781,0.571,67.352
thresh_det_0.50,328,4,12755078,75.873,79.36,0.148,79.508
thresh_det_0.50,330,4,12755140,51.347,55.134,0.155,55.288
thresh_det_0.50,331,4,12755171,57.098,61.154,1.92,63.074
thresh_det_0.50,332,4,12755218,70.838,74.812,0.162,74.974
thresh_det_0.50,334,4,12755281,46.189,50.362,0.161,50.524
thresh_det_0.50,335,4,12755312,59.398,63.855,0.206,64.061
thresh_det_0.50,336,4,12755343,86.76,91.505,0.189,91.694
thresh_det_0.50,338,4,12755421,61.242,64.995,0.155,65.15
thresh_det_0.50,339,4,12755453,74.693,78.229,0.163,78.392
thresh_det_0.50,341,4,12755515,49.932,53.926,0.152,54.078
thresh_det_0.50,342,4,12755546,57.549,61.176,0.117,61.293
thresh_det_0.50,343,4,12755593,73.114,76.901,0.199,77.099
thresh_det_0.50,345,4,12755656,51.615,55.452,0.157,55.609
thresh_det_0.50,346,4,12755687,58.65,62.718,2.425,65.143
thresh_det_0.50,347,4,12755718,74.803,78.983,2.615,81.597
thresh_det_0.50,349,4,12755796,50.742,54.11,0.157,54.267
thresh_det_0.50,350,4,12755828,66.828,70.812,0.246,71.058
thresh_det_0.50,351,4,12755859,59.658,63.956,0.116,64.072
thresh_det_0.50,352,4,12755890,80.551,84.23,0.166,84.396
thresh_det_0.50,354,4,12755953,42.33,45.656,0.145,45.801
thresh_det_0.50,355,4,12756000,52.526,55.15,0.194,55.344
thresh_det_0.50,356,4,12756031,58.185,62.127,1.707,63.834
thresh_det_0.50,357,4,12756062,72.857,75.51,0.149,75.659
thresh_det_0.50,359,4,12756125,47.628,51.238,0.171,51.408
thresh_det_0.50,360,4,12756156,67.292,70.889,0.266,71.155
thresh_det_0.50,361,4,12756203,99.741,103.205,0.17,103.375
thresh_det_0.50,363,4,12756265,86.794,90.911,0.559,91.469
thresh_det_0.50,365,4,12756328,74.699,77.713,0.178,77.89
thresh_det_0.50,367,4,12756406,62.446,65.942,0.13,66.073
thresh_det_0.50,368,4,12756437,62.389,65.605,0.28,65.884
thresh_det_0.50,369,4,12756468,70.006,73.527,0.152,73.679
thresh_det_0.50,371,4,12756546,60.093,64.527,1.353,65.88
thresh_det_0.50,372,4,12756578,73.337,76.654,0.202,76.856
thresh_det_0.50,374,4,12756640,32.62,36.806,0.163,36.969
thresh_det_0.50,375,4,12756671,58.903,61.572,0.197,61.769
thresh_det_0.50,376,4,12756718,66.701,70.19,0.228,70.418
thresh_det_0.50,377,4,12756750,74.011,78.341,0.152,78.492
thresh_det_0.50,379,4,12756812,70.988,74.798,0.193,74.991
thresh_det_0.50,381,4,12756890,42.708,46.621,0.219,46.84
thresh_det_0.50,382,4,12756921,48.775,52.543,0.175,52.718
thresh_det_0.50,383,4,12756953,87.903,91.38,0.197,91.577
thresh_det_0.50,385,4,12757015,57.01,62.37,0.2,62.57
thresh_det_0.50,386,4,12757046,71.983,75.206,0.189,75.395
thresh_det_0.50,387,4,12757093,78.095,82.127,0.201,82.328
thresh_det_0.50,389,4,12757156,60.029,63.988,0.196,64.184
thresh_det_0.50,390,4,12757187,70.854,73.599,0.207,73.805
thresh_det_0.50,392,4,12757265,41.374,45.21,0.198,45.408
thresh_det_0.50,393,4,12757296,36.61,39.981,1.308,41.289
thresh_det_0.50,394,4,12757328,70.385,73.769,0.185,73.954
thresh_det_0.50,396,4,12757390,40.848,44.934,0.234,45.167
thresh_det_0.50,397,4,12757421,47.646,50.288,0.169,50.457
thresh_det_0.50,398,4,12757468,76.578,80.446,1.335,81.781
thresh_det_0.50,400,5,12757531,50.326,54.024,0.089,54.113
thresh_det_0.50,401,5,12757562,62.873,67.273,0.231,67.504
thresh_det_0.50,402,5,12757593,85.069,88.865,0.152,89.018
thresh_det_0.50,404,5,12757671,61.282,64.678,0.158,64.836
thresh_det_0.50,405,5,12757703,72.379,76.285,0.148,76.433
thresh_det_0.50,407,5,12757765,35.34,39.199,0.152,39.351
thresh_det_0.50,408,5,12757812,48.063,51.124,0.21,51.334
thresh_det_0.50,409,5,12757843,36.176,39.531,2.152,41.682
thresh_det_0.50,410,5,12757875,47.719,50.627,0.16,50.787
thresh_det_0.50,411,5,12757906,55.14,58.605,0.151,58.756
thresh_det_0.50,412,5,12757937,70.104,73.452,0.154,73.606
thresh_det_0.50,414,5,12758015,35.383,38.96,2.879,41.839
thresh_det_0.50,415,5,12758046,46.006,48.805,0.168,48.973
thresh_det_0.50,416,5,12758078,36.713,39.956,0.079,40.035
thresh_det_0.50,417,5,12758109,46.747,49.463,0.154,49.617
thresh_det_0.50,418,5,12758140,56.797,60.127,0.157,60.284
thresh_det_0.50,419,5,12758171,60.739,64.275,0.172,64.447
thresh_det_0.50,420,5,12758218,67.496,71.534,0.149,71.684
thresh_det_0.50,421,5,12758250,69.176,72.851,2.359,75.209
thresh_det_0.50,423,5,12758312,47.603,50.423,0.159,50.582
thresh_det_0.50,424,5,12758343,66.661,70.827,0.164,70.991
thresh_det_0.50,425,5,12758375,77.144,80.647,0.182,80.828
thresh_det_0.50,427,5,12758453,53.883,59.566,2.875,62.44
thresh_det_0.50,428,5,12758484,69.88,73.766,0.139,73.906
thresh_det_0.50,430,5,12758546,46.703,50.858,0.153,51.011
thresh_det_0.50,431,5,12758593,55.204,59.155,0.152,59.306
thresh_det_0.50,432,5,12758625,69.159,72.493,0.142,72.635
thresh_det_0.50,434,5,12758687,37.693,41.336,0.198,41.534
thresh_det_0.50,435,5,12758718,50.201,53.192,0.126,53.318
thresh_det_0.50,436,5,12758750,62.83,66.832,0.184,67.016
thresh_det_0.50,437,5,12758796,61.266,65.379,0.152,65.531
thresh_det_0.50,438,5,12758828,75.442,78.99,0.198,79.188
thresh_det_0.50,440,5,12758890,49.321,53.728,0.197,53.926
thresh_det_0.50,441,5,12758921,47.076,50.725,0.191,50.916
thresh_det_0.50,442,5,12758968,60.037,62.808,0.197,63.005
thresh_det_0.50,443,5,12759000,69.985,73.18,0.158,73.338
thresh_det_0.50,445,5,12759062,50.547,53.676,0.153,53.83
thresh_det_0.50,446,5,12759093,59.467,66.615,2.259,68.874
thresh_det_0.50,447,5,12759140,74.147,80.357,0.169,80.526
thresh_det_0.50,449,5,12759203,51.921,55.893,0.074,55.967
thresh_det_0.50,450,5,12759234,59.45,63.659,0.109,63.768
thresh_det_0.50,451,5,12759265,60.883,64.294,1.519,65.814
thresh_det_0.50,452,5,12759296,76.181,79.111,0.153,79.264
thresh_det_0.50,454,5,12759375,49.091,53.248,0.169,53.417
thresh_det_0.50,455,5,12759406,59.059,63.172,0.153,63.325
thresh_det_0.50,456,5,12759437,72.15,76.054,0.172,76.226
thresh_det_0.50,458,5,12759515,49.427,54.422,0.148,54.57
thresh_det_0.50,459,5,12759546,54.911,58.169,0.112,58.281
thresh_det_0.50,460,5,12759578,46.904,50.287,0.714,51.001
thresh_det_0.50,461,5,12759609,57.731,60.498,0.167,60.666
thresh_det_0.50,462,5,12759640,67.084,70.566,0.236,70.802
thresh_det_0.50,463,5,12759687,76.625,79.991,0.198,80.188
thresh_det_0.50,465,5,12759750,51.94,55.947,0.177,56.124
thresh_det_0.50,466,5,12759781,68.212,72.172,0.186,72.357
thresh_det_0.50,467,5,12759812,82.37,86.283,0.201,86.484
thresh_det_0.50,469,5,12759890,53.503,61.104,0.155,61.259
thresh_det_0.50,470,5,12759921,53.275,57.332,0.183,57.514
thresh_det_0.50,471,5,12759953,66.88,69.577,0.219,69.796
thresh_det_0.50,472,5,12759984,75.864,79.121,0.148,79.269
thresh_det_0.50,474,5,12760046,45.408,49.073,0.161,49.234
thresh_det_0.50,475,5,12760093,53.387,56.819,0.172,56.991
thresh_det_0.50,476,5,12760125,44.213,48.122,0.152,48.274
thresh_det_0.50,477,5,12760156,57.188,60.103,0.198,60.301
thresh_det_0.50,478,5,12760187,60.747,64.048,0.079,64.127
thresh_det_0.50,479,5,12760218,62.568,66.464,0.168,66.632
thresh_det_0.50,480,5,12760250,73.577,76.245,0.155,76.4
thresh_det_0.50,482,5,12760328,51.919,55.373,3.108,58.481
thresh_det_0.50,483,5,12760359,68.639,73.808,0.139,73.947
thresh_det_0.50,485,5,12760421,46.886,50.801,0.158,50.959
thresh_det_0.50,486,5,12760468,53.491,57.57,0.147,57.717
thresh_det_0.50,487,5,12760500,73.767,77.234,0.142,77.376
thresh_det_0.50,489,5,12760562,43.651,49.328,0.174,49.502
thresh_det_0.50,490,5,12760593,32.99,37.123,0.141,37.264
thresh_det_0.50,491,5,12760625,43.608,46.464,0.163,46.627
thresh_det_0.50,492,5,12760671,56.072,59.693,0.16,59.854
thresh_det_0.50,493,5,12760703,62.799,68.247,0.234,68.482
thresh_det_0.50,494,5,12760734,72.647,76.834,0.07,76.904
thresh_det_0.50,496,5,12760796,49.975,54.238,0.158,54.396
thresh_det_0.50,497,5,12760843,59.492,62.895,1.79,64.684
thresh_det_0.50,498,5,12760875,73.744,76.97,0.154,77.124
thresh_det_0.50,500,6,12760937,40.951,44.506,0.087,44.593
thresh_det_0.50,501,6,12760968,30.562,33.884,0.187,34.071
thresh_det_0.50,502,6,12761000,23.246,27.154,0.075,27.229
thresh_det_0.50,503,6,12761046,23.252,25.965,0.09,26.055
thresh_det_0.50,504,6,12761078,32.031,35.395,0.098,35.493
thresh_det_0.50,505,6,12761109,43.968,47.121,0.153,47.274
thresh_det_0.50,506,6,12761140,56.164,59.854,0.157,60.011
thresh_det_0.50,507,6,12761171,71.538,76.549,0.173,76.722
thresh_det_0.50,509,6,12761234,69.487,72.371,0.062,72.433
thresh_det_0.50,510,6,12761281,96.888,101.056,0.229,101.285
thresh_det_0.50,512,6,12761343,97.121,101.257,0.157,101.414
thresh_det_0.50,514,6,12761406,92.529,96.854,0.216,97.07
thresh_det_0.50,516,6,12761484,65.493,69.862,0.145,70.007
thresh_det_0.50,517,6,12761515,55.136,58.862,0.644,59.507
thresh_det_0.50,518,6,12761546,49.275,52.81,0.066,52.876
thresh_det_0.50,519,6,12761593,36.168,43.11,0.055,43.164
thresh_det_0.50,520,6,12761609,28.867,32.217,0.079,32.296
thresh_det_0.50,521,6,12761656,65.569,69.515,0.086,69.6
thresh_det_0.50,522,6,12761687,48.75,52.849,0.124,52.974
thresh_det_0.50,523,6,12761718,76.46,79.803,0.144,79.947
thresh_det_0.50,525,6,12761796,58.456,62.526,0.158,62.684
thresh_det_0.50,526,6,12761828,72.416,75.322,0.062,75.384
thresh_det_0.50,528,6,12761890,44.142,48.275,0.204,48.479
thresh_det_0.50,529,6,12761937,60.188,63.606,0.188,63.794
thresh_det_0.50,530,6,12761968,65.817,68.94,0.118,69.058
thresh_det_0.50,531,6,12762000,72.508,76.292,0.154,76.446
thresh_det_0.50,533,6,12762062,47.644,51.207,0.116,51.323
thresh_det_0.50,534,6,12762093,37.267,41.589,0.094,41.683
thresh_det_0.50,535,6,12762140,28.386,31.564,0.097,31.661
thresh_det_0.50,536,6,12762171,23.247,27.412,0.058,27.47
thresh_det_0.50,537,6,12762203,23.359,26.835,0.061,26.896
thresh_det_0.50,538,6,12762234,23.448,26.21,0.058,26.267
thresh_det_0.50,539,6,12762265,46.964,50.33,1.571,51.901
thresh_det_0.50,540,6,12762296,38.535,42.505,0.051,42.555
thresh_det_0.50,541,6,12762343,50.091,53.938,2.021,55.959
thresh_det_0.50,542,6,12762375,61.108,65.295,0.109,65.404
thresh_det_0.50,543,6,12762406,87.475,91.122,0.144,91.266
thresh_det_0.50,545,6,12762468,81.191,86.196,3.46,89.655
thresh_det_0.50,547,6,12762546,84.064,87.712,0.154,87.867
thresh_det_0.50,549,6,12762609,74.21,78.871,0.215,79.087
thresh_det_0.50,551,6,12762671,50.22,54.089,0.082,54.171
thresh_det_0.50,552,6,12762718,42.509,46.623,0.662,47.284
thresh_det_0.50,553,6,12762750,59.914,64.194,0.156,64.35
thresh_det_0.50,554,6,12762781,59.343,65.691,0.086,65.777
thresh_det_0.50,555,6,12762812,56.812,60.484,0.643,61.127
thresh_det_0.50,556,6,12762859,43.522,50.218,0.068,50.286
thresh_det_0.50,557,6,12762890,34.721,38.826,0.057,38.883
thresh_det_0.50,558,6,12762921,31.432,35.446,0.88,36.326
thresh_det_0.50,559,6,12762953,46.946,50.453,0.115,50.569
thresh_det_0.50,560,6,12762984,57.593,61.75,0.07,61.82
thresh_det_0.50,561,6,12763031,69.286,72.887,0.15,73.037
thresh_det_0.50,563,6,12763093,77.223,81.427,0.155,81.582
thresh_det_0.50,565,6,12763171,64.012,68.414,0.434,68.848
thresh_det_0.50,566,6,12763203,77.504,81.642,0.128,81.771
thresh_det_0.50,568,6,12763265,51.949,56.338,3.53,59.867
thresh_det_0.50,569,6,12763296,65.711,69.171,0.089,69.26
thresh_det_0.50,570,6,12763343,56.113,59.554,0.073,59.627
thresh_det_0.50,571,6,12763375,44.863,49.302,2.34,51.642
thresh_det_0.50,572,6,12763406,36.743,41.154,0.052,41.206
thresh_det_0.50,573,6,12763437,25.219,30.335,0.055,30.389
thresh_det_0.50,574,6,12763468,23.17,26.351,0.058,26.409
thresh_det_0.50,575,6,12763515,44.051,47.088,0.072,47.16
thresh_det_0.50,576,6,12763546,53.177,56.553,0.059,56.612
thresh_det_0.50,577,6,12763578,60.06,63.091,0.045,63.136
thresh_det_0.50,578,6,12763609,37.553,41.796,0.622,42.418
thresh_det_0.50,579,6,12763640,50.332,53.068,0.241,53.31
thresh_det_0.50,580,6,12763671,61.374,64.967,0.107,65.074
thresh_det_0.50,581,6,12763718,90.657,94.046,1.87,95.916
thresh_det_0.50,583,6,12763781,82.351,86.5,0.16,86.66
thresh_det_0.50,585,6,12763843,65.041,68.991,0.169,69.16
thresh_det_0.50,586,6,12763875,72.481,76.495,0.157,76.652
thresh_det_0.50,588,6,12763953,48.566,52.518,0.077,52.596
thresh_det_0.50,589,6,12763984,47.403,51.613,0.158,51.77
thresh_det_0.50,590,6,12764015,57.135,59.939,2.86,62.799
thresh_det_0.50,591,6,12764046,48.628,52.518,0.064,52.582
thresh_det_0.50,592,6,12764078,36.473,40.904,0.062,40.966
thresh_det_0.50,593,6,12764125,44.648,48.422,0.072,48.494
thresh_det_0.50,594,6,12764156,50.519,54.53,0.103,54.633
thresh_det_0.50,595,6,12764187,35.856,39.092,0.094,39.186
thresh_det_0.50,596,6,12764218,26.479,29.486,0.103,29.59
thresh_det_0.50,597,6,12764265,43.295,49.883,0.158,50.041
thresh_det_0.50,598,6,12764281,55.929,59.197,0.071,59.267
thresh_det_0.50,599,6,12764328,88.06,92.055,0.475,92.53
thresh_det_0.50,601,7,12764390,87.136,91.249,0.144,91.393
thresh_det_0.50,603,7,12764468,55.981,59.711,0.197,59.908
thresh_det_0.50,604,7,12764500,56.484,59.084,0.228,59.312
thresh_det_0.50,605,7,12764531,64.997,69.002,0.345,69.347
thresh_det_0.50,606,7,12764562,66.814,73.769,0.196,73.964
thresh_det_0.50,608,7,12764640,42.248,45.741,0.262,46.003
thresh_det_0.50,609,7,12764671,48.153,51.647,0.212,51.858
thresh_det_0.50,610,7,12764703,53.436,56.932,0.288,57.22
thresh_det_0.50,611,7,12764734,57.898,61.386,1.662,63.048
thresh_det_0.50,612,7,12764765,66.981,70.843,1.624,72.467
thresh_det_0.50,613,7,12764796,76.949,81.194,0.203,81.396
thresh_det_0.50,615,7,12764875,44.873,48.761,0.204,48.966
thresh_det_0.50,616,7,12764906,43.326,46.735,0.778,47.513
thresh_det_0.50,617,7,12764937,50.419,53.295,0.197,53.492
thresh_det_0.50,618,7,12764968,38.301,41.978,1.657,43.635
thresh_det_0.50,619,7,12765015,48.954,51.88,0.266,52.147
thresh_det_0.50,620,7,12765046,49.234,56.701,1.556,58.257
thresh_det_0.50,621,7,12765078,61.83,65.708,0.238,65.947
thresh_det_0.50,622,7,12765109,67.429,71.725,0.214,71.939
thresh_det_0.50,624,7,12765187,33.089,36.492,0.205,36.698
thresh_det_0.50,625,7,12765218,39.986,43.066,0.267,43.333
thresh_det_0.50,626,7,12765250,29.337,33.315,0.14,33.455
thresh_det_0.50,627,7,12765281,39.747,42.835,0.2,43.035
thresh_det_0.50,628,7,12765312,34.974,39.155,1.589,40.745
thresh_det_0.50,629,7,12765343,44.451,47.477,0.21,47.687
thresh_det_0.50,630,7,12765390,52.557,56.615,1.649,58.264
thresh_det_0.50,631,7,12765421,61.96,65.608,0.238,65.846
thresh_det_0.50,632,7,12765453,68.595,73.456,0.225,73.681
thresh_det_0.50,634,7,12765515,28.162,32.164,0.151,32.316
thresh_det_0.50,635,7,12765546,40.221,44.722,0.202,44.924
thresh_det_0.50,636,7,12765578,36.817,40.2,1.586,41.786
thresh_det_0.50,637,7,12765625,44.009,46.791,0.202,46.993
thresh_det_0.50,638,7,12765656,36.204,39.432,0.193,39.624
thresh_det_0.50,639,7,12765687,42.452,45.667,0.199,45.867
thresh_det_0.50,640,7,12765718,45.368,48.951,0.207,49.158
thresh_det_0.50,641,7,12765750,50.013,56.022,0.202,56.224
thresh_det_0.50,642,7,12765781,60.38,64.771,0.198,64.969
thresh_det_0.50,643,7,12765828,72.817,76.795,0.208,77.004
thresh_det_0.50,645,7,12765890,43.369,47.216,0.196,47.412
thresh_det_0.50,646,7,12765921,31.617,35.033,0.2,35.233
thresh_det_0.50,647,7,12765953,42.041,45.385,1.75,47.135
thresh_det_0.50,648,7,12766000,50.213,54.292,0.234,54.526
thresh_det_0.50,649,7,12766031,57.435,61.776,1.609,63.385
thresh_det_0.50,650,7,12766062,73.551,77.271,0.233,77.504
thresh_det_0.50,652,7,12766125,58.097,61.6,0.419,62.019
thresh_det_0.50,653,7,12766171,63.195,70.705,0.214,70.919
thresh_det_0.50,654,7,12766203,73.359,77.882,0.22,78.102
thresh_det_0.50,656,7,12766265,35.215,39.059,0.216,39.274
thresh_det_0.50,657,7,12766296,42.788,45.752,0.241,45.994
thresh_det_0.50,658,7,12766328,48.789,53.012,0.2,53.212
thresh_det_0.50,659,7,12766359,57.87,61.677,0.226,61.903
thresh_det_0.50,660,7,12766406,66.585,71.09,0.207,71.297
thresh_det_0.50,661,7,12766437,74.926,78.759,0.218,78.977
thresh_det_0.50,663,7,12766500,46.984,50.439,0.205,50.644
thresh_det_0.50,664,7,12766531,55.777,59.242,0.213,59.456
thresh_det_0.50,665,7,12766562,59.549,63.405,1.659,65.065
thresh_det_0.50,666,7,12766609,66.304,69.654,1.782,71.436
thresh_det_0.50,667,7,12766640,74.134,78.095,0.183,78.277
thresh_det_0.50,669,7,12766703,41.913,46.152,0.199,46.351
thresh_det_0.50,670,7,12766734,37.974,41.388,1.485,42.873
thresh_det_0.50,671,7,12766781,44.417,47.306,0.203,47.509
thresh_det_0.50,672,7,12766812,31.385,34.847,0.14,34.987
thresh_det_0.50,673,7,12766843,42.521,45.259,0.196,45.455
thresh_det_0.50,674,7,12766875,30.686,37.708,0.21,37.918
thresh_det_0.50,675,7,12766906,40.014,42.564,0.21,42.774
thresh_det_0.50,676,7,12766953,27.806,31.142,0.161,31.303
thresh_det_0.50,677,7,12766984,40.099,43.447,0.241,43.688
thresh_det_0.50,678,7,12767015,45.46,49.545,0.247,49.792
thresh_det_0.50,679,7,12767046,33.821,37.573,0.2,37.773
thresh_det_0.50,680,7,12767078,43.837,46.733,0.2,46.933
thresh_det_0.50,681,7,12767109,49.645,55.135,0.251,55.386
thresh_det_0.50,682,7,12767156,53.261,59.374,0.857,60.231
thresh_det_0.50,683,7,12767187,40.124,43.726,0.201,43.928
thresh_det_0.50,684,7,12767218,45.936,48.74,0.195,48.935
thresh_det_0.50,685,7,12767250,42.742,46.753,0.218,46.971
thresh_det_0.50,686,7,12767281,48.649,51.376,0.201,51.577
thresh_det_0.50,687,7,12767312,56.46,60.003,0.24,60.243
thresh_det_0.50,688,7,12767359,71.394,75.279,0.222,75.501
thresh_det_0.50,689,7,12767390,79.072,84.016,0.199,84.215
thresh_det_0.50,691,7,12767453,47.215,51.05,0.234,51.284
thresh_det_0.50,692,7,12767500,39.996,43.861,0.305,44.166
thresh_det_0.50,693,7,12767531,46.497,49.096,0.195,49.291
thresh_det_0.50,694,7,12767562,54.022,58.212,1.604,59.816
thresh_det_0.50,695,7,12767593,62.558,66.412,1.606,68.018
thresh_det_0.50,696,7,12767625,60.25,64.13,0.907,65.037
thresh_det_0.50,697,7,12767671,65.273,69.265,0.258,69.524
thresh_det_0.50,698,7,12767703,71.64,74.96,0.201,75.16
thresh_det_0.50,700,8,12767765,44.872,48.318,0.076,48.394
thresh_det_0.50,701,8,12767796,30.124,36.511,0.482,36.994
thresh_det_0.50,702,8,12767843,23.317,27.544,0.072,27.616
thresh_det_0.50,703,8,12767875,23.782,26.627,0.056,26.682
thresh_det_0.50,704,8,12767906,23.269,25.898,0.057,25.955
thresh_det_0.50,705,8,12767937,18.988,22.404,0.043,22.447
thresh_det_0.50,706,8,12767968,23.497,26.012,0.06,26.072
thresh_det_0.50,707,8,12768000,23.163,26.494,0.049,26.543
thresh_det_0.50,708,8,12768031,23.761,26.233,0.099,26.332
thresh_det_0.50,709,8,12768078,23.478,26.141,0.057,26.199
thresh_det_0.50,710,8,12768109,23.635,26.922,0.158,27.08
thresh_det_0.50,711,8,12768140,23.159,27.087,0.102,27.188
thresh_det_0.50,712,8,12768171,23.167,26.767,0.082,26.849
thresh_det_0.50,713,8,12768203,18.394,22.212,0.048,22.26
thresh_det_0.50,714,8,12768234,23.447,26.007,0.063,26.07
thresh_det_0.50,715,8,12768281,23.262,26.606,0.057,26.663
thresh_det_0.50,716,8,12768312,21.106,24.207,0.042,24.249
thresh_det_0.50,717,8,12768343,23.976,27.171,0.098,27.269
thresh_det_0.50,718,8,12768375,23.737,27.821,0.085,27.907
thresh_det_0.50,719,8,12768406,23.869,26.55,0.081,26.631
thresh_det_0.50,720,8,12768437,20.918,24.691,0.047,24.737
thresh_det_0.50,721,8,12768484,23.406,26.018,0.078,26.096
thresh_det_0.50,722,8,12768515,23.281,27.124,0.057,27.181
thresh_det_0.50,723,8,12768546,23.038,26.374,0.056,26.43
thresh_det_0.50,724,8,12768578,24.293,27.095,0.097,27.193
thresh_det_0.50,725,8,12768609,23.36,25.848,0.057,25.905
thresh_det_0.50,726,8,12768640,16.251,19.422,0.048,19.47
thresh_det_0.50,727,8,12768671,23.175,25.662,0.135,25.797
thresh_det_0.50,728,8,12768718,24.513,28.143,0.096,28.239
thresh_det_0.50,729,8,12768750,24.744,27.552,0.094,27.646
thresh_det_0.50,730,8,12768781,23.245,27.654,0.066,27.72
thresh_det_0.50,731,8,12768812,23.426,26.077,0.058,26.135
thresh_det_0.50,732,8,12768843,23.288,27.166,0.062,27.228
thresh_det_0.50,733,8,12768890,23.279,26.543,0.084,26.627
thresh_det_0.50,734,8,12768921,23.522,26.185,0.088,26.273
thresh_det_0.50,735,8,12768953,23.31,26.441,0.098,26.539
thresh_det_0.50,736,8,12768984,23.604,26.636,0.053,26.688
thresh_det_0.50,737,8,12769015,23.284,26.474,0.094,26.568
thresh_det_0.50,738,8,12769046,23.347,25.805,0.057,25.861
thresh_det_0.50,739,8,12769078,23.178,26.493,0.069,26.562
thresh_det_0.50,740,8,12769125,23.849,26.48,0.138,26.619
thresh_det_0.50,741,8,12769156,23.219,25.625,0.058,25.683
thresh_det_0.50,742,8,12769187,23.257,27.285,0.057,27.342
thresh_det_0.50,743,8,12769218,23.525,26.86,0.08,26.94
thresh_det_0.50,744,8,12769250,23.355,26.075,0.068,26.144
thresh_det_0.50,745,8,12769281,23.173,26.923,0.056,26.979
thresh_det_0.50,746,8,12769328,23.767,26.346,0.095,26.441
thresh_det_0.50,747,8,12769359,23.373,26.513,0.061,26.574
thresh_det_0.50,748,8,12769390,23.856,26.468,0.063,26.531
thresh_det_0.50,749,8,12769421,33.092,36.269,0.098,36.367
thresh_det_0.50,750,8,12769453,23.477,26.763,0.057,26.82
thresh_det_0.50,751,8,12769500,23.179,26.405,0.078,26.483
thresh_det_0.50,752,8,12769531,23.014,25.93,0.056,25.986
thresh_det_0.50,753,8,12769562,23.529,29.293,0.059,29.352
thresh_det_0.50,754,8,12769593,23.316,26.687,0.056,26.743
thresh_det_0.50,755,8,12769625,23.827,27.117,0.097,27.214
thresh_det_0.50,756,8,12769656,23.29,27.276,0.095,27.371
thresh_det_0.50,757,8,12769687,23.323,25.731,0.057,25.788
thresh_det_0.50,758,8,12769734,23.45,26.751,0.052,26.803
thresh_det_0.50,759,8,12769765,23.328,25.816,0.058,25.874
thresh_det_0.50,760,8,12769796,19.188,22.298,0.042,22.34
thresh_det_0.50,761,8,12769828,24.955,27.53,0.095,27.626
thresh_det_0.50,762,8,12769859,23.409,26.822,0.092,26.914
thresh_det_0.50,763,8,12769890,76.094,79.288,0.082,79.369
thresh_det_0.50,764,8,12769968,28.958,32.594,0.055,32.649
thresh_det_0.50,765,8,12770000,24.177,27.404,0.119,27.523
thresh_det_0.50,766,8,12770046,23.04,27.43,0.058,27.488
thresh_det_0.50,767,8,12770078,23.242,25.993,0.094,26.088
thresh_det_0.50,768,8,12770109,23.002,26.08,0.062,26.142
thresh_det_0.50,769,8,12770140,24.759,27.466,0.129,27.596
thresh_det_0.50,770,8,12770171,23.182,27.127,0.056,27.182
thresh_det_0.50,771,8,12770203,23.207,26.439,0.059,26.498
thresh_det_0.50,772,8,12770234,23.456,26.058,0.062,26.12
thresh_det_0.50,773,8,12770281,23.252,26.457,0.096,26.553
thresh_det_0.50,774,8,12770312,23.102,25.861,0.076,25.937
thresh_det_0.50,775,8,12770343,23.882,27.68,0.096,27.776
thresh_det_0.50,776,8,12770375,25.498,28.332,0.099,28.432
thresh_det_0.50,777,8,12770421,23.22,28.562,0.057,28.619
thresh_det_0.50,778,8,12770453,23.349,26.358,0.089,26.448
thresh_det_0.50,779,8,12770484,23.286,26.262,0.043,26.305
thresh_det_0.50,780,8,12770515,24.292,26.796,0.055,26.851
thresh_det_0.50,781,8,12770546,24.224,27.969,0.058,28.027
thresh_det_0.50,782,8,12770578,23.873,26.516,0.104,26.62
thresh_det_0.50,783,8,12770609,23.465,26.821,0.066,26.887
thresh_det_0.50,784,8,12770656,23.194,26.48,0.058,26.537
thresh_det_0.50,785,8,12770687,23.29,26.685,0.099,26.784
thresh_det_0.50,786,8,12770718,23.174,26.983,0.097,27.08
thresh_det_0.50,787,8,12770750,23.465,26.83,0.1,26.929
thresh_det_0.50,788,8,12770781,20.937,24.13,0.058,24.188
thresh_det_0.50,789,8,12770812,23.868,26.361,0.054,26.415
thresh_det_0.50,790,8,12770859,23.368,26.869,0.06,26.928
thresh_det_0.50,791,8,12770890,23.22,26.232,0.078,26.31
thresh_det_0.50,792,8,12770921,23.382,26.02,0.096,26.116
thresh_det_0.50,793,8,12770953,18.263,21.201,0.041,21.242
thresh_det_0.50,794,8,12770984,25.428,28.177,0.094,28.271
thresh_det_0.50,795,8,12771015,23.12,26.431,0.057,26.488
thresh_det_0.50,796,8,12771062,20.873,24.094,0.037,24.131
thresh_det_0.50,797,8,12771093,24.152,27.547,0.054,27.601
thresh_det_0.50,798,8,12771125,23.292,26.073,0.075,26.148
thresh_det_0.50,799,8,12771156,23.006,26.369,0.056,26.424
thresh_trk_0.35,0,1,12771562,25.838,46.69,0.067,46.758
thresh_trk_0.35,1,1,12771578,32.937,36.352,0.065,36.417
thresh_trk_0.35,2,1,12771625,23.368,26.872,0.057,26.929
thresh_trk_0.35,3,1,12771656,23.413,26.096,0.058,26.155
thresh_trk_0.35,4,1,12771687,23.748,27.298,0.095,27.393
thresh_trk_0.35,5,1,12771718,23.422,27.34,0.056,27.396
thresh_trk_0.35,6,1,12771750,23.528,26.923,0.056,26.978
thresh_trk_0.35,7,1,12771781,23.753,26.239,0.055,26.294
thresh_trk_0.35,8,1,12771812,24.204,26.683,0.095,26.778
thresh_trk_0.35,9,1,12771859,23.348,27.375,0.062,27.437
thresh_trk_0.35,10,1,12771890,23.233,26.494,0.058,26.552
thresh_trk_0.35,11,1,12771921,23.672,26.584,0.056,26.64
thresh_trk_0.35,12,1,12771953,19.955,23.387,0.055,23.442
thresh_trk_0.35,13,1,12771984,27.198,30.379,0.056,30.436
thresh_trk_0.35,14,1,12772015,23.375,26.658,0.056,26.713
thresh_trk_0.35,15,1,12772062,23.238,26.14,0.055,26.195
thresh_trk_0.35,16,1,12772093,20.335,23.692,0.061,23.753
thresh_trk_0.35,17,1,12772125,23.659,26.326,0.06,26.385
thresh_trk_0.35,18,1,12772156,23.175,27.171,0.056,27.226
thresh_trk_0.35,19,1,12772187,23.234,26.676,0.097,26.772
thresh_trk_0.35,20,1,12772218,23.211,25.87,0.058,25.929
thresh_trk_0.35,21,1,12772265,23.183,26.618,0.055,26.673
thresh_trk_0.35,22,1,12772296,23.431,27.364,0.061,27.425
thresh_trk_0.35,23,1,12772328,22.155,25.506,0.046,25.552
thresh_trk_0.35,24,1,12772359,23.259,25.835,0.055,25.89
thresh_trk_0.35,25,1,12772390,24.016,29.721,0.087,29.807
thresh_trk_0.35,26,1,12772421,25.126,29.122,0.167,29.29
thresh_trk_0.35,27,1,12772468,23.327,27.271,0.095,27.366
thresh_trk_0.35,28,1,12772500,23.402,27.388,0.057,27.445
thresh_trk_0.35,29,1,12772546,19.567,22.916,0.041,22.957
thresh_trk_0.35,30,1,12772578,24.53,27.344,0.104,27.448
thresh_trk_0.35,31,1,12772609,23.436,27.327,0.056,27.383
thresh_trk_0.35,32,1,12772640,23.184,26.642,0.076,26.718
thresh_trk_0.35,33,1,12772671,23.241,26.043,0.061,26.104
thresh_trk_0.35,34,1,12772703,23.326,26.61,0.095,26.705
thresh_trk_0.35,35,1,12772750,23.135,26.91,0.074,26.983
thresh_trk_0.35,36,1,12772781,23.272,26.053,0.063,26.116
thresh_trk_0.35,37,1,12772812,19.569,23.054,0.056,23.109
thresh_trk_0.35,38,1,12772843,26.645,29.449,0.146,29.595
thresh_trk_0.35,39,1,12772875,23.198,27.185,0.125,27.31
thresh_trk_0.35,40,1,12772906,23.204,26.433,0.1,26.533
thresh_trk_0.35,41,1,12772953,24.355,28.244,0.051,28.295
thresh_trk_0.35,42,1,12772984,23.536,27.412,0.056,27.468
thresh_trk_0.35,43,1,12773015,23.62,26.279,0.059,26.338
thresh_trk_0.35,44,1,12773046,22.493,25.656,0.058,25.714
thresh_trk_0.35,45,1,12773078,23.24,26.002,0.059,26.061
thresh_trk_0.35,46,1,12773109,23.142,27.009,0.057,27.066
thresh_trk_0.35,47,1,12773156,23.154,26.369,0.056,26.426
thresh_trk_0.35,48,1,12773187,23.353,27.255,0.056,27.311
thresh_trk_0.35,49,1,12773218,18.936,22.43,0.054,22.484
thresh_trk_0.35,50,1,12773250,23.619,26.245,0.056,26.301
thresh_trk_0.35,51,1,12773281,23.576,26.948,0.057,27.005
thresh_trk_0.35,52,1,12773312,23.293,25.926,0.075,26.001
thresh_trk_0.35,53,1,12773359,23.226,27.241,0.094,27.335
thresh_trk_0.35,54,1,12773390,24.508,27.308,0.099,27.407
thresh_trk_0.35,55,1,12773421,39.86,43.035,0.115,43.15
thresh_trk_0.35,56,1,12773468,24.177,27.527,0.064,27.591
thresh_trk_0.35,57,1,12773500,22.704,25.874,0.056,25.929
thresh_trk_0.35,58,1,12773531,23.874,26.545,0.055,26.6
thresh_trk_0.35,59,1,12773562,23.524,27.453,0.056,27.51
thresh_trk_0.35,60,1,12773593,23.235,26.604,0.056,26.66
thresh_trk_0.35,61,1,12773625,23.293,26.418,0.085,26.503
thresh_trk_0.35,62,1,12773671,23.223,27.234,0.148,27.382
thresh_trk_0.35,63,1,12773703,23.121,25.708,0.056,25.765
thresh_trk_0.35,64,1,12773734,23.33,26.632,0.056,26.688
thresh_trk_0.35,65,1,12773765,23.737,26.314,0.064,26.378
thresh_trk_0.35,66,1,12773796,24.247,27.509,0.094,27.603
thresh_trk_0.35,67,1,12773828,23.41,26.278,0.058,26.336
thresh_trk_0.35,68,1,12773859,23.141,27.049,0.056,27.105
thresh_trk_0.35,69,1,12773906,23.445,26.502,0.056,26.559
thresh_trk_0.35,70,1,12773937,23.938,27.665,0.134,27.799
thresh_trk_0.35,71,1,12773968,23.844,26.577,0.069,26.646
thresh_trk_0.35,72,1,12774000,23.38,27.145,0.057,27.202
thresh_trk_0.35,73,1,12774031,22.543,25.974,0.139,26.113
thresh_trk_0.35,74,1,12774062,23.241,26.012,0.056,26.068
thresh_trk_0.35,75,1,12774109,23.233,26.577,0.096,26.673
thresh_trk_0.35,76,1,12774140,25.418,29.317,0.135,29.452
thresh_trk_0.35,77,1,12774171,24.557,27.415,0.058,27.473
thresh_trk_0.35,78,1,12774203,23.144,25.734,0.058,25.792
thresh_trk_0.35,79,1,12774234,23.272,26.662,0.058,26.72
thresh_trk_0.35,80,1,12774265,23.227,26.122,0.056,26.177
thresh_trk_0.35,81,1,12774312,22.75,26.043,0.041,26.085
thresh_trk_0.35,82,1,12774343,26.187,28.679,0.057,28.736
thresh_trk_0.35,83,1,12774375,23.541,26.937,0.097,27.034
thresh_trk_0.35,84,1,12774406,23.709,27.483,0.114,27.597
thresh_trk_0.35,85,1,12774453,24.041,29.481,0.061,29.543
thresh_trk_0.35,86,1,12774484,23.39,27.126,0.054,27.18
thresh_trk_0.35,87,1,12774515,24.314,27.685,0.101,27.786
thresh_trk_0.35,88,1,12774546,23.675,27.33,0.097,27.427
thresh_trk_0.35,89,1,12774578,23.419,26.188,0.057,26.245
thresh_trk_0.35,90,1,12774625,23.312,26.584,0.055,26.639
thresh_trk_0.35,91,1,12774656,23.383,25.945,0.058,26.003
thresh_trk_0.35,92,1,12774687,20.355,23.67,0.059,23.729
thresh_trk_0.35,93,1,12774718,23.943,26.816,0.073,26.889
thresh_trk_0.35,94,1,12774750,23.713,27.592,0.097,27.688
thresh_trk_0.35,95,1,12774781,23.543,26.386,0.086,26.472
thresh_trk_0.35,96,1,12774812,21.01,24.266,0.067,24.333
thresh_trk_0.35,97,1,12774859,23.425,26.293,0.061,26.354
thresh_trk_0.35,98,1,12774890,23.35,26.356,0.057,26.413
thresh_trk_0.35,99,1,12774921,23.71,26.565,0.089,26.654
thresh_trk_0.35,100,2,12774953,70.146,73.421,0.134,73.555
thresh_trk_0.35,101,2,12775000,99.585,104.377,2.109,106.486
thresh_trk_0.35,103,2,12775062,91.619,98.707,0.164,98.87
thresh_trk_0.35,105,2,12775125,122.34,126.238,0.167,126.405
thresh_trk_0.35,108,2,12775250,71.949,75.942,0.167,76.109
thresh_trk_0.35,110,2,12775312,62.575,66.861,0.119,66.98
thresh_trk_0.35,111,2,12775343,89.258,92.953,0.184,93.137
thresh_trk_0.35,113,2,12775421,72.293,76.851,2.6,79.451
thresh_trk_0.35,115,2,12775484,70.908,73.616,0.15,73.766
thresh_trk_0.35,117,2,12775546,63.145,66.553,0.158,66.712
thresh_trk_0.35,118,2,12775593,92.501,95.873,0.115,95.987
thresh_trk_0.35,120,2,12775656,78.489,81.922,0.313,82.235
thresh_trk_0.35,122,2,12775718,76.136,80.369,0.179,80.549
thresh_trk_0.35,124,2,12775796,69.505,73.401,0.171,73.572
thresh_trk_0.35,125,2,12775828,92.668,96.412,0.111,96.523
thresh_trk_0.35,127,2,12775890,74.459,78.316,0.155,78.472
thresh_trk_0.35,129,2,12775968,69.809,73.857,0.152,74.009
thresh_trk_0.35,131,2,12776031,53.069,57.063,0.163,57.226
thresh_trk_0.35,132,2,12776062,84.639,87.369,1.861,89.23
thresh_trk_0.35,134,2,12776125,74.151,77.707,0.154,77.861
thresh_trk_0.35,136,2,12776203,74.186,78.06,0.143,78.203
thresh_trk_0.35,137,2,12776234,107.032,111.073,0.165,111.238
thresh_trk_0.35,140,2,12776343,72.741,78.712,0.149,78.861
thresh_trk_0.35,142,2,12776406,68.074,72.039,0.449,72.488
thresh_trk_0.35,143,2,12776437,94.619,98.69,0.158,98.848
thresh_trk_0.35,145,2,12776515,83.568,87.811,0.16,87.972
thresh_trk_0.35,147,2,12776578,73.704,77.684,2.008,79.692
thresh_trk_0.35,149,2,12776640,63.354,66.435,0.147,66.583
thresh_trk_0.35,150,2,12776671,96.406,100.322,0.277,100.599
thresh_trk_0.35,152,2,12776750,90.877,94.78,0.2,94.981
thresh_trk_0.35,154,2,12776812,75.349,78.688,0.152,78.84
thresh_trk_0.35,156,2,12776890,60.692,63.644,0.156,63.801
thresh_trk_0.35,157,2,12776921,91.849,95.413,0.28,95.692
thresh_trk_0.35,159,2,12776984,92.765,97.261,0.293,97.554
thresh_trk_0.35,161,2,12777062,69.511,73.553,2.277,75.829
thresh_trk_0.35,163,2,12777125,56.934,60.069,0.116,60.186
thresh_trk_0.35,164,2,12777156,71.128,74.688,0.168,74.856
thresh_trk_0.35,166,2,12777234,60.563,64.476,0.198,64.674
thresh_trk_0.35,167,2,12777265,90.129,93.382,0.16,93.542
thresh_trk_0.35,169,2,12777328,66.845,71.997,2.262,74.259
thresh_trk_0.35,171,2,12777406,72.009,74.814,0.154,74.968
thresh_trk_0.35,173,2,12777468,58.319,62.226,0.638,62.864
thresh_trk_0.35,174,2,12777500,75.513,79.004,0.156,79.16
thresh_trk_0.35,176,2,12777578,59.556,63.555,0.191,63.746
thresh_trk_0.35,177,2,12777609,69.986,72.759,0.206,72.964
thresh_trk_0.35,179,2,12777671,64.516,67.138,0.196,67.334
thresh_trk_0.35,180,2,12777703,81.634,85.076,0.166,85.242
thresh_trk_0.35,182,2,12777765,76.311,80.701,0.155,80.856
thresh_trk_0.35,184,2,12777843,72.947,76.445,0.154,76.599
thresh_trk_0.35,186,2,12777906,46.425,50.454,0.163,50.616
thresh_trk_0.35,187,2,12777937,82.337,84.929,0.152,85.08
thresh_trk_0.35,189,2,12778015,61.476,65.844,0.176,66.02
thresh_trk_0.35,190,2,12778046,85.774,89.176,0.157,89.333
thresh_trk_0.35,192,2,12778109,67.232,71.046,0.17,71.215
thresh_trk_0.35,194,2,12778171,64.196,66.85,0.155,67.004
thresh_trk_0.35,195,2,12778218,92.416,95.854,0.148,96.003
thresh_trk_0.35,197,2,12778281,70.067,73.498,0.275,73.773
thresh_trk_0.35,199,2,12778343,65.403,68.416,0.157,68.572
thresh_trk_0.35,200,3,12778375,94.019,97.961,0.112,98.073
thresh_trk_0.35,202,3,12778453,83.631,87.102,0.1,87.202
thresh_trk_0.35,204,3,12778515,65.139,67.718,0.679,68.396
thresh_trk_0.35,205,3,12778546,73.282,76.788,0.197,76.984
thresh_trk_0.35,207,3,12778625,48.323,51.718,0.221,51.939
thresh_trk_0.35,208,3,12778656,50.333,54.371,0.067,54.438
thresh_trk_0.35,209,3,12778687,82.84,86.094,0.178,86.272
thresh_trk_0.35,211,3,12778750,55.354,58.802,0.156,58.958
thresh_trk_0.35,212,3,12778796,69.833,73.762,0.081,73.843
thresh_trk_0.35,213,3,12778828,95.371,99.356,0.168,99.524
thresh_trk_0.35,215,3,12778890,59.477,63.115,0.232,63.347
thresh_trk_0.35,216,3,12778921,72.529,75.762,0.067,75.829
thresh_trk_0.35,218,3,12779000,61.466,65.169,0.114,65.282
thresh_trk_0.35,219,3,12779031,64.384,67.995,0.182,68.177
thresh_trk_0.35,220,3,12779062,77.615,80.356,0.178,80.534
thresh_trk_0.35,222,3,12779125,50.697,54.528,0.076,54.604
thresh_trk_0.35,223,3,12779171,85.595,89.2,0.229,89.429
thresh_trk_0.35,225,3,12779234,60.752,65.189,1.705,66.894
thresh_trk_0.35,226,3,12779265,72.042,75.467,0.165,75.632
thresh_trk_0.35,228,3,12779343,76.824,80.447,0.195,80.643
thresh_trk_0.35,230,3,12779406,44.31,47.606,0.243,47.849
thresh_trk_0.35,231,3,12779453,48.196,52.345,0.229,52.574
thresh_trk_0.35,232,3,12779484,53.778,57.948,1.541,59.49
thresh_trk_0.35,233,3,12779515,60.745,64.209,0.213,64.422
thresh_trk_0.35,234,3,12779546,63.868,68.116,0.374,68.49
thresh_trk_0.35,235,3,12779578,70.012,73.533,0.269,73.801
thresh_trk_0.35,237,3,12779656,30.805,34.306,0.248,34.554
thresh_trk_0.35,238,3,12779687,42.655,46.055,0.777,46.831
thresh_trk_0.35,239,3,12779718,47.128,51.153,0.169,51.322
thresh_trk_0.35,240,3,12779750,61.389,65.562,0.203,65.765
thresh_trk_0.35,241,3,12779796,79.34,85.102,0.196,85.298
thresh_trk_0.35,243,3,12779859,53.027,56.086,2.288,58.374
thresh_trk_0.35,244,3,12779890,61.63,65.139,0.205,65.344
thresh_trk_0.35,245,3,12779921,68.569,72.55,0.239,72.789
thresh_trk_0.35,247,3,12779984,42.157,46.009,0.265,46.273
thresh_trk_0.35,248,3,12780031,50.51,54.4,0.204,54.605
thresh_trk_0.35,249,3,12780062,55.534,59.504,0.199,59.703
thresh_trk_0.35,250,3,12780093,51.506,54.924,0.214,55.138
thresh_trk_0.35,251,3,12780125,52.973,57.573,0.162,57.736
thresh_trk_0.35,252,3,12780156,62.831,67.258,0.157,67.414
thresh_trk_0.35,253,3,12780203,68.458,72.048,0.152,72.2
thresh_trk_0.35,255,3,12780265,44.334,47.778,0.172,47.95
thresh_trk_0.35,256,3,12780296,68.117,71.479,0.155,71.634
thresh_trk_0.35,258,3,12780359,65.323,68.107,1.582,69.689
thresh_trk_0.35,259,3,12780406,78.067,81.757,1.58,83.337
thresh_trk_0.35,261,3,12780468,39.626,43.327,1.569,44.896
thresh_trk_0.35,262,3,12780500,50.331,53.016,1.622,54.637
thresh_trk_0.35,263,3,12780531,56.933,61.702,0.267,61.968
thresh_trk_0.35,264,3,12780578,59.164,66.898,0.176,67.074
thresh_trk_0.35,265,3,12780609,74.32,78.828,0.177,79.004
thresh_trk_0.35,267,3,12780671,73.754,77.28,1.706,78.986
thresh_trk_0.35,269,3,12780734,34.205,38.115,0.162,38.276
thresh_trk_0.35,270,3,12780765,63.208,66.334,0.258,66.592
thresh_trk_0.35,271,3,12780812,68.987,72.543,0.17,72.713
thresh_trk_0.35,273,3,12780875,52.062,56.155,0.206,56.361
thresh_trk_0.35,274,3,12780906,54.439,57.2,0.132,57.332
thresh_trk_0.35,275,3,12780937,60.785,64.822,0.208,65.029
thresh_trk_0.35,276,3,12780968,63.15,65.933,0.125,66.058
thresh_trk_0.35,277,3,12781015,85.952,89.102,0.217,89.319
thresh_trk_0.35,279,3,12781078,56.535,60.263,0.169,60.432
thresh_trk_0.35,280,3,12781109,70.209,74.004,0.895,74.9
thresh_trk_0.35,282,3,12781171,36.888,39.563,0.17,39.733
thresh_trk_0.35,283,3,12781203,69.253,72.69,0.2,72.89
thresh_trk_0.35,285,3,12781281,30.563,33.922,0.125,34.047
thresh_trk_0.35,286,3,12781312,66.977,69.497,1.591,71.088
thresh_trk_0.35,287,3,12781343,72.947,77.03,0.17,77.2
thresh_trk_0.35,289,3,12781421,70.344,76.26,0.202,76.462
thresh_trk_0.35,291,3,12781484,32.178,35.7,0.269,35.969
thresh_trk_0.35,292,3,12781515,56.425,59.45,0.204,59.654
thresh_trk_0.35,293,3,12781562,45.666,49.566,2.125,51.691
thresh_trk_0.35,294,3,12781593,79.622,82.337,0.197,82.534
thresh_trk_0.35,296,3,12781656,29.771,33.755,0.217,33.972
thresh_trk_0.35,297,3,12781687,62.947,65.501,0.264,65.765
thresh_trk_0.35,298,3,12781734,60.462,64.388,0.164,64.552
thresh_trk_0.35,299,3,12781765,92.692,96.557,0.208,96.765
thresh_trk_0.35,301,4,12781828,63.653,67.605,0.082,67.687
thresh_trk_0.35,302,4,12781859,90.936,95.327,0.161,95.488
thresh_trk_0.35,304,4,12781937,86.122,89.954,0.155,90.109
thresh_trk_0.35,306,4,12782000,81.17,84.582,0.16,84.742
thresh_trk_0.35,308,4,12782062,67.055,70.427,0.203,70.63
thresh_trk_0.35,309,4,12782093,90.796,94.164,0.15,94.314
thresh_trk_0.35,311,4,12782171,74.351,78.066,0.288,78.354
thresh_trk_0.35,313,4,12782234,55.951,60.332,1.496,61.828
thresh_trk_0.35,314,4,12782265,67.532,70.489,0.161,70.65
thresh_trk_0.35,315,4,12782312,93.475,96.98,0.155,97.135
thresh_trk_0.35,317,4,12782375,82.057,85.513,0.228,85.741
thresh_trk_0.35,319,4,12782437,82.774,86.757,0.181,86.938
thresh_trk_0.35,321,4,12782515,60.557,63.919,0.158,64.077
thresh_trk_0.35,322,4,12782546,67.489,70.586,0.174,70.759
thresh_trk_0.35,323,4,12782578,97.651,101.41,0.157,101.567
thresh_trk_0.35,325,4,12782656,66.771,72.677,0.148,72.825
thresh_trk_0.35,327,4,12782718,45.656,48.631,0.196,48.827
thresh_trk_0.35,328,4,12782750,45.92,49.296,0.153,49.45
thresh_trk_0.35,329,4,12782781,54.143,57.353,0.17,57.523
thresh_trk_0.35,330,4,12782812,43.011,46.541,0.202,46.743
thresh_trk_0.35,331,4,12782843,49.017,51.888,0.113,52.001
thresh_trk_0.35,332,4,12782875,35.981,39.46,0.147,39.607
thresh_trk_0.35,333,4,12782921,46.247,49.003,0.16,49.164
thresh_trk_0.35,334,4,12782953,77.156,80.778,0.156,80.934
thresh_trk_0.35,336,4,12783015,68.301,72.322,0.146,72.468
thresh_trk_0.35,338,4,12783078,47.9,51.16,1.942,53.101
thresh_trk_0.35,339,4,12783125,56.838,60.905,0.152,61.057
thresh_trk_0.35,340,4,12783156,70.114,74.596,0.142,74.738
thresh_trk_0.35,341,4,12783187,60.805,64.853,0.152,65.005
thresh_trk_0.35,342,4,12783218,83.154,86.85,0.201,87.051
thresh_trk_0.35,344,4,12783296,62.797,66.212,0.158,66.37
thresh_trk_0.35,345,4,12783328,97.812,100.541,0.255,100.796
thresh_trk_0.35,347,4,12783390,94.109,101.318,0.18,101.498
thresh_trk_0.35,349,4,12783468,114.545,118.717,0.153,118.871
thresh_trk_0.35,351,4,12783546,91.475,95.735,2.028,97.763
thresh_trk_0.35,353,4,12783625,72.239,75.395,0.159,75.555
thresh_trk_0.35,355,4,12783687,48.423,51.404,0.195,51.6
thresh_trk_0.35,356,4,12783718,51.516,55.352,0.167,55.519
thresh_trk_0.35,357,4,12783750,59.28,62.015,1.693,63.708
thresh_trk_0.35,358,4,12783781,71.036,74.252,0.165,74.417
thresh_trk_0.35,360,4,12783859,62.689,66.212,0.154,66.366
thresh_trk_0.35,361,4,12783890,94.444,97.894,0.151,98.044
thresh_trk_0.35,363,4,12783953,88.861,92.877,1.583,94.46
thresh_trk_0.35,365,4,12784031,64.91,68.329,0.177,68.506
thresh_trk_0.35,366,4,12784062,92.967,97.077,0.206,97.283
thresh_trk_0.35,368,4,12784125,67.061,70.75,0.343,71.093
thresh_trk_0.35,369,4,12784156,57.839,61.997,0.119,62.115
thresh_trk_0.35,370,4,12784203,79.204,83.729,0.239,83.968
thresh_trk_0.35,372,4,12784265,52.44,55.992,0.242,56.234
thresh_trk_0.35,373,4,12784296,53.853,59.203,0.211,59.414
thresh_trk_0.35,374,4,12784328,82.76,87.046,0.252,87.298
thresh_trk_0.35,376,4,12784406,42.769,46.841,0.273,47.114
thresh_trk_0.35,377,4,12784437,63.979,66.78,1.362,68.142
thresh_trk_0.35,378,4,12784468,83.86,87.386,0.196,87.581
thresh_trk_0.35,380,4,12784531,54.651,57.62,0.172,57.793
thresh_trk_0.35,381,4,12784562,84.576,88.163,1.623,89.786
thresh_trk_0.35,383,4,12784640,40.574,44.517,0.155,44.671
thresh_trk_0.35,384,4,12784671,74.868,77.679,1.633,79.312
thresh_trk_0.35,386,4,12784734,46.705,50.745,0.156,50.901
thresh_trk_0.35,387,4,12784781,59.241,62.727,0.236,62.963
thresh_trk_0.35,388,4,12784812,65.953,68.681,2.851,71.532
thresh_trk_0.35,389,4,12784843,93.722,99.097,0.2,99.297
thresh_trk_0.35,391,4,12784906,58.905,62.858,0.128,62.985
thresh_trk_0.35,392,4,12784937,78.258,81.741,0.219,81.96
thresh_trk_0.35,394,4,12785015,49.431,53.27,0.171,53.44
thresh_trk_0.35,395,4,12785046,77.98,82.179,0.209,82.388
thresh_trk_0.35,397,4,12785109,52.742,56.877,1.992,58.868
thresh_trk_0.35,398,4,12785156,81.742,85.753,0.198,85.951
thresh_trk_0.35,400,5,12785218,55.759,59.746,0.083,59.829
thresh_trk_0.35,401,5,12785250,65.256,69.881,0.136,70.017
thresh_trk_0.35,402,5,12785281,76.094,80.093,0.155,80.248
thresh_trk_0.35,404,5,12785359,50.465,54.464,2.413,56.878
thresh_trk_0.35,405,5,12785390,64.367,68.179,0.547,68.726
thresh_trk_0.35,406,5,12785421,92.256,96.102,0.164,96.266
thresh_trk_0.35,408,5,12785500,60.601,64.036,1.996,66.032
thresh_trk_0.35,409,5,12785531,77.296,81.388,0.561,81.949
thresh_trk_0.35,411,5,12785593,49.332,53.31,0.159,53.469
thresh_trk_0.35,412,5,12785640,64.089,68.168,3.576,71.744
thresh_trk_0.35,413,5,12785671,76.924,80.828,0.181,81.009
thresh_trk_0.35,415,5,12785750,50.087,54.116,1.592,55.708
thresh_trk_0.35,416,5,12785781,62.318,66.457,0.165,66.622
thresh_trk_0.35,417,5,12785812,59.309,63.339,3.676,67.015
thresh_trk_0.35,418,5,12785843,73.849,77.284,0.155,77.44
thresh_trk_0.35,420,5,12785921,34.643,38.17,0.161,38.33
thresh_trk_0.35,421,5,12785953,44.369,47.969,0.179,48.148
thresh_trk_0.35,422,5,12785984,52.005,56.268,0.155,56.424
thresh_trk_0.35,423,5,12786015,60.717,63.45,0.118,63.569
thresh_trk_0.35,424,5,12786046,57.597,61.504,0.203,61.708
thresh_trk_0.35,425,5,12786078,72.254,74.993,0.143,75.135
thresh_trk_0.35,427,5,12786156,44.81,48.559,0.16,48.719
thresh_trk_0.35,428,5,12786187,50.452,53.88,0.155,54.035
thresh_trk_0.35,429,5,12786234,57.223,61.491,0.192,61.682
thresh_trk_0.35,430,5,12786265,59.664,63.163,0.113,63.276
thresh_trk_0.35,431,5,12786296,59.504,63.308,2.613,65.921
thresh_trk_0.35,432,5,12786328,76.492,79.333,0.495,79.829
thresh_trk_0.35,434,5,12786390,49.396,53.591,0.173,53.764
thresh_trk_0.35,435,5,12786437,63.126,66.568,2.244,68.812
thresh_trk_0.35,436,5,12786468,75.471,79.335,0.159,79.494
thresh_trk_0.35,438,5,12786531,49.468,52.797,0.159,52.956
thresh_trk_0.35,439,5,12786562,56.545,59.928,1.645,61.573
thresh_trk_0.35,440,5,12786609,74.424,77.802,0.149,77.951
thresh_trk_0.35,442,5,12786671,46.257,50.24,0.153,50.392
thresh_trk_0.35,443,5,12786703,46.145,49.939,0.179,50.117
thresh_trk_0.35,444,5,12786734,59.716,62.6,0.197,62.797
thresh_trk_0.35,445,5,12786781,70.156,76.037,0.168,76.206
thresh_trk_0.35,447,5,12786843,49.659,53.544,2.378,55.922
thresh_trk_0.35,448,5,12786875,55.284,58.751,0.111,58.862
thresh_trk_0.35,449,5,12786906,50.158,53.619,0.168,53.787
thresh_trk_0.35,450,5,12786937,59.707,62.857,0.089,62.947
thresh_trk_0.35,451,5,12786984,58.566,61.869,0.155,62.025
thresh_trk_0.35,452,5,12787015,69.409,72.068,0.154,72.222
thresh_trk_0.35,454,5,12787078,43.855,47.935,0.203,48.138
thresh_trk_0.35,455,5,12787109,42.66,46.654,0.156,46.81
thresh_trk_0.35,456,5,12787140,55.79,58.643,0.151,58.794
thresh_trk_0.35,457,5,12787187,65.166,68.622,0.169,68.791
thresh_trk_0.35,458,5,12787218,75.682,79.162,0.232,79.394
thresh_trk_0.35,460,5,12787281,34.592,38.628,0.138,38.766
thresh_trk_0.35,461,5,12787312,45.794,48.308,0.178,48.486
thresh_trk_0.35,462,5,12787343,54.883,58.445,3.455,61.901
thresh_trk_0.35,463,5,12787390,55.922,59.935,0.162,60.097
thresh_trk_0.35,464,5,12787421,69.505,72.432,0.157,72.589
thresh_trk_0.35,465,5,12787453,84.248,87.66,0.267,87.927
thresh_trk_0.35,467,5,12787515,44.512,47.887,0.158,48.045
thresh_trk_0.35,468,5,12787546,57.525,60.404,0.195,60.599
thresh_trk_0.35,469,5,12787593,63.599,69.387,0.835,70.222
thresh_trk_0.35,470,5,12787625,65.663,68.306,0.182,68.488
thresh_trk_0.35,471,5,12787656,73.731,77.327,0.176,77.503
thresh_trk_0.35,473,5,12787718,52.038,55.913,0.173,56.087
thresh_trk_0.35,474,5,12787765,57.022,63.421,0.155,63.576
thresh_trk_0.35,475,5,12787796,58.561,62.438,0.186,62.623
thresh_trk_0.35,476,5,12787828,58.27,60.933,0.054,60.987
thresh_trk_0.35,477,5,12787859,54.471,57.875,0.117,57.992
thresh_trk_0.35,478,5,12787890,65.136,67.925,0.154,68.079
thresh_trk_0.35,479,5,12787921,62.214,65.571,0.153,65.724
thresh_trk_0.35,480,5,12787953,68.948,72.915,0.149,73.064
thresh_trk_0.35,482,5,12788031,33.831,38.955,0.144,39.099
thresh_trk_0.35,483,5,12788062,45.704,48.573,0.16,48.733
thresh_trk_0.35,484,5,12788093,34.347,37.773,0.144,37.917
thresh_trk_0.35,485,5,12788125,44.318,46.821,0.153,46.974
thresh_trk_0.35,486,5,12788156,53.294,56.772,0.196,56.967
thresh_trk_0.35,487,5,12788203,53.772,57.328,0.173,57.5
thresh_trk_0.35,488,5,12788234,65.705,69.62,2.927,72.547
thresh_trk_0.35,489,5,12788265,78.488,81.956,0.159,82.115
thresh_trk_0.35,491,5,12788328,54.376,57.774,0.152,57.926
thresh_trk_0.35,492,5,12788375,59.215,63.527,0.129,63.657
thresh_trk_0.35,493,5,12788406,59.512,63.188,0.159,63.348
thresh_trk_0.35,494,5,12788437,78.302,81.303,1.525,82.828
thresh_trk_0.35,496,5,12788500,54.666,58.418,0.158,58.576
thresh_trk_0.35,497,5,12788546,70.893,74.616,0.179,74.795
thresh_trk_0.35,499,5,12788609,47.899,51.881,0.149,52.03
thresh_trk_0.35,500,6,12788640,56.637,60.694,0.137,60.832
thresh_trk_0.35,501,6,12788671,49.867,53.728,0.078,53.806
thresh_trk_0.35,502,6,12788718,39.207,43.464,0.066,43.529
thresh_trk_0.35,503,6,12788750,44.599,48.088,0.121,48.21
thresh_trk_0.35,504,6,12788781,53.882,57.273,0.066,57.339
thresh_trk_0.35,505,6,12788812,43.923,48.107,2.25,50.358
thresh_trk_0.35,506,6,12788843,71.29,74.618,2.372,76.99
thresh_trk_0.35,508,6,12788906,47.377,50.308,0.076,50.384
thresh_trk_0.35,509,6,12788953,36.312,40.083,0.164,40.247
thresh_trk_0.35,510,6,12788984,76.347,79.636,0.159,79.795
thresh_trk_0.35,512,6,12789046,53.12,56.331,2.66,58.991
thresh_trk_0.35,513,6,12789078,87.501,90.759,0.23,90.989
thresh_trk_0.35,515,6,12789156,45.208,48.849,0.082,48.931
thresh_trk_0.35,516,6,12789187,55.563,58.854,2.685,61.54
thresh_trk_0.35,517,6,12789218,85.087,88.559,0.072,88.631
thresh_trk_0.35,519,6,12789296,43.315,47.377,0.065,47.442
thresh_trk_0.35,520,6,12789328,50.272,56.364,0.061,56.425
thresh_trk_0.35,521,6,12789359,68.953,73.34,0.068,73.407
thresh_trk_0.35,522,6,12789390,77.577,82.0,0.327,82.327
thresh_trk_0.35,524,6,12789453,60.033,64.272,0.132,64.404
thresh_trk_0.35,525,6,12789500,91.891,95.374,0.213,95.587
thresh_trk_0.35,527,6,12789562,61.884,66.136,0.144,66.28
thresh_trk_0.35,528,6,12789593,92.809,96.433,0.164,96.597
thresh_trk_0.35,530,6,12789671,67.67,71.81,0.174,71.984
thresh_trk_0.35,531,6,12789703,89.722,92.774,1.64,94.414
thresh_trk_0.35,533,6,12789765,67.849,71.07,0.095,71.165
thresh_trk_0.35,534,6,12789812,75.718,82.887,0.151,83.038
thresh_trk_0.35,536,6,12789875,62.766,67.052,0.171,67.223
thresh_trk_0.35,537,6,12789906,72.487,77.472,0.061,77.533
thresh_trk_0.35,539,6,12789984,47.05,51.351,0.066,51.417
thresh_trk_0.35,540,6,12790015,42.246,45.514,0.062,45.576
thresh_trk_0.35,541,6,12790046,52.552,55.292,0.175,55.467
thresh_trk_0.35,542,6,12790078,84.299,88.284,0.155,88.439
thresh_trk_0.35,544,6,12790140,63.717,67.389,0.088,67.477
thresh_trk_0.35,545,6,12790187,96.65,100.805,0.076,100.881
thresh_trk_0.35,547,6,12790250,61.917,65.89,0.117,66.007
thresh_trk_0.35,548,6,12790281,85.269,88.773,0.157,88.93
thresh_trk_0.35,550,6,12790343,69.227,73.763,1.552,75.315
thresh_trk_0.35,552,6,12790421,43.724,46.498,0.08,46.578
thresh_trk_0.35,553,6,12790453,58.916,63.25,0.063,63.313
thresh_trk_0.35,554,6,12790484,62.528,66.751,0.154,66.905
thresh_trk_0.35,555,6,12790515,67.289,71.241,0.075,71.316
thresh_trk_0.35,556,6,12790546,77.461,80.555,0.168,80.723
thresh_trk_0.35,558,6,12790625,71.942,75.46,0.068,75.528
thresh_trk_0.35,560,6,12790687,68.18,72.333,0.142,72.475
thresh_trk_0.35,562,6,12790750,60.614,64.23,3.82,68.05
thresh_trk_0.35,563,6,12790781,93.462,97.559,0.223,97.782
thresh_trk_0.35,565,6,12790859,83.262,86.93,0.264,87.194
thresh_trk_0.35,567,6,12790921,67.914,72.429,0.148,72.576
thresh_trk_0.35,568,6,12790953,80.401,85.946,0.2,86.146
thresh_trk_0.35,570,6,12791031,55.418,61.758,3.37,65.128
thresh_trk_0.35,571,6,12791062,73.119,76.693,0.144,76.837
thresh_trk_0.35,573,6,12791125,46.036,50.334,0.077,50.411
thresh_trk_0.35,574,6,12791171,55.034,58.989,0.15,59.14
thresh_trk_0.35,575,6,12791203,67.48,71.546,0.073,71.619
thresh_trk_0.35,577,6,12791265,44.01,47.552,0.064,47.615
thresh_trk_0.35,578,6,12791296,38.797,42.285,0.148,42.433
thresh_trk_0.35,579,6,12791328,72.448,75.009,0.149,75.158
thresh_trk_0.35,581,6,12791406,60.983,65.07,0.131,65.201
thresh_trk_0.35,582,6,12791437,94.5,98.447,2.874,101.321
thresh_trk_0.35,584,6,12791500,90.496,94.852,1.602,96.454
thresh_trk_0.35,586,6,12791562,97.473,101.589,0.224,101.813
thresh_trk_0.35,588,6,12791640,95.662,102.755,0.081,102.836
thresh_trk_0.35,590,6,12791734,41.731,46.359,0.673,47.032
thresh_trk_0.35,591,6,12791765,32.966,36.436,0.288,36.724
thresh_trk_0.35,592,6,12791796,19.976,23.919,0.057,23.976
thresh_trk_0.35,593,6,12791828,44.089,46.854,0.062,46.915
thresh_trk_0.35,594,6,12791859,53.294,56.736,0.112,56.848
thresh_trk_0.35,595,6,12791906,52.013,55.79,3.013,58.803
thresh_trk_0.35,596,6,12791937,64.487,70.668,0.205,70.873
thresh_trk_0.35,597,6,12791968,93.625,100.575,0.147,100.722
thresh_trk_0.35,599,6,12792031,67.349,71.218,0.141,71.359
thresh_trk_0.35,601,7,12792109,60.221,63.066,0.229,63.295
thresh_trk_0.35,602,7,12792140,91.389,94.589,0.189,94.779
thresh_trk_0.35,604,7,12792203,60.264,64.197,1.117,65.314
thresh_trk_0.35,605,7,12792234,55.097,58.568,0.265,58.833
thresh_trk_0.35,606,7,12792281,60.608,63.312,1.749,65.061
thresh_trk_0.35,607,7,12792312,71.004,74.464,0.236,74.7
thresh_trk_0.35,609,7,12792375,32.166,37.088,0.206,37.294
thresh_trk_0.35,610,7,12792406,39.531,42.762,0.255,43.017
thresh_trk_0.35,611,7,12792437,47.278,51.263,1.815,53.078
thresh_trk_0.35,612,7,12792484,56.204,60.108,0.24,60.348
thresh_trk_0.35,613,7,12792515,58.953,62.928,0.15,63.077
thresh_trk_0.35,614,7,12792546,62.163,65.883,1.594,67.477
thresh_trk_0.35,615,7,12792578,74.044,77.599,0.219,77.818
thresh_trk_0.35,617,7,12792656,45.012,48.311,0.208,48.519
thresh_trk_0.35,618,7,12792687,43.099,46.557,0.23,46.788
thresh_trk_0.35,619,7,12792718,47.372,51.378,0.198,51.576
thresh_trk_0.35,620,7,12792750,39.152,42.98,0.73,43.71
thresh_trk_0.35,621,7,12792781,45.895,48.481,0.196,48.677
thresh_trk_0.35,622,7,12792812,51.757,54.974,0.223,55.197
thresh_trk_0.35,623,7,12792859,59.725,63.806,1.615,65.421
thresh_trk_0.35,624,7,12792890,68.277,72.225,0.404,72.629
thresh_trk_0.35,625,7,12792921,71.865,75.775,0.225,75.999
thresh_trk_0.35,627,7,12793000,43.79,47.248,0.204,47.451
thresh_trk_0.35,628,7,12793031,47.849,51.234,0.27,51.504
thresh_trk_0.35,629,7,12793062,47.475,51.41,0.211,51.621
thresh_trk_0.35,630,7,12793093,53.646,56.338,0.239,56.577
thresh_trk_0.35,631,7,12793125,50.028,54.08,0.219,54.299
thresh_trk_0.35,632,7,12793171,53.792,57.803,0.249,58.052
thresh_trk_0.35,633,7,12793203,53.473,57.677,0.203,57.88
thresh_trk_0.35,634,7,12793234,56.623,59.847,0.139,59.986
thresh_trk_0.35,635,7,12793265,56.657,60.409,1.681,62.09
thresh_trk_0.35,636,7,12793296,63.701,67.191,1.035,68.226
thresh_trk_0.35,637,7,12793343,58.704,62.649,0.196,62.844
thresh_trk_0.35,638,7,12793375,57.128,60.661,0.147,60.808
thresh_trk_0.35,639,7,12793406,51.72,55.139,1.63,56.769
thresh_trk_0.35,640,7,12793437,57.692,61.728,0.26,61.988
thresh_trk_0.35,641,7,12793468,64.821,68.231,0.223,68.454
thresh_trk_0.35,642,7,12793500,87.822,91.299,0.194,91.493
thresh_trk_0.35,644,7,12793578,57.552,61.707,4.321,66.028
thresh_trk_0.35,645,7,12793609,64.589,67.893,0.231,68.124
thresh_trk_0.35,646,7,12793640,67.666,71.216,0.202,71.418
thresh_trk_0.35,648,7,12793703,40.374,43.05,0.213,43.263
thresh_trk_0.35,649,7,12793750,47.187,51.161,0.204,51.365
thresh_trk_0.35,650,7,12793781,52.019,56.072,0.22,56.292
thresh_trk_0.35,651,7,12793812,58.491,62.217,0.195,62.412
thresh_trk_0.35,652,7,12793843,63.277,66.696,0.282,66.978
thresh_trk_0.35,653,7,12793890,58.319,62.273,0.208,62.481
thresh_trk_0.35,654,7,12793921,51.862,55.832,1.133,56.965
thresh_trk_0.35,655,7,12793953,61.788,64.562,0.203,64.765
thresh_trk_0.35,656,7,12793984,57.475,61.584,0.484,62.067
thresh_trk_0.35,657,7,12794015,52.9,56.202,1.604,57.806
thresh_trk_0.35,658,7,12794046,64.04,67.223,0.216,67.439
thresh_trk_0.35,659,7,12794093,61.183,65.057,0.88,65.937
thresh_trk_0.35,660,7,12794125,57.409,60.989,0.21,61.199
thresh_trk_0.35,661,7,12794156,63.395,66.231,0.286,66.517
thresh_trk_0.35,662,7,12794187,63.17,66.929,2.315,69.244
thresh_trk_0.35,663,7,12794218,73.673,77.719,0.225,77.944
thresh_trk_0.35,665,7,12794296,41.933,45.802,0.209,46.011
thresh_trk_0.35,666,7,12794328,52.333,55.715,2.324,58.039
thresh_trk_0.35,667,7,12794359,61.772,66.148,0.211,66.359
thresh_trk_0.35,668,7,12794406,62.579,66.515,0.139,66.654
thresh_trk_0.35,669,7,12794437,64.568,67.938,0.319,68.257
thresh_trk_0.35,670,7,12794468,74.587,77.652,0.195,77.846
thresh_trk_0.35,672,7,12794531,46.766,50.596,0.216,50.812
thresh_trk_0.35,673,7,12794562,52.593,56.489,1.62,58.108
thresh_trk_0.35,674,7,12794593,60.914,63.406,0.237,63.643
thresh_trk_0.35,675,7,12794640,67.973,71.661,0.198,71.859
thresh_trk_0.35,677,7,12794703,44.036,47.393,0.229,47.621
thresh_trk_0.35,678,7,12794734,44.468,48.484,1.605,50.089
thresh_trk_0.35,679,7,12794781,51.872,55.921,0.225,56.147
thresh_trk_0.35,680,7,12794812,52.471,59.952,1.035,60.987
thresh_trk_0.35,681,7,12794843,47.649,52.711,0.202,52.912
thresh_trk_0.35,682,7,12794875,54.178,58.282,0.194,58.476
thresh_trk_0.35,683,7,12794906,60.582,63.996,0.225,64.221
thresh_trk_0.35,684,7,12794937,65.709,69.249,0.22,69.469
thresh_trk_0.35,685,7,12794984,71.324,74.75,0.205,74.955
thresh_trk_0.35,687,7,12795046,42.947,46.961,0.191,47.153
thresh_trk_0.35,688,7,12795078,34.837,38.23,0.191,38.421
thresh_trk_0.35,689,7,12795109,40.456,43.197,0.202,43.4
thresh_trk_0.35,690,7,12795140,42.674,46.683,1.706,48.39
thresh_trk_0.35,691,7,12795187,53.086,56.286,0.241,56.527
thresh_trk_0.35,692,7,12795218,59.678,63.746,1.751,65.497
thresh_trk_0.35,693,7,12795250,67.901,71.394,0.248,71.642
thresh_trk_0.35,694,7,12795281,63.669,67.965,2.693,70.659
thresh_trk_0.35,695,7,12795312,70.394,76.198,0.198,76.397
thresh_trk_0.35,697,7,12795390,42.862,46.389,0.204,46.593
thresh_trk_0.35,698,7,12795421,51.864,55.193,0.205,55.398
thresh_trk_0.35,699,7,12795453,55.427,59.761,0.209,59.97
thresh_trk_0.35,700,8,12795484,61.94,65.832,8.097,73.929
thresh_trk_0.35,701,8,12795515,78.943,83.234,0.062,83.297
thresh_trk_0.35,703,8,12795593,30.525,33.94,0.172,34.111
thresh_trk_0.35,704,8,12795625,46.61,49.455,1.694,51.148
thresh_trk_0.35,705,8,12795671,40.882,46.244,0.153,46.398
thresh_trk_0.35,706,8,12795703,51.301,55.893,3.201,59.095
thresh_trk_0.35,707,8,12795734,69.84,73.626,1.715,75.341
thresh_trk_0.35,708,8,12795765,83.184,87.888,0.061,87.949
thresh_trk_0.35,710,8,12795843,50.739,55.946,0.079,56.025
thresh_trk_0.35,711,8,12795875,60.536,64.846,0.544,65.389
thresh_trk_0.35,712,8,12795906,67.244,70.676,0.124,70.8
thresh_trk_0.35,713,8,12795953,65.274,68.314,4.15,72.465
thresh_trk_0.35,714,8,12795984,75.425,79.902,0.074,79.976
thresh_trk_0.35,716,8,12796046,53.52,57.287,0.069,57.356
thresh_trk_0.35,717,8,12796078,57.758,62.883,0.056,62.939
thresh_trk_0.35,718,8,12796109,56.493,59.914,0.063,59.977
thresh_trk_0.35,719,8,12796156,66.292,69.458,0.073,69.531
thresh_trk_0.35,720,8,12796187,75.774,79.022,1.677,80.699
thresh_trk_0.35,722,8,12796250,50.678,54.818,0.108,54.926
thresh_trk_0.35,723,8,12796296,59.858,63.902,0.132,64.034
thresh_trk_0.35,724,8,12796328,59.001,64.91,0.06,64.97
thresh_trk_0.35,725,8,12796359,63.272,67.28,0.15,67.43
thresh_trk_0.35,726,8,12796390,67.723,70.851,0.048,70.899
thresh_trk_0.35,728,8,12796453,46.604,49.419,2.477,51.895
thresh_trk_0.35,729,8,12796500,56.161,61.725,0.063,61.788
thresh_trk_0.35,730,8,12796531,66.545,70.217,0.079,70.296
thresh_trk_0.35,731,8,12796562,72.976,76.845,0.114,76.959
thresh_trk_0.35,733,8,12796625,32.448,35.793,0.139,35.933
thresh_trk_0.35,734,8,12796656,47.727,51.109,0.068,51.177
thresh_trk_0.35,735,8,12796703,54.561,58.375,0.31,58.684
thresh_trk_0.35,736,8,12796734,64.903,68.255,0.098,68.353
thresh_trk_0.35,737,8,12796765,73.628,77.148,0.095,77.243
thresh_trk_0.35,739,8,12796828,35.101,38.824,3.04,41.865
thresh_trk_0.35,740,8,12796859,45.49,48.168,0.064,48.232
thresh_trk_0.35,741,8,12796906,32.263,35.846,0.178,36.024
thresh_trk_0.35,742,8,12796937,43.534,46.576,0.12,46.696
thresh_trk_0.35,743,8,12796968,43.204,46.799,0.067,46.867
thresh_trk_0.35,744,8,12797000,56.837,60.441,0.065,60.506
thresh_trk_0.35,745,8,12797031,61.375,66.349,0.115,66.463
thresh_trk_0.35,746,8,12797078,70.936,74.989,0.06,75.049
thresh_trk_0.35,748,8,12797140,47.269,51.084,0.091,51.175
thresh_trk_0.35,749,8,12797171,57.137,60.409,0.067,60.476
thresh_trk_0.35,750,8,12797203,70.637,74.113,0.063,74.176
thresh_trk_0.35,752,8,12797281,45.611,49.48,0.065,49.545
thresh_trk_0.35,753,8,12797312,59.128,62.414,0.057,62.471
thresh_trk_0.35,754,8,12797343,60.904,65.048,0.054,65.102
thresh_trk_0.35,755,8,12797375,68.974,72.415,0.058,72.473
thresh_trk_0.35,757,8,12797437,43.395,47.36,0.061,47.421
thresh_trk_0.35,758,8,12797484,42.833,46.777,0.06,46.837
thresh_trk_0.35,759,8,12797515,69.492,72.323,0.074,72.397
thresh_trk_0.35,760,8,12797546,79.428,83.253,0.06,83.312
thresh_trk_0.35,762,8,12797609,33.545,36.833,0.053,36.887
thresh_trk_0.35,763,8,12797656,43.023,45.709,0.065,45.775
thresh_trk_0.35,764,8,12797687,53.245,56.726,2.347,59.073
thresh_trk_0.35,765,8,12797718,71.36,74.776,0.089,74.865
thresh_trk_0.35,766,8,12797750,81.523,85.831,0.068,85.898
thresh_trk_0.35,768,8,12797828,52.829,56.729,0.111,56.84
thresh_trk_0.35,769,8,12797859,63.481,68.045,0.112,68.157
thresh_trk_0.35,770,8,12797906,77.095,81.411,0.073,81.484
thresh_trk_0.35,772,8,12797968,51.946,55.75,0.061,55.812
thresh_trk_0.35,773,8,12798000,64.066,68.18,0.058,68.238
thresh_trk_0.35,774,8,12798046,76.863,80.851,1.309,82.16
thresh_trk_0.35,776,8,12798109,49.797,53.656,0.074,53.729
thresh_trk_0.35,777,8,12798140,58.201,63.715,3.129,66.843
thresh_trk_0.35,778,8,12798171,71.846,75.721,0.06,75.781
thresh_trk_0.35,780,8,12798250,31.087,35.076,0.772,35.849
thresh_trk_0.35,781,8,12798281,45.268,48.356,0.058,48.414
thresh_trk_0.35,782,8,12798312,50.013,53.497,0.063,53.56
thresh_trk_0.35,783,8,12798343,59.083,63.047,2.02,65.067
thresh_trk_0.35,784,8,12798375,72.894,76.831,0.086,76.916
thresh_trk_0.35,786,8,12798453,42.128,45.482,1.703,47.184
thresh_trk_0.35,787,8,12798484,53.254,55.943,0.065,56.008
thresh_trk_0.35,788,8,12798515,63.735,67.717,3.641,71.358
thresh_trk_0.35,789,8,12798562,72.767,79.129,0.084,79.213
thresh_trk_0.35,791,8,12798625,49.167,52.604,0.063,52.667
thresh_trk_0.35,792,8,12798656,60.716,64.233,0.062,64.295
thresh_trk_0.35,793,8,12798687,71.489,76.03,0.058,76.088
thresh_trk_0.35,795,8,12798765,47.848,51.135,0.064,51.198
thresh_trk_0.35,796,8,12798796,58.326,61.564,2.677,64.241
thresh_trk_0.35,797,8,12798828,70.177,73.357,0.058,73.416
thresh_trk_0.35,799,8,12798890,40.918,45.594,0.147,45.74
thresh_trk_0.50,0,1,12799312,25.269,45.092,0.058,45.15
thresh_trk_0.50,1,1,12799328,31.168,34.437,0.178,34.615
thresh_trk_0.50,2,1,12799359,23.711,26.868,0.096,26.965
thresh_trk_0.50,3,1,12799390,23.735,27.935,0.068,28.003
thresh_trk_0.50,4,1,12799421,23.744,26.794,0.068,26.862
thresh_trk_0.50,5,1,12799453,23.579,27.502,0.06,27.562
thresh_trk_0.50,6,1,12799500,22.049,25.686,0.064,25.75
thresh_trk_0.50,7,1,12799531,23.645,27.652,0.066,27.718
thresh_trk_0.50,8,1,12799562,23.981,27.566,0.073,27.639
thresh_trk_0.50,9,1,12799593,23.993,30.342,0.069,30.411
thresh_trk_0.50,10,1,12799625,23.421,26.979,0.058,27.037
thresh_trk_0.50,11,1,12799656,23.319,26.753,0.057,26.81
thresh_trk_0.50,12,1,12799703,23.825,26.979,0.059,27.038
thresh_trk_0.50,13,1,12799734,23.31,26.724,0.067,26.791
thresh_trk_0.50,14,1,12799765,24.407,27.472,0.11,27.582
thresh_trk_0.50,15,1,12799796,19.318,22.549,0.053,22.602
thresh_trk_0.50,16,1,12799828,23.555,26.121,0.058,26.178
thresh_trk_0.50,17,1,12799859,23.225,26.582,0.059,26.641
thresh_trk_0.50,18,1,12799906,23.731,30.023,0.071,30.094
thresh_trk_0.50,19,1,12799937,23.663,32.011,0.059,32.07
thresh_trk_0.50,20,1,12799968,24.2,27.987,0.06,28.047
thresh_trk_0.50,21,1,12800000,28.005,32.2,0.078,32.277
thresh_trk_0.50,22,1,12800046,23.321,26.988,0.056,27.044
thresh_trk_0.50,23,1,12800078,23.536,25.958,0.069,26.027
thresh_trk_0.50,24,1,12800109,22.861,26.165,0.044,26.209
thresh_trk_0.50,25,1,12800140,24.477,27.306,0.093,27.399
thresh_trk_0.50,26,1,12800171,23.702,26.318,0.099,26.417
thresh_trk_0.50,27,1,12800203,23.349,26.639,0.11,26.748
thresh_trk_0.50,28,1,12800250,23.324,27.323,0.074,27.397
thresh_trk_0.50,29,1,12800281,23.513,27.302,0.095,27.397
thresh_trk_0.50,30,1,12800312,24.485,27.302,0.056,27.358
thresh_trk_0.50,31,1,12800343,23.435,26.752,0.056,26.808
thresh_trk_0.50,32,1,12800375,23.268,26.236,0.093,26.329
thresh_trk_0.50,33,1,12800406,20.082,23.197,0.059,23.256
thresh_trk_0.50,34,1,12800437,23.812,26.393,0.096,26.489
thresh_trk_0.50,35,1,12800484,23.339,27.239,0.092,27.331
thresh_trk_0.50,36,1,12800515,24.72,27.768,0.095,27.864
thresh_trk_0.50,37,1,12800546,29.366,34.552,0.102,34.655
thresh_trk_0.50,38,1,12800578,23.893,27.531,0.102,27.633
thresh_trk_0.50,39,1,12800609,23.315,26.17,0.055,26.226
thresh_trk_0.50,40,1,12800640,21.819,25.027,0.048,25.075
thresh_trk_0.50,41,1,12800687,24.213,26.969,0.096,27.066
thresh_trk_0.50,42,1,12800718,23.685,26.688,0.093,26.781
thresh_trk_0.50,43,1,12800750,23.303,27.074,0.057,27.131
thresh_trk_0.50,44,1,12800781,22.553,25.828,0.085,25.913
thresh_trk_0.50,45,1,12800812,23.483,26.679,0.056,26.735
thresh_trk_0.50,46,1,12800843,23.438,26.193,0.057,26.25
thresh_trk_0.50,47,1,12800875,23.39,26.702,0.065,26.767
thresh_trk_0.50,48,1,12800921,24.19,26.814,0.057,26.871
thresh_trk_0.50,49,1,12800953,23.488,26.755,0.093,26.848
thresh_trk_0.50,50,1,12800984,23.657,26.864,0.059,26.922
thresh_trk_0.50,51,1,12801015,23.251,26.666,0.073,26.739
thresh_trk_0.50,52,1,12801046,23.694,26.459,0.104,26.563
thresh_trk_0.50,53,1,12801078,24.909,27.637,0.091,27.728
thresh_trk_0.50,54,1,12801125,24.1,26.757,0.097,26.853
thresh_trk_0.50,55,1,12801156,23.272,26.421,0.055,26.476
thresh_trk_0.50,56,1,12801187,23.96,26.406,0.087,26.492
thresh_trk_0.50,57,1,12801218,20.057,23.327,0.042,23.369
thresh_trk_0.50,58,1,12801250,23.644,26.246,0.096,26.342
thresh_trk_0.50,59,1,12801281,23.128,27.169,0.09,27.259
thresh_trk_0.50,60,1,12801328,22.561,25.916,0.088,26.005
thresh_trk_0.50,61,1,12801359,23.582,27.312,0.059,27.371
thresh_trk_0.50,62,1,12801390,23.912,28.271,0.06,28.332
thresh_trk_0.50,63,1,12801421,25.659,29.038,0.063,29.101
thresh_trk_0.50,64,1,12801468,23.869,27.726,0.059,27.785
thresh_trk_0.50,65,1,12801500,23.329,26.64,0.06,26.7
thresh_trk_0.50,66,1,12801531,23.974,27.385,0.066,27.451
thresh_trk_0.50,67,1,12801562,29.188,33.574,0.061,33.635
thresh_trk_0.50,68,1,12801593,23.719,27.803,0.059,27.862
thresh_trk_0.50,69,1,12801625,23.44,26.628,0.056,26.684
thresh_trk_0.50,70,1,12801671,24.059,26.496,0.057,26.553
thresh_trk_0.50,71,1,12801703,20.402,23.49,0.081,23.57
thresh_trk_0.50,72,1,12801734,23.54,26.186,0.056,26.242
thresh_trk_0.50,73,1,12801765,23.153,28.654,0.059,28.714
thresh_trk_0.50,74,1,12801796,22.524,26.72,0.061,26.781
thresh_trk_0.50,75,1,12801828,23.972,26.704,0.057,26.761
thresh_trk_0.50,76,1,12801875,23.551,26.221,0.076,26.297
thresh_trk_0.50,77,1,12801906,23.331,26.684,0.056,26.739
thresh_trk_0.50,78,1,12801937,23.562,26.155,0.057,26.212
thresh_trk_0.50,79,1,12801968,20.63,23.896,0.041,23.936
thresh_trk_0.50,80,1,12802000,23.79,26.997,0.056,27.054
thresh_trk_0.50,81,1,12802031,23.351,26.627,0.056,26.682
thresh_trk_0.50,82,1,12802078,23.343,25.935,0.054,25.989
thresh_trk_0.50,83,1,12802109,24.087,27.916,0.104,28.021
thresh_trk_0.50,84,1,12802140,23.981,27.745,0.101,27.845
thresh_trk_0.50,85,1,12802171,23.249,29.922,0.054,29.976
thresh_trk_0.50,86,1,12802203,22.774,26.009,0.078,26.087
thresh_trk_0.50,87,1,12802234,23.24,25.918,0.104,26.022
thresh_trk_0.50,88,1,12802281,23.291,26.627,0.06,26.687
thresh_trk_0.50,89,1,12802312,24.666,27.434,0.097,27.531
thresh_trk_0.50,90,1,12802343,24.121,26.699,0.099,26.798
thresh_trk_0.50,91,1,12802375,20.106,23.989,0.072,24.062
thresh_trk_0.50,92,1,12802406,23.473,26.198,0.062,26.26
thresh_trk_0.50,93,1,12802437,23.295,26.54,0.056,26.596
thresh_trk_0.50,94,1,12802468,23.538,26.457,0.089,26.545
thresh_trk_0.50,95,1,12802515,23.328,26.547,0.095,26.642
thresh_trk_0.50,96,1,12802546,25.819,28.519,0.097,28.616
thresh_trk_0.50,97,1,12802578,24.041,28.46,0.057,28.517
thresh_trk_0.50,98,1,12802609,21.384,24.702,0.053,24.756
thresh_trk_0.50,99,1,12802640,24.208,26.908,0.096,27.003
thresh_trk_0.50,100,2,12802687,65.21,69.008,0.175,69.183
thresh_trk_0.50,101,2,12802718,92.682,96.618,0.155,96.773
thresh_trk_0.50,103,2,12802781,73.265,77.377,0.159,77.536
thresh_trk_0.50,105,2,12802859,71.818,74.451,0.149,74.6
thresh_trk_0.50,107,2,12802921,59.353,63.476,0.181,63.657
thresh_trk_0.50,108,2,12802953,92.895,96.887,2.741,99.628
thresh_trk_0.50,110,2,12803031,80.613,84.247,0.163,84.41
thresh_trk_0.50,112,2,12803093,58.843,62.308,2.494,64.803
thresh_trk_0.50,113,2,12803125,92.851,95.693,0.157,95.85
thresh_trk_0.50,115,2,12803187,89.523,92.936,0.152,93.087
thresh_trk_0.50,117,2,12803265,74.272,78.085,0.814,78.898
thresh_trk_0.50,119,2,12803328,60.124,63.756,0.176,63.932
thresh_trk_0.50,120,2,12803359,76.254,80.038,0.16,80.198
thresh_trk_0.50,122,2,12803437,63.994,67.163,0.153,67.316
thresh_trk_0.50,123,2,12803468,102.248,106.317,0.168,106.485
thresh_trk_0.50,125,2,12803531,106.955,110.877,0.148,111.026
thresh_trk_0.50,127,2,12803609,82.057,86.809,0.166,86.975
thresh_trk_0.50,129,2,12803671,63.132,65.832,0.112,65.944
thresh_trk_0.50,130,2,12803703,86.162,89.595,0.151,89.747
thresh_trk_0.50,132,2,12803781,86.97,90.278,0.156,90.434
thresh_trk_0.50,134,2,12803843,71.013,78.086,0.172,78.258
thresh_trk_0.50,136,2,12803906,60.382,63.647,0.115,63.763
thresh_trk_0.50,137,2,12803953,74.793,78.917,0.175,79.092
thresh_trk_0.50,139,2,12804015,73.641,77.173,0.161,77.334
thresh_trk_0.50,141,2,12804093,61.977,65.794,0.192,65.986
thresh_trk_0.50,142,2,12804125,81.798,85.821,0.206,86.026
thresh_trk_0.50,144,2,12804187,73.812,77.655,3.044,80.698
thresh_trk_0.50,146,2,12804265,78.387,81.541,0.164,81.706
thresh_trk_0.50,148,2,12804328,86.519,90.641,0.165,90.806
thresh_trk_0.50,150,2,12804406,73.531,77.001,2.673,79.675
thresh_trk_0.50,152,2,12804468,63.413,66.535,0.158,66.693
thresh_trk_0.50,153,2,12804500,110.719,114.446,0.563,115.009
thresh_trk_0.50,156,2,12804609,59.246,64.95,0.125,65.075
thresh_trk_0.50,157,2,12804640,70.504,76.473,1.971,78.444
thresh_trk_0.50,159,2,12804703,72.456,75.913,0.174,76.087
thresh_trk_0.50,161,2,12804781,61.851,65.88,0.164,66.045
thresh_trk_0.50,162,2,12804812,86.521,90.545,0.256,90.801
thresh_trk_0.50,164,2,12804875,83.668,86.893,0.168,87.061
thresh_trk_0.50,166,2,12804953,64.409,68.382,0.205,68.587
thresh_trk_0.50,167,2,12804984,93.522,97.144,0.202,97.345
thresh_trk_0.50,169,2,12805046,91.594,94.99,0.16,95.15
thresh_trk_0.50,171,2,12805125,85.763,89.735,0.155,89.89
thresh_trk_0.50,173,2,12805187,88.725,92.436,1.974,94.411
thresh_trk_0.50,175,2,12805250,77.548,81.183,2.041,83.223
thresh_trk_0.50,177,2,12805328,77.101,81.745,0.185,81.93
thresh_trk_0.50,179,2,12805390,66.894,70.967,0.135,71.101
thresh_trk_0.50,180,2,12805421,90.388,94.852,0.134,94.986
thresh_trk_0.50,182,2,12805500,72.82,77.047,0.167,77.214
thresh_trk_0.50,184,2,12805562,60.896,64.471,0.159,64.63
thresh_trk_0.50,185,2,12805593,75.727,83.195,0.174,83.369
thresh_trk_0.50,187,2,12805656,77.928,81.528,0.2,81.728
thresh_trk_0.50,189,2,12805734,68.136,71.72,0.123,71.843
thresh_trk_0.50,190,2,12805765,103.227,106.785,0.293,107.079
thresh_trk_0.50,192,2,12805843,100.024,103.88,0.409,104.289
thresh_trk_0.50,194,2,12805906,69.748,73.991,3.35,77.341
thresh_trk_0.50,196,2,12805984,70.002,72.774,0.148,72.922
thresh_trk_0.50,198,2,12806046,50.4,53.563,0.157,53.719
thresh_trk_0.50,199,2,12806078,78.598,82.16,0.191,82.351
thresh_trk_0.50,201,3,12806156,72.658,76.554,0.066,76.619
thresh_trk_0.50,203,3,12806218,64.499,68.514,0.071,68.585
thresh_trk_0.50,204,3,12806250,97.035,100.206,2.826,103.032
thresh_trk_0.50,206,3,12806312,95.333,99.318,0.193,99.512
thresh_trk_0.50,208,3,12806390,74.141,78.005,0.151,78.156
thresh_trk_0.50,210,3,12806453,66.908,69.718,0.081,69.799
thresh_trk_0.50,211,3,12806484,95.61,99.577,0.18,99.757
thresh_trk_0.50,213,3,12806562,88.191,91.667,0.158,91.825
thresh_trk_0.50,215,3,12806625,79.368,82.038,2.943,84.981
thresh_trk_0.50,217,3,12806703,66.062,71.143,0.142,71.286
thresh_trk_0.50,219,3,12806765,58.437,61.404,1.88,63.285
thresh_trk_0.50,220,3,12806796,90.923,94.385,0.164,94.549
thresh_trk_0.50,222,3,12806859,68.246,72.213,0.063,72.276
thresh_trk_0.50,224,3,12806937,66.273,69.26,0.103,69.364
thresh_trk_0.50,225,3,12806968,91.885,95.384,3.514,98.898
thresh_trk_0.50,227,3,12807031,89.931,93.242,0.208,93.45
thresh_trk_0.50,229,3,12807109,54.273,58.883,0.278,59.162
thresh_trk_0.50,230,3,12807140,55.462,58.976,0.149,59.125
thresh_trk_0.50,231,3,12807171,44.046,47.645,1.58,49.225
thresh_trk_0.50,232,3,12807203,51.748,54.539,0.208,54.747
thresh_trk_0.50,233,3,12807250,42.501,46.448,0.23,46.678
thresh_trk_0.50,234,3,12807281,52.258,55.158,1.662,56.82
thresh_trk_0.50,235,3,12807312,53.521,57.533,0.211,57.744
thresh_trk_0.50,236,3,12807343,57.874,60.879,0.193,61.072
thresh_trk_0.50,237,3,12807375,50.413,53.835,0.279,54.114
thresh_trk_0.50,238,3,12807421,83.797,87.113,1.613,88.725
thresh_trk_0.50,240,3,12807484,55.574,62.563,0.284,62.847
thresh_trk_0.50,241,3,12807515,63.303,68.766,0.328,69.093
thresh_trk_0.50,242,3,12807546,84.687,88.281,1.664,89.945
thresh_trk_0.50,244,3,12807625,47.361,51.424,1.605,53.029
thresh_trk_0.50,245,3,12807656,58.705,62.069,1.552,63.621
thresh_trk_0.50,246,3,12807687,66.056,70.151,0.219,70.37
thresh_trk_0.50,247,3,12807718,60.691,67.342,0.398,67.74
thresh_trk_0.50,248,3,12807750,68.659,73.278,0.202,73.48
thresh_trk_0.50,250,3,12807828,41.262,44.533,0.197,44.73
thresh_trk_0.50,251,3,12807859,46.156,49.73,0.219,49.949
thresh_trk_0.50,252,3,12807890,53.858,57.471,1.553,59.024
thresh_trk_0.50,253,3,12807921,60.396,63.879,0.179,64.058
thresh_trk_0.50,254,3,12807953,76.879,81.353,0.151,81.504
thresh_trk_0.50,256,3,12808031,71.847,74.727,0.182,74.908
thresh_trk_0.50,258,3,12808093,70.959,74.43,0.182,74.613
thresh_trk_0.50,259,3,12808125,100.362,103.822,0.29,104.112
thresh_trk_0.50,261,3,12808203,96.228,100.351,0.175,100.526
thresh_trk_0.50,263,3,12808265,89.614,93.571,0.161,93.732
thresh_trk_0.50,265,3,12808328,90.225,95.571,3.066,98.637
thresh_trk_0.50,267,3,12808406,83.953,88.074,0.201,88.275
thresh_trk_0.50,269,3,12808468,55.924,59.791,0.135,59.926
thresh_trk_0.50,270,3,12808515,66.332,70.31,2.248,72.558
thresh_trk_0.50,271,3,12808546,67.492,70.268,0.225,70.494
thresh_trk_0.50,272,3,12808578,97.198,100.928,0.226,101.154
thresh_trk_0.50,274,3,12808640,72.144,76.021,0.162,76.182
thresh_trk_0.50,276,3,12808718,65.749,69.709,0.217,69.927
thresh_trk_0.50,277,3,12808750,71.543,76.438,0.166,76.604
thresh_trk_0.50,279,3,12808812,54.256,57.738,1.624,59.362
thresh_trk_0.50,280,3,12808843,64.119,66.932,1.746,68.678
thresh_trk_0.50,281,3,12808890,92.239,96.032,0.202,96.234
thresh_trk_0.50,283,3,12808953,62.604,66.54,0.176,66.717
thresh_trk_0.50,284,3,12808984,92.383,95.778,0.249,96.027
thresh_trk_0.50,286,3,12809062,57.045,62.564,1.655,64.219
thresh_trk_0.50,287,3,12809093,95.134,98.601,0.212,98.814
thresh_trk_0.50,289,3,12809156,58.27,63.663,0.13,63.793
thresh_trk_0.50,290,3,12809187,79.098,82.759,0.212,82.971
thresh_trk_0.50,292,3,12809265,52.415,55.844,0.25,56.094
thresh_trk_0.50,293,3,12809296,73.496,77.621,0.456,78.077
thresh_trk_0.50,295,3,12809375,43.795,50.094,0.216,50.31
thresh_trk_0.50,296,3,12809406,64.078,68.809,0.629,69.438
thresh_trk_0.50,297,3,12809437,70.662,74.664,0.154,74.818
thresh_trk_0.50,299,3,12809500,70.742,74.159,0.203,74.362
thresh_trk_0.50,300,4,12809531,64.454,67.83,0.579,68.409
thresh_trk_0.50,301,4,12809578,90.543,96.328,0.206,96.534
thresh_trk_0.50,303,4,12809640,90.902,94.875,1.745,96.62
thresh_trk_0.50,305,4,12809703,87.704,91.906,0.158,92.064
thresh_trk_0.50,307,4,12809781,86.664,92.607,0.172,92.779
thresh_trk_0.50,309,4,12809843,84.654,88.626,1.711,90.337
thresh_trk_0.50,311,4,12809906,87.369,90.923,0.153,91.076
thresh_trk_0.50,313,4,12809984,66.802,72.671,0.199,72.87
thresh_trk_0.50,315,4,12810046,59.277,62.145,0.168,62.312
thresh_trk_0.50,316,4,12810078,75.057,78.54,0.226,78.766
thresh_trk_0.50,318,4,12810156,62.76,66.722,0.115,66.837
thresh_trk_0.50,319,4,12810187,76.658,80.331,0.157,80.488
thresh_trk_0.50,321,4,12810250,47.924,51.373,0.163,51.537
thresh_trk_0.50,322,4,12810281,69.557,72.562,0.144,72.707
thresh_trk_0.50,324,4,12810359,69.272,72.41,0.146,72.556
thresh_trk_0.50,325,4,12810390,88.942,94.058,0.157,94.215
thresh_trk_0.50,327,4,12810453,60.672,63.448,0.171,63.619
thresh_trk_0.50,328,4,12810484,71.255,75.108,0.163,75.271
thresh_trk_0.50,330,4,12810562,48.159,52.063,0.153,52.216
thresh_trk_0.50,331,4,12810593,58.964,62.459,0.153,62.612
thresh_trk_0.50,332,4,12810625,72.14,76.037,0.142,76.178
thresh_trk_0.50,334,4,12810703,55.711,59.608,0.15,59.757
thresh_trk_0.50,335,4,12810734,71.495,75.528,0.154,75.683
thresh_trk_0.50,337,4,12810796,73.832,78.372,0.163,78.534
thresh_trk_0.50,339,4,12810875,39.454,43.461,3.382,46.843
thresh_trk_0.50,340,4,12810906,60.488,64.0,0.116,64.116
thresh_trk_0.50,341,4,12810937,78.559,82.463,0.153,82.616
thresh_trk_0.50,343,4,12811000,74.103,77.848,0.152,78.0
thresh_trk_0.50,345,4,12811078,51.047,54.358,0.15,54.509
thresh_trk_0.50,346,4,12811109,53.096,56.518,3.637,60.155
thresh_trk_0.50,347,4,12811140,85.089,88.346,0.305,88.651
thresh_trk_0.50,349,4,12811203,84.545,88.597,0.152,88.749
thresh_trk_0.50,351,4,12811281,61.847,65.963,0.109,66.072
thresh_trk_0.50,352,4,12811312,83.295,86.526,0.216,86.742
thresh_trk_0.50,354,4,12811375,67.213,70.436,0.173,70.609
thresh_trk_0.50,355,4,12811421,70.057,77.408,0.182,77.59
thresh_trk_0.50,357,4,12811484,42.977,46.255,1.634,47.889
thresh_trk_0.50,358,4,12811515,54.112,56.883,0.153,57.036
thresh_trk_0.50,359,4,12811546,78.367,81.891,0.158,82.049
thresh_trk_0.50,361,4,12811625,77.689,81.137,0.222,81.359
thresh_trk_0.50,363,4,12811687,59.243,63.299,0.214,63.513
thresh_trk_0.50,364,4,12811718,71.576,75.182,0.16,75.342
thresh_trk_0.50,366,4,12811796,59.441,63.516,0.823,64.339
thresh_trk_0.50,367,4,12811828,54.267,57.805,0.251,58.056
thresh_trk_0.50,368,4,12811859,53.234,56.48,0.114,56.593
thresh_trk_0.50,369,4,12811890,59.748,63.036,0.237,63.273
thresh_trk_0.50,370,4,12811921,69.388,72.164,0.22,72.384
thresh_trk_0.50,371,4,12811953,76.582,80.479,2.888,83.367
thresh_trk_0.50,373,4,12812031,61.223,66.328,0.289,66.617
thresh_trk_0.50,374,4,12812062,52.966,56.679,0.198,56.877
thresh_trk_0.50,375,4,12812093,66.706,69.35,0.811,70.162
thresh_trk_0.50,376,4,12812125,71.879,75.282,0.217,75.499
thresh_trk_0.50,378,4,12812187,56.076,59.947,0.201,60.149
thresh_trk_0.50,379,4,12812234,55.733,58.76,0.12,58.88
thresh_trk_0.50,380,4,12812265,66.538,69.981,0.25,70.231
thresh_trk_0.50,381,4,12812296,64.756,67.96,0.175,68.134
thresh_trk_0.50,382,4,12812328,98.362,101.797,1.611,103.408
thresh_trk_0.50,384,4,12812390,65.205,69.151,0.844,69.996
thresh_trk_0.50,385,4,12812437,68.006,73.809,0.154,73.963
thresh_trk_0.50,387,4,12812500,37.48,41.168,1.595,42.764
thresh_trk_0.50,388,4,12812531,48.247,50.872,0.168,51.04
thresh_trk_0.50,389,4,12812562,69.268,72.879,0.188,73.067
thresh_trk_0.50,391,4,12812640,26.403,30.322,0.115,30.437
thresh_trk_0.50,392,4,12812671,70.072,72.657,0.19,72.846
thresh_trk_0.50,393,4,12812703,61.133,66.358,0.163,66.521
thresh_trk_0.50,394,4,12812734,94.459,98.77,0.195,98.965
thresh_trk_0.50,396,4,12812812,60.563,64.578,0.853,65.431
thresh_trk_0.50,397,4,12812843,72.606,76.271,0.156,76.427
thresh_trk_0.50,399,4,12812906,60.245,64.488,0.149,64.637
thresh_trk_0.50,400,5,12812937,59.151,62.652,0.074,62.726
thresh_trk_0.50,401,5,12812984,60.046,62.717,0.046,62.763
thresh_trk_0.50,402,5,12813015,55.848,59.697,0.161,59.859
thresh_trk_0.50,403,5,12813046,62.783,65.34,0.186,65.527
thresh_trk_0.50,404,5,12813078,66.982,70.168,0.178,70.346
thresh_trk_0.50,405,5,12813109,99.743,102.915,0.175,103.09
thresh_trk_0.50,407,5,12813187,97.015,101.231,0.211,101.443
thresh_trk_0.50,409,5,12813250,67.35,73.194,0.21,73.404
thresh_trk_0.50,411,5,12813312,33.786,37.15,0.172,37.322
thresh_trk_0.50,412,5,12813343,83.598,86.451,0.243,86.693
thresh_trk_0.50,414,5,12813421,49.163,52.988,0.172,53.159
thresh_trk_0.50,415,5,12813453,77.849,81.833,1.997,83.83
thresh_trk_0.50,417,5,12813531,54.053,57.869,0.211,58.08
thresh_trk_0.50,418,5,12813562,69.282,72.985,0.179,73.165
thresh_trk_0.50,420,5,12813625,63.811,67.49,0.457,67.947
thresh_trk_0.50,421,5,12813656,69.026,72.665,0.2,72.865
thresh_trk_0.50,422,5,12813703,61.307,65.094,0.225,65.319
thresh_trk_0.50,423,5,12813734,95.406,98.894,0.235,99.128
thresh_trk_0.50,425,5,12813796,56.504,60.392,0.212,60.605
thresh_trk_0.50,426,5,12813828,57.109,59.798,0.162,59.959
thresh_trk_0.50,427,5,12813859,73.675,77.274,1.622,78.895
thresh_trk_0.50,429,5,12813937,33.675,37.67,0.201,37.871
thresh_trk_0.50,430,5,12813968,41.026,43.664,0.173,43.838
thresh_trk_0.50,431,5,12814000,64.687,68.742,0.57,69.312
thresh_trk_0.50,432,5,12814031,93.994,97.579,0.219,97.797
thresh_trk_0.50,434,5,12814109,56.062,59.592,0.159,59.751
thresh_trk_0.50,435,5,12814140,50.409,53.888,0.158,54.046
thresh_trk_0.50,436,5,12814171,69.984,73.61,1.48,75.09
thresh_trk_0.50,438,5,12814234,46.919,49.805,0.154,49.959
thresh_trk_0.50,439,5,12814265,77.177,81.32,0.219,81.539
thresh_trk_0.50,441,5,12814343,49.934,53.842,0.241,54.083
thresh_trk_0.50,442,5,12814375,57.099,61.121,0.168,61.29
thresh_trk_0.50,443,5,12814406,87.496,91.231,0.168,91.398
thresh_trk_0.50,445,5,12814468,83.625,86.956,0.201,87.157
thresh_trk_0.50,447,5,12814546,79.129,83.268,0.178,83.446
thresh_trk_0.50,449,5,12814609,55.799,59.514,3.442,62.956
thresh_trk_0.50,450,5,12814640,88.012,91.264,0.228,91.492
thresh_trk_0.50,452,5,12814718,61.292,64.785,2.133,66.918
thresh_trk_0.50,453,5,12814750,92.073,95.964,0.065,96.029
thresh_trk_0.50,455,5,12814812,54.572,57.973,0.11,58.083
thresh_trk_0.50,456,5,12814843,57.548,60.285,0.168,60.453
thresh_trk_0.50,457,5,12814890,54.842,58.255,0.152,58.407
thresh_trk_0.50,458,5,12814921,85.602,88.163,0.201,88.364
thresh_trk_0.50,460,5,12814984,54.18,58.207,0.123,58.33
thresh_trk_0.50,461,5,12815015,73.716,77.717,0.248,77.966
thresh_trk_0.50,463,5,12815093,46.437,49.808,0.202,50.01
thresh_trk_0.50,464,5,12815125,50.629,53.891,0.17,54.061
thresh_trk_0.50,465,5,12815156,84.673,88.64,2.387,91.027
thresh_trk_0.50,467,5,12815234,63.713,67.774,2.604,70.377
thresh_trk_0.50,468,5,12815265,94.076,97.678,0.163,97.841
thresh_trk_0.50,470,5,12815328,65.55,69.079,0.438,69.516
thresh_trk_0.50,471,5,12815359,92.616,96.542,0.201,96.743
thresh_trk_0.50,473,5,12815437,71.965,75.136,0.167,75.304
thresh_trk_0.50,475,5,12815500,63.933,67.934,0.555,68.489
thresh_trk_0.50,476,5,12815531,79.014,82.397,0.161,82.558
thresh_trk_0.50,478,5,12815609,52.565,56.497,0.157,56.653
thresh_trk_0.50,479,5,12815640,76.434,80.364,2.814,83.179
thresh_trk_0.50,481,5,12815718,50.442,55.527,0.173,55.7
thresh_trk_0.50,482,5,12815750,82.298,85.265,0.252,85.517
thresh_trk_0.50,484,5,12815812,56.555,59.998,2.064,62.062
thresh_trk_0.50,485,5,12815843,61.676,65.788,0.224,66.012
thresh_trk_0.50,486,5,12815875,77.171,81.013,0.243,81.256
thresh_trk_0.50,488,5,12815953,50.432,53.143,0.221,53.364
thresh_trk_0.50,489,5,12815984,32.737,36.235,0.151,36.386
thresh_trk_0.50,490,5,12816015,61.815,65.286,0.132,65.418
thresh_trk_0.50,491,5,12816046,58.654,61.977,0.201,62.178
thresh_trk_0.50,492,5,12816078,94.361,97.062,0.199,97.261
thresh_trk_0.50,494,5,12816156,67.546,72.388,0.165,72.553
thresh_trk_0.50,495,5,12816187,99.696,103.716,0.876,104.592
thresh_trk_0.50,497,5,12816250,75.916,79.397,0.276,79.672
thresh_trk_0.50,499,5,12816328,60.021,65.446,0.112,65.558
thresh_trk_0.50,500,6,12816359,63.095,67.109,0.076,67.184
thresh_trk_0.50,501,6,12816390,54.165,56.979,0.062,57.041
thresh_trk_0.50,502,6,12816421,33.706,37.184,0.056,37.24
thresh_trk_0.50,503,6,12816453,44.362,47.028,0.069,47.097
thresh_trk_0.50,504,6,12816484,76.129,79.554,0.151,79.705
thresh_trk_0.50,506,6,12816562,72.878,76.11,0.063,76.172
thresh_trk_0.50,508,6,12816625,26.195,29.94,0.063,30.003
thresh_trk_0.50,509,6,12816656,38.259,41.574,2.638,44.212
thresh_trk_0.50,510,6,12816687,69.339,72.566,0.143,72.709
thresh_trk_0.50,512,6,12816765,67.462,71.551,0.55,72.101
thresh_trk_0.50,513,6,12816796,95.35,100.883,1.569,102.452
thresh_trk_0.50,515,6,12816875,67.765,72.63,0.067,72.697
thresh_trk_0.50,517,6,12816937,47.386,51.15,3.013,54.163
thresh_trk_0.50,518,6,12816968,59.887,64.277,2.132,66.409
thresh_trk_0.50,519,6,12817000,74.149,77.591,0.071,77.662
thresh_trk_0.50,521,6,12817078,56.553,59.956,0.115,60.07
thresh_trk_0.50,522,6,12817109,83.119,86.811,0.151,86.962
thresh_trk_0.50,524,6,12817171,78.905,83.112,1.779,84.891
thresh_trk_0.50,526,6,12817250,76.598,81.12,1.67,82.79
thresh_trk_0.50,528,6,12817312,49.57,53.666,2.92,56.586
thresh_trk_0.50,529,6,12817343,52.075,56.339,0.158,56.497
thresh_trk_0.50,530,6,12817390,66.082,68.869,0.169,69.039
thresh_trk_0.50,531,6,12817421,170.158,173.682,0.217,173.899
thresh_trk_0.50,533,6,12817484,144.146,148.284,0.081,148.365
thresh_trk_0.50,535,6,12817625,57.917,63.189,0.155,63.343
thresh_trk_0.50,536,6,12817656,77.978,81.24,0.175,81.415
thresh_trk_0.50,538,6,12817718,52.605,55.754,0.086,55.839
thresh_trk_0.50,539,6,12817750,42.492,46.091,3.236,49.327
thresh_trk_0.50,540,6,12817781,65.198,67.724,4.81,72.534
thresh_trk_0.50,541,6,12817812,89.832,93.286,0.157,93.443
thresh_trk_0.50,543,6,12817890,87.02,90.481,0.154,90.635
thresh_trk_0.50,545,6,12817953,62.526,67.465,0.074,67.54
thresh_trk_0.50,546,6,12817984,75.279,78.603,0.228,78.83
thresh_trk_0.50,548,6,12818062,76.255,79.815,0.151,79.965
thresh_trk_0.50,550,6,12818125,71.316,74.796,0.194,74.99
thresh_trk_0.50,552,6,12818203,29.734,33.429,0.07,33.499
thresh_trk_0.50,553,6,12818234,46.936,49.709,1.167,50.876
thresh_trk_0.50,554,6,12818265,54.599,58.954,0.166,59.12
thresh_trk_0.50,555,6,12818296,57.385,61.595,0.069,61.665
thresh_trk_0.50,556,6,12818328,69.029,73.144,0.139,73.283
thresh_trk_0.50,558,6,12818406,62.664,65.329,0.067,65.396
thresh_trk_0.50,559,6,12818437,97.684,101.468,0.164,101.633
thresh_trk_0.50,561,6,12818500,82.946,89.08,0.163,89.243
thresh_trk_0.50,563,6,12818578,95.56,99.77,0.581,100.35
thresh_trk_0.50,565,6,12818640,89.938,94.143,0.161,94.304
thresh_trk_0.50,567,6,12818718,76.847,81.11,3.162,84.272
thresh_trk_0.50,569,6,12818781,57.32,60.962,0.202,61.164
thresh_trk_0.50,570,6,12818812,71.916,74.641,0.068,74.709
thresh_trk_0.50,571,6,12818843,81.348,85.772,0.154,85.926
thresh_trk_0.50,573,6,12818921,60.072,63.413,0.081,63.494
thresh_trk_0.50,574,6,12818953,62.571,66.717,0.235,66.953
thresh_trk_0.50,575,6,12818984,91.678,96.707,0.069,96.776
thresh_trk_0.50,577,6,12819062,72.31,76.463,0.172,76.635
thresh_trk_0.50,579,6,12819125,69.359,71.966,0.144,72.11
thresh_trk_0.50,581,6,12819187,63.327,66.98,0.168,67.148
thresh_trk_0.50,582,6,12819234,97.966,101.805,0.246,102.051
thresh_trk_0.50,584,6,12819296,91.169,97.576,0.16,97.736
thresh_trk_0.50,586,6,12819359,69.625,73.611,0.191,73.801
thresh_trk_0.50,588,6,12819437,42.416,45.151,0.078,45.229
thresh_trk_0.50,589,6,12819468,44.299,48.969,3.185,52.155
thresh_trk_0.50,590,6,12819500,56.838,59.567,0.119,59.685
thresh_trk_0.50,591,6,12819531,30.962,35.018,1.919,36.937
thresh_trk_0.50,592,6,12819562,26.114,29.947,0.059,30.006
thresh_trk_0.50,593,6,12819609,75.305,78.682,0.156,78.838
thresh_trk_0.50,595,6,12819687,52.409,55.926,0.162,56.087
thresh_trk_0.50,596,6,12819718,85.215,87.852,0.194,88.047
thresh_trk_0.50,598,6,12819781,54.84,59.02,0.132,59.152
thresh_trk_0.50,599,6,12819812,70.665,75.293,0.194,75.488
thresh_trk_0.50,601,7,12819890,63.862,67.514,2.311,69.825
thresh_trk_0.50,602,7,12819921,90.3,93.172,1.719,94.891
thresh_trk_0.50,604,7,12819984,61.226,64.63,1.687,66.317
thresh_trk_0.50,605,7,12820015,69.838,73.969,0.207,74.176
thresh_trk_0.50,607,7,12820093,39.602,43.114,0.991,44.105
thresh_trk_0.50,608,7,12820125,48.818,52.426,0.195,52.621
thresh_trk_0.50,609,7,12820156,45.171,48.504,0.225,48.729
thresh_trk_0.50,610,7,12820187,50.385,53.612,0.229,53.841
thresh_trk_0.50,611,7,12820218,55.068,58.862,0.259,59.121
thresh_trk_0.50,612,7,12820250,60.559,64.046,0.713,64.759
thresh_trk_0.50,613,7,12820296,71.884,75.901,0.258,76.159
thresh_trk_0.50,614,7,12820328,68.838,72.737,1.601,74.338
thresh_trk_0.50,616,7,12820390,43.202,46.143,0.214,46.357
thresh_trk_0.50,617,7,12820421,33.577,36.966,0.2,37.166
thresh_trk_0.50,618,7,12820468,40.107,43.059,0.208,43.267
thresh_trk_0.50,619,7,12820500,44.518,48.132,0.248,48.38
thresh_trk_0.50,620,7,12820531,50.415,53.843,0.282,54.126
thresh_trk_0.50,621,7,12820562,59.827,63.564,0.356,63.919
thresh_trk_0.50,622,7,12820593,63.721,67.955,0.32,68.276
thresh_trk_0.50,623,7,12820640,72.7,76.819,0.208,77.028
thresh_trk_0.50,625,7,12820703,42.355,47.291,0.225,47.516
thresh_trk_0.50,626,7,12820734,30.364,33.801,0.139,33.939
thresh_trk_0.50,627,7,12820765,42.686,46.191,0.486,46.677
thresh_trk_0.50,628,7,12820796,48.1,52.003,0.198,52.202
thresh_trk_0.50,629,7,12820843,35.661,39.279,0.202,39.481
thresh_trk_0.50,630,7,12820875,41.749,44.373,0.208,44.581
thresh_trk_0.50,631,7,12820906,48.603,52.239,0.205,52.444
thresh_trk_0.50,632,7,12820937,54.152,58.297,0.213,58.51
thresh_trk_0.50,633,7,12820968,61.704,65.62,0.2,65.82
thresh_trk_0.50,634,7,12821015,62.673,66.165,2.373,68.538
thresh_trk_0.50,635,7,12821046,72.341,76.343,0.209,76.552
thresh_trk_0.50,637,7,12821109,45.589,49.089,0.229,49.319
thresh_trk_0.50,638,7,12821140,50.802,55.083,1.602,56.685
thresh_trk_0.50,639,7,12821187,61.126,65.106,0.213,65.318
thresh_trk_0.50,640,7,12821218,71.894,75.82,0.214,76.034
thresh_trk_0.50,642,7,12821281,43.643,47.667,0.202,47.868
thresh_trk_0.50,643,7,12821312,34.844,38.226,0.191,38.418
thresh_trk_0.50,644,7,12821343,43.181,46.129,1.765,47.894
thresh_trk_0.50,645,7,12821390,44.239,49.346,0.287,49.633
thresh_trk_0.50,646,7,12821421,52.449,55.079,0.206,55.286
thresh_trk_0.50,647,7,12821453,41.89,45.421,0.262,45.683
thresh_trk_0.50,648,7,12821484,46.922,50.028,0.294,50.322
thresh_trk_0.50,649,7,12821515,54.274,58.381,1.653,60.034
thresh_trk_0.50,650,7,12821546,56.683,60.735,3.112,63.847
thresh_trk_0.50,651,7,12821593,68.53,72.39,0.189,72.579
thresh_trk_0.50,653,7,12821656,64.528,68.081,0.221,68.301
thresh_trk_0.50,654,7,12821703,59.649,63.645,0.283,63.928
thresh_trk_0.50,655,7,12821750,61.213,65.287,0.856,66.143
thresh_trk_0.50,656,7,12821781,69.918,73.981,0.197,74.179
thresh_trk_0.50,658,7,12821843,38.092,42.202,0.276,42.478
thresh_trk_0.50,659,7,12821875,44.239,48.031,0.197,48.228
thresh_trk_0.50,660,7,12821906,39.427,43.075,1.657,44.732
thresh_trk_0.50,661,7,12821953,48.704,51.61,0.234,51.844
thresh_trk_0.50,662,7,12821984,58.385,62.043,1.62,63.663
thresh_trk_0.50,663,7,12822015,68.459,75.435,0.208,75.643
thresh_trk_0.50,664,7,12822046,76.21,80.226,0.232,80.457
thresh_trk_0.50,666,7,12822125,48.402,51.726,0.247,51.973
thresh_trk_0.50,667,7,12822156,50.944,54.539,0.238,54.776
thresh_trk_0.50,668,7,12822187,37.305,41.597,1.465,43.062
thresh_trk_0.50,669,7,12822218,47.491,50.263,0.207,50.471
thresh_trk_0.50,670,7,12822250,52.141,55.767,0.197,55.963
thresh_trk_0.50,671,7,12822281,44.948,48.2,0.207,48.407
thresh_trk_0.50,672,7,12822328,53.088,56.203,0.254,56.457
thresh_trk_0.50,673,7,12822359,54.57,58.615,0.256,58.871
thresh_trk_0.50,674,7,12822390,59.482,62.669,0.843,63.512
thresh_trk_0.50,675,7,12822421,53.251,56.49,0.198,56.688
thresh_trk_0.50,676,7,12822453,59.012,61.782,0.205,61.986
thresh_trk_0.50,677,7,12822484,62.974,66.216,0.841,67.057
thresh_trk_0.50,678,7,12822531,60.937,64.189,0.244,64.433
thresh_trk_0.50,679,7,12822562,74.032,76.724,0.22,76.944
thresh_trk_0.50,681,7,12822625,43.924,47.527,0.208,47.734
thresh_trk_0.50,682,7,12822656,37.206,40.641,0.195,40.836
thresh_trk_0.50,683,7,12822703,43.434,46.365,0.202,46.567
thresh_trk_0.50,684,7,12822734,52.119,55.691,1.59,57.282
thresh_trk_0.50,685,7,12822765,61.508,65.57,1.617,67.187
thresh_trk_0.50,686,7,12822796,73.7,77.747,0.193,77.94
thresh_trk_0.50,688,7,12822875,37.727,41.445,0.219,41.663
thresh_trk_0.50,689,7,12822906,45.476,48.361,0.206,48.568
thresh_trk_0.50,690,7,12822937,49.754,53.271,1.663,54.933
thresh_trk_0.50,691,7,12822968,55.811,59.745,1.729,61.474
thresh_trk_0.50,692,7,12823000,72.027,75.605,0.204,75.809
thresh_trk_0.50,693,7,12823046,69.706,77.175,0.204,77.379
thresh_trk_0.50,695,7,12823109,47.747,51.671,1.702,53.374
thresh_trk_0.50,696,7,12823140,38.837,42.721,0.238,42.959
thresh_trk_0.50,697,7,12823171,44.812,47.61,0.197,47.808
thresh_trk_0.50,698,7,12823218,46.902,50.296,0.215,50.51
thresh_trk_0.50,699,7,12823250,51.238,55.269,0.197,55.466
thresh_trk_0.50,700,8,12823281,55.641,59.374,0.08,59.453
thresh_trk_0.50,701,8,12823312,64.465,68.01,0.08,68.09
thresh_trk_0.50,702,8,12823343,77.297,80.617,0.061,80.678
thresh_trk_0.50,704,8,12823421,37.441,40.907,0.056,40.962
thresh_trk_0.50,705,8,12823453,47.414,53.074,0.068,53.142
thresh_trk_0.50,706,8,12823484,56.196,60.492,0.076,60.569
thresh_trk_0.50,707,8,12823515,72.723,76.149,0.074,76.224
thresh_trk_0.50,709,8,12823593,45.507,49.479,0.119,49.597
thresh_trk_0.50,710,8,12823625,42.449,46.412,0.122,46.533
thresh_trk_0.50,711,8,12823656,51.92,54.717,0.043,54.76
thresh_trk_0.50,712,8,12823687,37.874,41.105,2.476,43.58
thresh_trk_0.50,713,8,12823718,47.843,50.634,0.064,50.698
thresh_trk_0.50,714,8,12823765,43.085,47.079,0.067,47.146
thresh_trk_0.50,715,8,12823796,53.668,56.511,0.065,56.576
thresh_trk_0.50,716,8,12823828,60.926,64.863,1.72,66.583
thresh_trk_0.50,717,8,12823859,77.342,82.611,0.078,82.688
thresh_trk_0.50,719,8,12823937,49.672,55.469,0.065,55.534
thresh_trk_0.50,720,8,12823968,60.267,65.213,0.132,65.346
thresh_trk_0.50,721,8,12824000,72.435,75.941,0.072,76.012
thresh_trk_0.50,723,8,12824062,48.263,51.662,0.067,51.729
thresh_trk_0.50,724,8,12824093,56.828,60.45,0.064,60.514
thresh_trk_0.50,725,8,12824140,70.481,74.434,0.054,74.487
thresh_trk_0.50,727,8,12824203,39.69,43.625,2.001,45.626
thresh_trk_0.50,728,8,12824234,53.008,55.936,0.066,56.002
thresh_trk_0.50,729,8,12824265,60.3,63.705,0.079,63.784
thresh_trk_0.50,730,8,12824312,80.898,84.038,0.128,84.166
thresh_trk_0.50,732,8,12824375,55.21,58.677,0.06,58.737
thresh_trk_0.50,733,8,12824406,70.166,73.868,0.05,73.918
thresh_trk_0.50,735,8,12824468,35.003,38.963,0.062,39.024
thresh_trk_0.50,736,8,12824515,45.371,48.106,0.066,48.171
thresh_trk_0.50,737,8,12824546,37.703,40.851,2.879,43.73
thresh_trk_0.50,738,8,12824578,52.772,55.319,0.103,55.423
thresh_trk_0.50,739,8,12824609,59.513,63.22,0.08,63.3
thresh_trk_0.50,740,8,12824656,51.723,55.997,1.967,57.964
thresh_trk_0.50,741,8,12824687,67.022,69.813,0.065,69.877
thresh_trk_0.50,742,8,12824718,64.279,68.637,0.062,68.699
thresh_trk_0.50,743,8,12824750,69.042,73.496,0.053,73.549
thresh_trk_0.50,745,8,12824812,40.813,44.219,2.091,46.31
thresh_trk_0.50,746,8,12824843,50.014,53.296,0.098,53.394
thresh_trk_0.50,747,8,12824890,48.288,52.383,0.056,52.438
thresh_trk_0.50,748,8,12824921,62.447,65.763,2.698,68.461
thresh_trk_0.50,749,8,12824953,71.765,75.915,0.063,75.978
thresh_trk_0.50,751,8,12825015,47.992,51.259,0.062,51.32
thresh_trk_0.50,752,8,12825046,36.102,39.742,0.058,39.8
thresh_trk_0.50,753,8,12825093,49.432,52.155,0.061,52.216
thresh_trk_0.50,754,8,12825125,56.118,60.279,0.09,60.369
thresh_trk_0.50,755,8,12825156,61.537,65.539,0.21,65.749
thresh_trk_0.50,756,8,12825187,59.879,62.743,0.048,62.791
thresh_trk_0.50,757,8,12825218,57.178,61.277,0.102,61.379
thresh_trk_0.50,758,8,12825250,61.362,64.031,0.054,64.085
thresh_trk_0.50,759,8,12825296,73.923,77.165,0.063,77.228
thresh_trk_0.50,761,8,12825359,46.844,50.805,0.063,50.868
thresh_trk_0.50,762,8,12825390,43.949,47.561,0.088,47.649
thresh_trk_0.50,763,8,12825421,52.822,55.654,0.056,55.709
thresh_trk_0.50,764,8,12825453,65.956,69.229,0.067,69.295
thresh_trk_0.50,765,8,12825500,71.509,77.038,0.058,77.096
thresh_trk_0.50,767,8,12825562,52.233,56.062,0.082,56.145
thresh_trk_0.50,768,8,12825593,92.146,96.396,0.071,96.467
thresh_trk_0.50,770,8,12825687,48.6,52.147,3.29,55.437
thresh_trk_0.50,771,8,12825718,61.748,65.746,0.303,66.05
thresh_trk_0.50,772,8,12825765,71.877,77.334,0.063,77.397
thresh_trk_0.50,774,8,12825828,51.588,55.593,0.065,55.658
thresh_trk_0.50,775,8,12825859,56.271,60.144,0.057,60.201
thresh_trk_0.50,776,8,12825890,54.809,58.475,2.868,61.343
thresh_trk_0.50,777,8,12825921,66.176,68.998,0.069,69.067
thresh_trk_0.50,778,8,12825968,65.589,69.288,0.123,69.41
thresh_trk_0.50,779,8,12826000,73.227,77.559,0.067,77.627
thresh_trk_0.50,781,8,12826062,29.921,33.376,0.052,33.428
thresh_trk_0.50,782,8,12826093,44.095,46.839,0.061,46.9
thresh_trk_0.50,783,8,12826125,52.084,55.797,0.061,55.858
thresh_trk_0.50,784,8,12826156,60.895,64.798,0.064,64.862
thresh_trk_0.50,785,8,12826203,71.614,74.945,0.069,75.014
thresh_trk_0.50,787,8,12826265,36.092,39.541,0.061,39.602
thresh_trk_0.50,788,8,12826296,44.784,48.18,0.091,48.271
thresh_trk_0.50,789,8,12826328,55.673,58.915,2.759,61.674
thresh_trk_0.50,790,8,12826359,62.376,65.52,0.058,65.578
thresh_trk_0.50,791,8,12826406,74.653,78.152,0.064,78.216
thresh_trk_0.50,793,8,12826468,46.722,50.209,0.064,50.273
thresh_trk_0.50,794,8,12826500,39.284,43.463,2.587,46.049
thresh_trk_0.50,795,8,12826531,50.998,53.762,0.063,53.825
thresh_trk_0.50,796,8,12826578,81.317,84.578,0.074,84.652
thresh_trk_0.50,798,8,12826656,45.75,49.915,0.076,49.991
thresh_trk_0.50,799,8,12826687,37.349,40.667,0.072,40.739
thresh_pres_0.35,0,1,12827093,24.933,43.622,0.059,43.681
thresh_pres_0.35,1,1,12827109,29.269,32.707,0.07,32.777
thresh_pres_0.35,2,1,12827140,23.27,26.592,0.057,26.648
thresh_pres_0.35,3,1,12827171,24.402,27.477,0.101,27.578
thresh_pres_0.35,4,1,12827203,23.476,26.867,0.057,26.924
thresh_pres_0.35,5,1,12827234,23.327,26.035,0.068,26.103
thresh_pres_0.35,6,1,12827281,23.424,26.814,0.095,26.91
thresh_pres_0.35,7,1,12827312,23.156,27.126,0.094,27.219
thresh_pres_0.35,8,1,12827343,23.72,26.727,0.1,26.827
thresh_pres_0.35,9,1,12827375,22.449,25.772,0.079,25.851
thresh_pres_0.35,10,1,12827406,24.764,27.322,0.094,27.416
thresh_pres_0.35,11,1,12827453,23.884,28.21,0.15,28.359
thresh_pres_0.35,12,1,12827484,23.491,26.199,0.093,26.292
thresh_pres_0.35,13,1,12827515,23.296,26.617,0.096,26.713
thresh_pres_0.35,14,1,12827546,23.206,25.929,0.095,26.023
thresh_pres_0.35,15,1,12827578,23.393,27.443,0.059,27.501
thresh_pres_0.35,16,1,12827609,23.533,26.873,0.057,26.93
thresh_pres_0.35,17,1,12827640,24.505,27.102,0.086,27.188
thresh_pres_0.35,18,1,12827687,19.923,23.77,0.056,23.826
thresh_pres_0.35,19,1,12827718,23.508,26.225,0.057,26.283
thresh_pres_0.35,20,1,12827750,23.088,26.408,0.057,26.466
thresh_pres_0.35,21,1,12827781,24.187,26.711,0.06,26.771
thresh_pres_0.35,22,1,12827812,23.677,26.999,0.053,27.053
thresh_pres_0.35,23,1,12827843,23.193,27.151,0.071,27.221
thresh_pres_0.35,24,1,12827890,23.141,26.426,0.059,26.485
thresh_pres_0.35,25,1,12827921,24.688,27.925,0.095,28.02
thresh_pres_0.35,26,1,12827953,23.407,27.438,0.066,27.504
thresh_pres_0.35,27,1,12827984,28.291,31.869,0.099,31.969
thresh_pres_0.35,28,1,12828015,23.78,27.544,0.088,27.632
thresh_pres_0.35,29,1,12828046,23.295,26.141,0.061,26.201
thresh_pres_0.35,30,1,12828093,23.687,27.009,0.094,27.103
thresh_pres_0.35,31,1,12828125,23.352,27.179,0.057,27.236
thresh_pres_0.35,32,1,12828156,23.15,26.301,0.09,26.391
thresh_pres_0.35,33,1,12828187,23.464,26.226,0.095,26.321
thresh_pres_0.35,34,1,12828218,23.741,26.759,0.103,26.862
thresh_pres_0.35,35,1,12828250,24.092,26.853,0.062,26.915
thresh_pres_0.35,36,1,12828281,23.091,26.048,0.057,26.106
thresh_pres_0.35,37,1,12828328,23.279,26.616,0.074,26.69
thresh_pres_0.35,38,1,12828359,23.389,27.424,0.057,27.48
thresh_pres_0.35,39,1,12828390,23.5,26.79,0.062,26.853
thresh_pres_0.35,40,1,12828421,23.179,26.506,0.06,26.566
thresh_pres_0.35,41,1,12828453,24.251,27.305,0.102,27.407
thresh_pres_0.35,42,1,12828484,23.215,25.882,0.058,25.941
thresh_pres_0.35,43,1,12828531,23.268,26.721,0.056,26.776
thresh_pres_0.35,44,1,12828562,23.29,25.988,0.088,26.076
thresh_pres_0.35,45,1,12828593,21.88,25.212,0.067,25.279
thresh_pres_0.35,46,1,12828625,24.259,26.964,0.07,27.034
thresh_pres_0.35,47,1,12828656,24.42,27.986,0.082,28.068
thresh_pres_0.35,48,1,12828687,23.785,27.197,0.061,27.259
thresh_pres_0.35,49,1,12828734,23.658,26.947,0.096,27.043
thresh_pres_0.35,50,1,12828765,23.27,26.092,0.058,26.149
thresh_pres_0.35,51,1,12828796,23.148,26.542,0.074,26.616
thresh_pres_0.35,52,1,12828828,23.363,27.189,0.059,27.248
thresh_pres_0.35,53,1,12828859,22.525,25.922,0.066,25.988
thresh_pres_0.35,54,1,12828890,23.115,25.913,0.081,25.994
thresh_pres_0.35,55,1,12828921,23.253,26.547,0.094,26.641
thresh_pres_0.35,56,1,12828968,23.621,27.337,0.08,27.417
thresh_pres_0.35,57,1,12829000,23.378,26.319,0.111,26.429
thresh_pres_0.35,58,1,12829031,20.127,23.751,0.054,23.806
thresh_pres_0.35,59,1,12829062,23.704,26.369,0.051,26.419
thresh_pres_0.35,60,1,12829093,23.306,26.602,0.058,26.661
thresh_pres_0.35,61,1,12829125,23.327,26.095,0.056,26.151
thresh_pres_0.35,62,1,12829171,19.81,22.948,0.04,22.988
thresh_pres_0.35,63,1,12829203,23.584,26.11,0.14,26.251
thresh_pres_0.35,64,1,12829234,24.026,27.796,0.079,27.875
thresh_pres_0.35,65,1,12829265,23.387,26.745,0.099,26.844
thresh_pres_0.35,66,1,12829296,23.08,26.25,0.059,26.308
thresh_pres_0.35,67,1,12829328,23.383,27.728,0.056,27.784
thresh_pres_0.35,68,1,12829375,23.588,26.239,0.061,26.3
thresh_pres_0.35,69,1,12829406,21.655,25.412,0.076,25.488
thresh_pres_0.35,70,1,12829437,24.588,27.294,0.095,27.389
thresh_pres_0.35,71,1,12829468,23.43,26.923,0.056,26.979
thresh_pres_0.35,72,1,12829500,23.37,26.704,0.056,26.761
thresh_pres_0.35,73,1,12829531,23.274,26.448,0.058,26.506
thresh_pres_0.35,74,1,12829578,23.407,27.077,0.074,27.151
thresh_pres_0.35,75,1,12829609,23.247,25.977,0.099,26.076
thresh_pres_0.35,76,1,12829640,23.508,27.294,0.142,27.436
thresh_pres_0.35,77,1,12829671,23.88,27.947,0.058,28.005
thresh_pres_0.35,78,1,12829703,23.831,27.636,0.061,27.697
thresh_pres_0.35,79,1,12829734,23.319,27.074,0.057,27.132
thresh_pres_0.35,80,1,12829781,23.27,26.533,0.07,26.602
thresh_pres_0.35,81,1,12829812,23.544,26.516,0.083,26.599
thresh_pres_0.35,82,1,12829843,26.801,30.477,0.103,30.58
thresh_pres_0.35,83,1,12829875,26.518,29.322,0.104,29.426
thresh_pres_0.35,84,1,12829937,23.918,26.561,0.055,26.616
thresh_pres_0.35,85,1,12829968,25.472,28.895,0.059,28.954
thresh_pres_0.35,86,1,12830015,23.344,27.734,0.102,27.837
thresh_pres_0.35,87,1,12830046,23.597,26.738,0.073,26.811
thresh_pres_0.35,88,1,12830078,22.383,25.533,0.072,25.605
thresh_pres_0.35,89,1,12830109,23.259,25.986,0.059,26.044
thresh_pres_0.35,90,1,12830140,23.369,27.062,0.068,27.129
thresh_pres_0.35,91,1,12830171,23.335,27.083,0.056,27.139
thresh_pres_0.35,92,1,12830218,22.519,25.863,0.061,25.923
thresh_pres_0.35,93,1,12830250,23.593,26.219,0.149,26.368
thresh_pres_0.35,94,1,12830281,24.019,28.06,0.054,28.114
thresh_pres_0.35,95,1,12830312,23.365,26.546,0.056,26.602
thresh_pres_0.35,96,1,12830343,23.3,26.348,0.093,26.44
thresh_pres_0.35,97,1,12830375,19.606,22.979,0.054,23.034
thresh_pres_0.35,98,1,12830421,23.817,27.027,0.897,27.924
thresh_pres_0.35,99,1,12830453,23.557,27.367,0.058,27.424
thresh_pres_0.35,100,2,12830484,44.79,48.1,0.14,48.24
thresh_pres_0.35,101,2,12830515,73.537,76.38,0.161,76.541
thresh_pres_0.35,103,2,12830578,55.252,59.255,0.159,59.414
thresh_pres_0.35,104,2,12830625,93.329,96.588,0.227,96.815
thresh_pres_0.35,106,2,12830687,70.756,74.462,0.178,74.64
thresh_pres_0.35,108,2,12830750,69.565,72.864,0.152,73.017
thresh_pres_0.35,109,2,12830796,95.319,100.457,0.155,100.612
thresh_pres_0.35,111,2,12830859,94.195,97.653,0.241,97.894
thresh_pres_0.35,113,2,12830921,80.376,84.405,0.178,84.583
thresh_pres_0.35,115,2,12831000,73.252,78.848,0.205,79.053
thresh_pres_0.35,117,2,12831062,71.891,74.949,0.146,75.095
thresh_pres_0.35,119,2,12831125,64.243,67.648,0.172,67.82
thresh_pres_0.35,120,2,12831171,89.07,93.033,0.163,93.195
thresh_pres_0.35,122,2,12831234,68.455,72.734,0.173,72.907
thresh_pres_0.35,124,2,12831296,58.65,62.402,0.264,62.666
thresh_pres_0.35,125,2,12831343,73.706,77.782,0.16,77.943
thresh_pres_0.35,127,2,12831406,63.225,67.085,0.171,67.257
thresh_pres_0.35,128,2,12831437,86.718,90.036,3.507,93.544
thresh_pres_0.35,130,2,12831500,85.158,88.499,0.208,88.707
thresh_pres_0.35,132,2,12831578,68.55,71.979,0.143,72.122
thresh_pres_0.35,134,2,12831640,65.619,69.346,0.689,70.035
thresh_pres_0.35,135,2,12831671,85.023,88.564,1.667,90.232
thresh_pres_0.35,137,2,12831750,62.072,68.052,0.118,68.17
thresh_pres_0.35,138,2,12831781,94.608,98.321,0.206,98.527
thresh_pres_0.35,140,2,12831843,83.634,87.591,0.161,87.751
thresh_pres_0.35,142,2,12831906,79.399,82.944,1.473,84.417
thresh_pres_0.35,144,2,12831984,72.2,75.676,0.167,75.843
thresh_pres_0.35,146,2,12832046,62.01,66.084,0.145,66.229
thresh_pres_0.35,147,2,12832078,88.374,91.823,0.168,91.991
thresh_pres_0.35,149,2,12832156,63.318,66.739,0.123,66.862
thresh_pres_0.35,150,2,12832187,87.191,90.778,0.171,90.949
thresh_pres_0.35,152,2,12832250,71.688,75.241,0.184,75.425
thresh_pres_0.35,154,2,12832312,63.869,67.849,0.177,68.025
thresh_pres_0.35,155,2,12832359,97.916,101.442,0.156,101.598
thresh_pres_0.35,157,2,12832421,90.524,96.05,0.166,96.215
thresh_pres_0.35,159,2,12832484,68.213,71.625,0.144,71.769
thresh_pres_0.35,161,2,12832562,63.656,66.423,0.176,66.599
thresh_pres_0.35,162,2,12832593,83.475,87.82,0.17,87.99
thresh_pres_0.35,164,2,12832656,84.945,88.774,0.167,88.94
thresh_pres_0.35,166,2,12832734,84.29,88.436,0.175,88.611
thresh_pres_0.35,168,2,12832796,71.543,75.576,0.216,75.792
thresh_pres_0.35,170,2,12832859,58.822,62.263,0.149,62.412
thresh_pres_0.35,171,2,12832906,89.092,93.128,0.221,93.349
thresh_pres_0.35,173,2,12832968,73.077,76.978,0.162,77.14
thresh_pres_0.35,175,2,12833031,69.527,73.103,0.172,73.275
thresh_pres_0.35,176,2,12833078,78.835,83.994,0.19,84.184
thresh_pres_0.35,178,2,12833140,77.243,80.208,0.183,80.391
thresh_pres_0.35,180,2,12833203,62.107,65.558,0.153,65.711
thresh_pres_0.35,181,2,12833234,68.841,71.513,0.162,71.675
thresh_pres_0.35,183,2,12833312,62.967,65.531,2.113,67.643
thresh_pres_0.35,184,2,12833343,96.352,99.576,0.146,99.722
thresh_pres_0.35,186,2,12833406,93.153,97.175,0.156,97.331
thresh_pres_0.35,188,2,12833484,92.35,95.583,1.48,97.063
thresh_pres_0.35,190,2,12833546,87.44,91.504,0.209,91.713
thresh_pres_0.35,192,2,12833609,67.504,70.729,0.159,70.888
thresh_pres_0.35,193,2,12833640,101.668,104.517,0.193,104.71
thresh_pres_0.35,195,2,12833718,80.058,86.567,1.89,88.457
thresh_pres_0.35,197,2,12833781,82.234,85.876,0.152,86.028
thresh_pres_0.35,199,2,12833859,77.167,80.664,0.153,80.817
thresh_pres_0.35,201,3,12833921,53.44,57.006,0.087,57.093
thresh_pres_0.35,202,3,12833953,63.451,66.935,0.098,67.034
thresh_pres_0.35,203,3,12833984,75.958,79.831,0.061,79.892
thresh_pres_0.35,205,3,12834062,47.804,52.993,0.057,53.05
thresh_pres_0.35,206,3,12834093,51.463,55.376,0.114,55.489
thresh_pres_0.35,207,3,12834125,58.073,60.736,0.132,60.868
thresh_pres_0.35,208,3,12834156,53.847,57.285,0.071,57.356
thresh_pres_0.35,209,3,12834187,63.779,66.771,0.056,66.827
thresh_pres_0.35,210,3,12834218,72.828,76.853,0.072,76.925
thresh_pres_0.35,212,3,12834296,51.554,55.258,0.064,55.322
thresh_pres_0.35,213,3,12834328,61.729,65.703,0.091,65.794
thresh_pres_0.35,214,3,12834359,63.653,67.565,1.054,68.618
thresh_pres_0.35,215,3,12834390,61.711,64.321,0.045,64.366
thresh_pres_0.35,216,3,12834437,61.415,65.702,0.066,65.767
thresh_pres_0.35,217,3,12834468,72.335,75.112,0.053,75.166
thresh_pres_0.35,219,3,12834531,49.346,53.568,2.11,55.678
thresh_pres_0.35,220,3,12834562,61.22,65.719,0.068,65.787
thresh_pres_0.35,221,3,12834609,61.107,65.126,0.08,65.206
thresh_pres_0.35,222,3,12834640,62.161,65.5,0.074,65.574
thresh_pres_0.35,223,3,12834671,74.414,77.369,0.061,77.429
thresh_pres_0.35,225,3,12834734,47.503,50.995,0.069,51.064
thresh_pres_0.35,226,3,12834765,61.371,64.816,0.154,64.97
thresh_pres_0.35,227,3,12834812,74.334,78.453,0.148,78.601
thresh_pres_0.35,229,3,12834875,46.281,52.266,0.173,52.439
thresh_pres_0.35,230,3,12834906,34.251,38.207,0.164,38.372
thresh_pres_0.35,231,3,12834937,44.78,47.598,0.163,47.761
thresh_pres_0.35,232,3,12834984,45.739,49.39,0.31,49.701
thresh_pres_0.35,233,3,12835015,60.412,63.319,0.16,63.479
thresh_pres_0.35,234,3,12835046,69.075,73.226,0.143,73.368
thresh_pres_0.35,236,3,12835109,58.284,62.401,1.192,63.593
thresh_pres_0.35,237,3,12835140,61.999,66.086,0.415,66.501
thresh_pres_0.35,238,3,12835187,78.645,82.797,0.175,82.973
thresh_pres_0.35,240,3,12835250,68.785,72.837,0.192,73.029
thresh_pres_0.35,242,3,12835328,44.193,47.0,0.21,47.21
thresh_pres_0.35,243,3,12835359,72.727,76.792,1.594,78.386
thresh_pres_0.35,245,3,12835421,49.178,53.044,2.382,55.426
thresh_pres_0.35,246,3,12835468,58.342,62.259,0.159,62.418
thresh_pres_0.35,247,3,12835500,61.464,67.38,0.12,67.5
thresh_pres_0.35,248,3,12835531,74.444,77.852,0.184,78.036
thresh_pres_0.35,250,3,12835593,48.086,52.088,0.323,52.411
thresh_pres_0.35,251,3,12835640,50.306,53.956,0.187,54.143
thresh_pres_0.35,252,3,12835671,75.634,78.246,0.185,78.431
thresh_pres_0.35,254,3,12835734,73.33,77.859,0.165,78.023
thresh_pres_0.35,256,3,12835812,69.481,73.329,0.19,73.519
thresh_pres_0.35,257,3,12835843,66.063,70.278,0.152,70.429
thresh_pres_0.35,259,3,12835906,43.573,46.204,0.164,46.367
thresh_pres_0.35,260,3,12835937,37.153,40.272,0.154,40.426
thresh_pres_0.35,261,3,12835984,45.808,49.599,0.157,49.756
thresh_pres_0.35,262,3,12836015,58.163,62.012,1.902,63.914
thresh_pres_0.35,263,3,12836046,69.861,73.804,0.161,73.965
thresh_pres_0.35,264,3,12836078,67.562,71.826,0.154,71.98
thresh_pres_0.35,266,3,12836156,44.166,47.286,0.175,47.461
thresh_pres_0.35,267,3,12836187,53.078,56.561,1.844,58.405
thresh_pres_0.35,268,3,12836218,62.792,66.895,0.161,67.056
thresh_pres_0.35,269,3,12836250,63.225,66.698,0.312,67.01
thresh_pres_0.35,270,3,12836281,68.633,72.093,0.152,72.245
thresh_pres_0.35,272,3,12836359,44.096,48.044,0.161,48.205
thresh_pres_0.35,273,3,12836390,56.664,60.149,0.178,60.326
thresh_pres_0.35,274,3,12836421,59.944,63.823,0.156,63.979
thresh_pres_0.35,275,3,12836453,59.584,63.644,1.984,65.627
thresh_pres_0.35,276,3,12836484,68.242,70.973,0.147,71.119
thresh_pres_0.35,278,3,12836546,48.05,50.991,0.154,51.145
thresh_pres_0.35,279,3,12836593,56.003,60.12,0.167,60.287
thresh_pres_0.35,280,3,12836625,70.387,74.015,0.144,74.159
thresh_pres_0.35,282,3,12836687,51.837,55.259,3.278,58.537
thresh_pres_0.35,283,3,12836734,64.062,68.081,0.205,68.285
thresh_pres_0.35,284,3,12836765,66.194,72.684,0.139,72.823
thresh_pres_0.35,286,3,12836828,45.152,49.105,2.214,51.319
thresh_pres_0.35,287,3,12836859,56.547,60.629,0.165,60.795
thresh_pres_0.35,288,3,12836906,57.692,62.608,0.173,62.782
thresh_pres_0.35,289,3,12836937,58.69,62.095,0.168,62.263
thresh_pres_0.35,290,3,12836968,66.406,69.706,0.776,70.482
thresh_pres_0.35,291,3,12837000,76.754,81.152,0.157,81.309
thresh_pres_0.35,293,3,12837062,52.979,56.964,0.22,57.185
thresh_pres_0.35,294,3,12837093,63.441,66.832,0.151,66.983
thresh_pres_0.35,295,3,12837140,63.987,70.073,0.168,70.241
thresh_pres_0.35,296,3,12837171,62.626,65.541,0.124,65.665
thresh_pres_0.35,297,3,12837203,64.183,68.411,0.234,68.645
thresh_pres_0.35,298,3,12837234,78.516,81.405,0.155,81.56
thresh_pres_0.35,300,4,12837312,59.535,63.64,0.152,63.792
thresh_pres_0.35,301,4,12837343,85.468,88.749,0.165,88.914
thresh_pres_0.35,303,4,12837406,60.332,66.184,0.164,66.348
thresh_pres_0.35,304,4,12837437,96.526,99.974,0.166,100.14
thresh_pres_0.35,306,4,12837515,89.645,93.567,2.562,96.129
thresh_pres_0.35,308,4,12837578,81.844,85.746,0.141,85.888
thresh_pres_0.35,310,4,12837656,56.915,60.406,0.165,60.571
thresh_pres_0.35,311,4,12837687,89.729,92.448,0.171,92.619
thresh_pres_0.35,313,4,12837750,83.604,88.239,0.175,88.413
thresh_pres_0.35,315,4,12837828,82.323,86.279,0.157,86.436
thresh_pres_0.35,317,4,12837890,82.712,86.131,0.154,86.285
thresh_pres_0.35,319,4,12837953,83.465,86.998,2.599,89.597
thresh_pres_0.35,321,4,12838031,69.427,73.667,0.153,73.82
thresh_pres_0.35,323,4,12838093,65.551,69.472,1.991,71.463
thresh_pres_0.35,324,4,12838125,94.936,98.423,0.149,98.573
thresh_pres_0.35,326,4,12838203,85.593,90.348,0.205,90.552
thresh_pres_0.35,328,4,12838265,58.948,63.059,0.155,63.214
thresh_pres_0.35,329,4,12838296,70.778,74.797,0.157,74.954
thresh_pres_0.35,331,4,12838359,36.61,40.055,0.158,40.213
thresh_pres_0.35,332,4,12838406,53.332,56.384,0.163,56.547
thresh_pres_0.35,333,4,12838437,36.858,41.412,0.201,41.612
thresh_pres_0.35,334,4,12838468,47.756,50.458,1.769,52.227
thresh_pres_0.35,335,4,12838500,81.191,84.471,0.157,84.628
thresh_pres_0.35,337,4,12838578,54.54,58.126,2.495,60.621
thresh_pres_0.35,338,4,12838609,61.324,64.911,0.153,65.064
thresh_pres_0.35,339,4,12838640,77.795,82.254,0.197,82.451
thresh_pres_0.35,341,4,12838718,52.662,56.67,0.181,56.852
thresh_pres_0.35,342,4,12838750,64.641,68.024,0.169,68.193
thresh_pres_0.35,343,4,12838781,89.829,93.697,0.166,93.862
thresh_pres_0.35,345,4,12838843,89.045,92.21,2.521,94.732
thresh_pres_0.35,347,4,12838921,55.13,59.164,0.197,59.361
thresh_pres_0.35,348,4,12838953,47.664,51.007,0.176,51.183
thresh_pres_0.35,349,4,12838984,56.652,59.824,0.417,60.241
thresh_pres_0.35,350,4,12839015,72.355,75.775,0.153,75.928
thresh_pres_0.35,352,4,12839078,63.047,66.93,0.165,67.096
thresh_pres_0.35,353,4,12839109,75.784,78.51,0.163,78.673
thresh_pres_0.35,355,4,12839187,51.111,53.866,2.023,55.889
thresh_pres_0.35,356,4,12839218,61.937,65.815,0.123,65.938
thresh_pres_0.35,357,4,12839250,65.161,69.093,0.186,69.279
thresh_pres_0.35,358,4,12839281,63.262,66.254,0.164,66.418
thresh_pres_0.35,359,4,12839312,121.709,126.054,2.967,129.021
thresh_pres_0.35,361,4,12839421,88.398,93.691,0.181,93.872
thresh_pres_0.35,363,4,12839484,73.522,77.386,1.536,78.921
thresh_pres_0.35,365,4,12839546,46.157,50.101,0.218,50.319
thresh_pres_0.35,366,4,12839578,80.806,84.215,1.585,85.8
thresh_pres_0.35,368,4,12839656,49.629,53.472,0.244,53.716
thresh_pres_0.35,369,4,12839687,55.844,58.605,0.168,58.773
thresh_pres_0.35,370,4,12839718,92.024,95.987,1.546,97.533
thresh_pres_0.35,372,4,12839781,64.199,67.863,0.167,68.03
thresh_pres_0.35,373,4,12839828,96.227,101.345,1.571,102.916
thresh_pres_0.35,375,4,12839890,70.729,74.723,0.151,74.874
thresh_pres_0.35,377,4,12839953,74.179,77.81,0.208,78.018
thresh_pres_0.35,379,4,12840031,43.251,48.255,0.166,48.422
thresh_pres_0.35,380,4,12840062,75.62,79.548,0.268,79.817
thresh_pres_0.35,382,4,12840125,47.317,50.7,3.485,54.186
thresh_pres_0.35,383,4,12840171,78.38,83.846,0.289,84.135
thresh_pres_0.35,385,4,12840234,53.172,57.814,0.164,57.979
thresh_pres_0.35,386,4,12840265,84.664,88.915,0.265,89.18
thresh_pres_0.35,388,4,12840343,55.655,58.958,0.208,59.166
thresh_pres_0.35,389,4,12840375,86.319,91.505,0.237,91.742
thresh_pres_0.35,391,4,12840437,55.545,59.678,0.122,59.801
thresh_pres_0.35,392,4,12840468,74.763,78.476,0.215,78.691
thresh_pres_0.35,394,4,12840546,45.833,49.757,0.168,49.925
thresh_pres_0.35,395,4,12840578,75.864,80.41,0.209,80.619
thresh_pres_0.35,397,4,12840656,43.341,49.813,0.171,49.984
thresh_pres_0.35,398,4,12840687,83.185,86.791,0.201,86.991
thresh_pres_0.35,400,5,12840750,51.083,54.607,0.078,54.685
thresh_pres_0.35,401,5,12840781,54.097,57.665,0.064,57.728
thresh_pres_0.35,402,5,12840828,46.877,51.012,0.162,51.174
thresh_pres_0.35,403,5,12840859,57.703,60.656,0.201,60.858
thresh_pres_0.35,404,5,12840890,60.234,63.849,0.144,63.993
thresh_pres_0.35,405,5,12840921,58.633,62.719,0.158,62.877
thresh_pres_0.35,406,5,12840953,74.868,77.688,2.011,79.7
thresh_pres_0.35,408,5,12841031,50.205,54.827,0.212,55.04
thresh_pres_0.35,409,5,12841062,41.06,44.686,0.154,44.84
thresh_pres_0.35,410,5,12841093,51.685,54.351,2.899,57.25
thresh_pres_0.35,411,5,12841125,60.879,64.912,0.205,65.116
thresh_pres_0.35,412,5,12841156,60.857,64.825,0.158,64.983
thresh_pres_0.35,413,5,12841187,62.447,65.981,0.194,66.176
thresh_pres_0.35,414,5,12841218,73.493,76.368,3.423,79.791
thresh_pres_0.35,416,5,12841296,35.895,39.81,1.89,41.7
thresh_pres_0.35,417,5,12841328,47.04,49.727,0.163,49.89
thresh_pres_0.35,418,5,12841359,34.702,38.135,0.142,38.277
thresh_pres_0.35,419,5,12841390,46.303,49.443,0.16,49.604
thresh_pres_0.35,420,5,12841421,58.557,62.357,0.153,62.509
thresh_pres_0.35,421,5,12841468,55.494,60.629,0.297,60.927
thresh_pres_0.35,422,5,12841500,70.353,73.834,0.139,73.973
thresh_pres_0.35,424,5,12841562,31.98,35.895,0.4,36.295
thresh_pres_0.35,425,5,12841593,44.107,47.444,0.18,47.623
thresh_pres_0.35,426,5,12841640,31.58,34.943,0.184,35.127
thresh_pres_0.35,427,5,12841671,44.405,47.44,0.197,47.637
thresh_pres_0.35,428,5,12841703,57.907,61.204,0.156,61.36
thresh_pres_0.35,429,5,12841734,65.579,69.269,0.161,69.43
thresh_pres_0.35,430,5,12841765,74.847,78.986,0.164,79.15
thresh_pres_0.35,432,5,12841843,50.86,54.756,2.419,57.175
thresh_pres_0.35,433,5,12841875,61.386,65.093,1.864,66.957
thresh_pres_0.35,434,5,12841906,78.828,82.863,0.152,83.015
thresh_pres_0.35,436,5,12841968,51.416,55.961,0.307,56.267
thresh_pres_0.35,437,5,12842015,64.643,68.07,0.162,68.232
thresh_pres_0.35,438,5,12842046,61.775,65.617,0.118,65.735
thresh_pres_0.35,439,5,12842078,73.99,77.495,0.155,77.65
thresh_pres_0.35,441,5,12842140,47.595,52.812,0.156,52.968
thresh_pres_0.35,442,5,12842171,58.763,62.094,0.252,62.346
thresh_pres_0.35,443,5,12842218,71.276,74.606,0.152,74.758
thresh_pres_0.35,445,5,12842281,45.265,48.801,0.156,48.957
thresh_pres_0.35,446,5,12842312,40.667,44.21,1.599,45.809
thresh_pres_0.35,447,5,12842343,53.024,55.58,0.075,55.655
thresh_pres_0.35,448,5,12842390,60.291,63.716,0.115,63.831
thresh_pres_0.35,449,5,12842421,59.061,63.054,2.167,65.221
thresh_pres_0.35,450,5,12842453,74.625,77.697,1.585,79.282
thresh_pres_0.35,452,5,12842515,50.295,54.333,0.152,54.485
thresh_pres_0.35,453,5,12842546,52.607,56.294,0.231,56.526
thresh_pres_0.35,454,5,12842578,67.711,70.54,0.213,70.753
thresh_pres_0.35,455,5,12842625,77.094,80.821,0.196,81.017
thresh_pres_0.35,457,5,12842687,44.1,47.284,0.728,48.012
thresh_pres_0.35,458,5,12842718,55.169,58.929,0.212,59.141
thresh_pres_0.35,459,5,12842750,71.354,74.926,0.162,75.088
thresh_pres_0.35,460,5,12842796,78.212,81.685,0.184,81.869
thresh_pres_0.35,462,5,12842859,56.64,60.653,0.287,60.939
thresh_pres_0.35,463,5,12842890,66.654,70.616,0.279,70.895
thresh_pres_0.35,464,5,12842921,66.041,70.097,0.364,70.461
thresh_pres_0.35,465,5,12842953,75.739,79.303,0.175,79.478
thresh_pres_0.35,467,5,12843031,56.855,60.053,0.069,60.122
thresh_pres_0.35,468,5,12843062,62.02,65.894,0.163,66.057
thresh_pres_0.35,469,5,12843093,66.002,70.138,0.183,70.321
thresh_pres_0.35,470,5,12843125,62.202,65.238,0.248,65.486
thresh_pres_0.35,471,5,12843156,60.936,64.206,0.195,64.401
thresh_pres_0.35,472,5,12843187,78.241,80.802,0.163,80.965
thresh_pres_0.35,474,5,12843265,51.933,55.834,1.568,57.402
thresh_pres_0.35,475,5,12843296,62.82,66.255,0.079,66.334
thresh_pres_0.35,476,5,12843328,69.042,72.512,0.142,72.654
thresh_pres_0.35,478,5,12843390,50.902,54.398,0.172,54.57
thresh_pres_0.35,479,5,12843437,56.614,64.388,0.166,64.553
thresh_pres_0.35,480,5,12843468,81.865,85.678,0.511,86.189
thresh_pres_0.35,482,5,12843531,58.109,61.824,3.05,64.874
thresh_pres_0.35,483,5,12843562,71.72,75.507,0.158,75.665
thresh_pres_0.35,485,5,12843640,51.36,54.88,0.164,55.044
thresh_pres_0.35,486,5,12843671,59.721,66.733,0.723,67.457
thresh_pres_0.35,487,5,12843703,77.468,81.522,0.169,81.691
thresh_pres_0.35,489,5,12843781,51.677,55.018,0.076,55.094
thresh_pres_0.35,490,5,12843812,58.07,61.599,0.063,61.662
thresh_pres_0.35,491,5,12843843,60.4,63.949,0.06,64.008
thresh_pres_0.35,492,5,12843875,67.42,71.618,0.15,71.768
thresh_pres_0.35,493,5,12843906,78.341,82.493,0.197,82.691
thresh_pres_0.35,495,5,12843984,41.858,45.259,0.202,45.461
thresh_pres_0.35,496,5,12844015,51.944,54.668,0.155,54.823
thresh_pres_0.35,497,5,12844046,60.043,64.02,0.149,64.169
thresh_pres_0.35,498,5,12844078,62.805,67.207,0.175,67.382
thresh_pres_0.35,499,5,12844109,69.27,72.709,0.059,72.768
thresh_pres_0.35,501,6,12844187,24.452,27.991,0.062,28.053
thresh_pres_0.35,502,6,12844218,23.562,26.884,0.06,26.945
thresh_pres_0.35,503,6,12844250,43.257,47.295,0.066,47.36
thresh_pres_0.35,504,6,12844281,56.453,60.544,0.109,60.653
thresh_pres_0.35,505,6,12844312,67.128,71.48,0.174,71.654
thresh_pres_0.35,506,6,12844359,79.733,83.184,0.16,83.344
thresh_pres_0.35,508,6,12844421,55.772,59.982,0.074,60.056
thresh_pres_0.35,509,6,12844453,61.867,65.747,0.086,65.833
thresh_pres_0.35,510,6,12844484,100.238,103.776,0.242,104.018
thresh_pres_0.35,512,6,12844562,83.675,87.874,0.158,88.031
thresh_pres_0.35,514,6,12844625,68.026,71.368,0.214,71.582
thresh_pres_0.35,515,6,12844656,73.063,76.873,0.164,77.037
thresh_pres_0.35,517,6,12844734,75.882,80.291,0.093,80.384
thresh_pres_0.35,519,6,12844796,22.036,25.599,0.079,25.678
thresh_pres_0.35,520,6,12844828,46.91,49.66,0.065,49.725
thresh_pres_0.35,521,6,12844859,54.109,58.805,0.064,58.869
thresh_pres_0.35,522,6,12844890,64.016,67.462,0.104,67.566
thresh_pres_0.35,523,6,12844937,75.098,79.164,0.239,79.403
thresh_pres_0.35,525,6,12845000,72.601,76.392,0.28,76.672
thresh_pres_0.35,527,6,12845062,67.142,71.298,0.06,71.358
thresh_pres_0.35,528,6,12845109,83.024,87.109,1.945,89.054
thresh_pres_0.35,530,6,12845171,84.931,87.741,0.164,87.905
thresh_pres_0.35,532,6,12845234,62.787,66.523,0.246,66.769
thresh_pres_0.35,533,6,12845265,73.104,75.88,0.075,75.954
thresh_pres_0.35,535,6,12845343,46.352,50.558,0.16,50.718
thresh_pres_0.35,536,6,12845375,80.864,85.068,0.233,85.301
thresh_pres_0.35,538,6,12845437,52.749,57.412,0.073,57.485
thresh_pres_0.35,539,6,12845484,74.47,77.943,0.061,78.004
thresh_pres_0.35,541,6,12845546,46.632,51.35,0.228,51.578
thresh_pres_0.35,542,6,12845578,52.4,55.887,1.807,57.694
thresh_pres_0.35,543,6,12845609,88.174,91.37,0.157,91.527
thresh_pres_0.35,545,6,12845687,79.862,84.166,0.075,84.241
thresh_pres_0.35,547,6,12845750,55.129,59.563,0.151,59.714
thresh_pres_0.35,548,6,12845781,90.546,94.12,0.207,94.327
thresh_pres_0.35,550,6,12845859,55.409,59.84,0.122,59.962
thresh_pres_0.35,551,6,12845890,49.229,53.085,0.159,53.245
thresh_pres_0.35,552,6,12845921,58.289,61.255,0.084,61.339
thresh_pres_0.35,553,6,12845953,53.405,56.731,0.112,56.843
thresh_pres_0.35,554,6,12846000,63.525,66.272,0.154,66.426
thresh_pres_0.35,555,6,12846031,72.177,75.432,0.073,75.505
thresh_pres_0.35,557,6,12846093,49.993,54.146,2.98,57.126
thresh_pres_0.35,558,6,12846125,61.513,65.946,1.597,67.543
thresh_pres_0.35,559,6,12846156,71.907,76.18,0.054,76.235
thresh_pres_0.35,561,6,12846234,47.277,52.301,0.164,52.465
thresh_pres_0.35,562,6,12846265,77.102,80.552,0.18,80.733
thresh_pres_0.35,564,6,12846328,62.595,66.674,0.156,66.83
thresh_pres_0.35,565,6,12846359,93.618,97.292,3.002,100.295
thresh_pres_0.35,567,6,12846437,90.932,95.089,0.174,95.263
thresh_pres_0.35,569,6,12846500,66.7,71.093,0.077,71.17
thresh_pres_0.35,570,6,12846531,56.827,60.385,0.067,60.452
thresh_pres_0.35,571,6,12846562,61.059,64.829,0.118,64.947
thresh_pres_0.35,572,6,12846609,84.612,88.079,0.158,88.236
thresh_pres_0.35,574,6,12846671,74.37,78.568,0.24,78.808
thresh_pres_0.35,576,6,12846734,59.957,63.61,0.156,63.766
thresh_pres_0.35,577,6,12846765,60.328,63.696,0.222,63.918
thresh_pres_0.35,578,6,12846812,73.695,76.639,0.151,76.79
thresh_pres_0.35,580,6,12846875,45.534,49.687,0.09,49.777
thresh_pres_0.35,581,6,12846906,77.657,81.886,0.149,82.035
thresh_pres_0.35,583,6,12846984,57.668,61.073,0.166,61.239
thresh_pres_0.35,584,6,12847015,65.623,68.414,1.58,69.994
thresh_pres_0.35,585,6,12847046,74.583,78.061,0.163,78.224
thresh_pres_0.35,587,6,12847109,60.102,63.582,0.1,63.683
thresh_pres_0.35,588,6,12847156,69.598,76.656,2.521,79.177
thresh_pres_0.35,590,6,12847218,52.209,56.064,0.106,56.17
thresh_pres_0.35,591,6,12847250,39.871,46.086,0.064,46.15
thresh_pres_0.35,592,6,12847296,29.692,33.688,0.1,33.789
thresh_pres_0.35,593,6,12847328,45.4,48.792,0.104,48.896
thresh_pres_0.35,594,6,12847359,54.701,58.228,1.875,60.103
thresh_pres_0.35,595,6,12847390,67.979,71.638,0.894,72.532
thresh_pres_0.35,596,6,12847421,79.575,83.791,0.152,83.943
thresh_pres_0.35,598,6,12847500,78.174,82.205,0.218,82.423
thresh_pres_0.35,600,7,12847562,105.294,109.044,0.172,109.215
thresh_pres_0.35,602,7,12847656,63.63,67.863,4.362,72.225
thresh_pres_0.35,603,7,12847687,75.305,79.167,0.205,79.372
thresh_pres_0.35,605,7,12847765,43.519,46.905,0.201,47.106
thresh_pres_0.35,606,7,12847796,49.78,53.587,0.275,53.862
thresh_pres_0.35,607,7,12847828,56.841,61.361,3.796,65.157
thresh_pres_0.35,608,7,12847859,73.979,77.503,0.207,77.711
thresh_pres_0.35,610,7,12847937,42.775,47.043,0.21,47.252
thresh_pres_0.35,611,7,12847968,47.537,51.423,0.208,51.631
thresh_pres_0.35,612,7,12848000,52.256,56.333,3.765,60.098
thresh_pres_0.35,613,7,12848031,61.271,65.1,0.213,65.314
thresh_pres_0.35,614,7,12848062,61.235,65.241,0.223,65.464
thresh_pres_0.35,615,7,12848109,60.808,64.156,0.266,64.422
thresh_pres_0.35,616,7,12848140,58.688,61.489,0.142,61.631
thresh_pres_0.35,617,7,12848171,52.087,55.312,0.222,55.534
thresh_pres_0.35,618,7,12848203,58.505,61.044,0.254,61.298
thresh_pres_0.35,619,7,12848234,58.909,62.742,0.141,62.882
thresh_pres_0.35,620,7,12848265,53.014,56.617,0.258,56.875
thresh_pres_0.35,621,7,12848296,58.726,61.517,0.313,61.83
thresh_pres_0.35,622,7,12848343,65.158,69.398,0.195,69.592
thresh_pres_0.35,623,7,12848375,69.048,73.042,0.198,73.239
thresh_pres_0.35,625,7,12848437,41.975,45.702,0.21,45.913
thresh_pres_0.35,626,7,12848468,49.059,52.405,0.281,52.687
thresh_pres_0.35,627,7,12848515,52.73,56.552,1.66,58.211
thresh_pres_0.35,628,7,12848546,62.947,66.933,0.308,67.241
thresh_pres_0.35,629,7,12848578,62.143,66.076,0.846,66.922
thresh_pres_0.35,630,7,12848609,59.528,63.549,0.237,63.785
thresh_pres_0.35,631,7,12848640,66.586,69.489,0.479,69.968
thresh_pres_0.35,632,7,12848687,75.699,79.183,0.25,79.433
thresh_pres_0.35,634,7,12848750,45.071,49.191,0.255,49.445
thresh_pres_0.35,635,7,12848781,50.176,54.593,1.612,56.205
thresh_pres_0.35,636,7,12848812,60.164,63.503,0.209,63.712
thresh_pres_0.35,637,7,12848859,67.401,71.348,0.381,71.729
thresh_pres_0.35,638,7,12848890,72.71,76.618,0.201,76.82
thresh_pres_0.35,640,7,12848953,36.652,40.259,0.204,40.463
thresh_pres_0.35,641,7,12848984,45.099,48.112,0.247,48.359
thresh_pres_0.35,642,7,12849015,33.151,36.591,0.243,36.834
thresh_pres_0.35,643,7,12849062,39.558,42.466,0.193,42.659
thresh_pres_0.35,644,7,12849093,46.174,49.703,0.259,49.962
thresh_pres_0.35,645,7,12849125,53.962,57.794,0.203,57.996
thresh_pres_0.35,646,7,12849156,62.337,67.332,0.225,67.557
thresh_pres_0.35,647,7,12849203,66.8,71.885,0.226,72.112
thresh_pres_0.35,648,7,12849234,63.141,66.456,4.088,70.544
thresh_pres_0.35,649,7,12849265,68.661,72.781,0.268,73.049
thresh_pres_0.35,650,7,12849296,64.059,68.129,0.179,68.307
thresh_pres_0.35,651,7,12849328,66.83,71.456,0.19,71.646
thresh_pres_0.35,653,7,12849406,28.13,31.628,0.135,31.763
thresh_pres_0.35,654,7,12849437,42.369,45.019,0.202,45.221
thresh_pres_0.35,655,7,12849468,45.623,52.674,0.195,52.869
thresh_pres_0.35,656,7,12849500,51.975,58.923,0.204,59.127
thresh_pres_0.35,657,7,12849531,63.378,67.195,0.196,67.391
thresh_pres_0.35,658,7,12849578,75.137,79.207,3.655,82.862
thresh_pres_0.35,660,7,12849640,49.497,53.41,0.22,53.63
thresh_pres_0.35,661,7,12849671,49.97,53.976,0.257,54.234
thresh_pres_0.35,662,7,12849703,62.923,65.747,0.217,65.964
thresh_pres_0.35,663,7,12849734,72.177,76.025,0.218,76.243
thresh_pres_0.35,665,7,12849812,46.563,49.917,0.2,50.117
thresh_pres_0.35,666,7,12849843,50.038,53.925,0.196,54.122
thresh_pres_0.35,667,7,12849875,37.055,40.711,0.195,40.907
thresh_pres_0.35,668,7,12849906,45.543,48.256,0.265,48.521
thresh_pres_0.35,669,7,12849953,48.053,53.542,0.205,53.746
thresh_pres_0.35,670,7,12849984,55.032,59.121,1.608,60.729
thresh_pres_0.35,671,7,12850015,66.902,70.468,0.222,70.69
thresh_pres_0.35,672,7,12850046,63.996,67.922,2.209,70.131
thresh_pres_0.35,673,7,12850078,71.856,76.193,0.264,76.457
thresh_pres_0.35,675,7,12850156,43.914,47.729,0.225,47.954
thresh_pres_0.35,676,7,12850187,50.636,55.418,0.255,55.672
thresh_pres_0.35,677,7,12850218,57.299,60.669,0.987,61.656
thresh_pres_0.35,678,7,12850250,64.235,67.843,0.251,68.094
thresh_pres_0.35,679,7,12850281,64.745,68.71,0.263,68.973
thresh_pres_0.35,680,7,12850328,69.525,74.309,0.2,74.509
thresh_pres_0.35,682,7,12850390,45.065,48.792,0.276,49.068
thresh_pres_0.35,683,7,12850421,51.038,55.137,0.242,55.38
thresh_pres_0.35,684,7,12850453,53.848,57.789,0.196,57.985
thresh_pres_0.35,685,7,12850500,58.453,62.405,0.204,62.61
thresh_pres_0.35,686,7,12850531,69.254,72.653,0.191,72.844
thresh_pres_0.35,688,7,12850593,40.323,44.375,0.204,44.579
thresh_pres_0.35,689,7,12850625,30.781,34.127,2.149,36.277
thresh_pres_0.35,690,7,12850656,43.009,46.556,0.244,46.8
thresh_pres_0.35,691,7,12850703,47.257,51.769,0.201,51.971
thresh_pres_0.35,692,7,12850734,59.462,62.829,0.281,63.11
thresh_pres_0.35,693,7,12850765,65.991,69.651,0.22,69.871
thresh_pres_0.35,694,7,12850796,72.494,75.93,0.199,76.129
thresh_pres_0.35,696,7,12850875,45.346,48.713,1.536,50.249
thresh_pres_0.35,697,7,12850906,50.655,55.374,1.593,56.967
thresh_pres_0.35,698,7,12850937,51.9,56.127,1.598,57.725
thresh_pres_0.35,699,7,12850968,62.247,65.132,0.295,65.427
thresh_pres_0.35,700,8,12851000,64.183,69.223,0.136,69.359
thresh_pres_0.35,701,8,12851031,74.726,78.759,0.06,78.82
thresh_pres_0.35,703,8,12851109,34.135,37.469,0.072,37.542
thresh_pres_0.35,704,8,12851140,45.386,48.208,0.101,48.309
thresh_pres_0.35,705,8,12851171,49.214,52.947,0.065,53.012
thresh_pres_0.35,706,8,12851203,58.404,61.342,0.071,61.413
thresh_pres_0.35,707,8,12851234,60.316,64.275,0.075,64.35
thresh_pres_0.35,708,8,12851281,72.538,76.695,0.056,76.752
thresh_pres_0.35,710,8,12851343,46.458,52.605,0.111,52.716
thresh_pres_0.35,711,8,12851375,61.938,65.743,2.963,68.707
thresh_pres_0.35,712,8,12851406,70.817,74.919,0.061,74.98
thresh_pres_0.35,714,8,12851484,48.849,52.441,0.121,52.562
thresh_pres_0.35,715,8,12851515,55.7,59.824,2.039,61.862
thresh_pres_0.35,716,8,12851546,69.347,73.258,0.053,73.311
thresh_pres_0.35,718,8,12851609,44.775,48.66,0.067,48.727
thresh_pres_0.35,719,8,12851640,57.0,60.238,0.448,60.686
thresh_pres_0.35,720,8,12851687,69.552,74.601,0.055,74.656
thresh_pres_0.35,722,8,12851750,57.606,61.293,1.782,63.075
thresh_pres_0.35,723,8,12851781,67.767,71.552,0.179,71.731
thresh_pres_0.35,724,8,12851828,79.586,83.886,0.101,83.987
thresh_pres_0.35,726,8,12851890,50.311,54.456,0.069,54.525
thresh_pres_0.35,727,8,12851921,48.635,52.599,0.061,52.66
thresh_pres_0.35,728,8,12851953,60.984,64.091,0.101,64.192
thresh_pres_0.35,729,8,12852000,72.732,76.274,0.068,76.342
thresh_pres_0.35,731,8,12852062,34.774,38.814,0.055,38.87
thresh_pres_0.35,732,8,12852093,47.156,50.086,0.099,50.185
thresh_pres_0.35,733,8,12852140,54.804,58.546,0.066,58.612
thresh_pres_0.35,734,8,12852171,67.407,70.637,0.141,70.778
thresh_pres_0.35,735,8,12852203,75.381,79.571,0.062,79.633
thresh_pres_0.35,737,8,12852265,51.761,55.065,3.387,58.452
thresh_pres_0.35,738,8,12852312,57.716,65.11,0.167,65.276
thresh_pres_0.35,739,8,12852328,60.353,64.27,0.071,64.34
thresh_pres_0.35,740,8,12852375,74.492,78.03,0.064,78.094
thresh_pres_0.35,742,8,12852437,48.196,52.324,0.062,52.386
thresh_pres_0.35,743,8,12852468,56.087,60.151,0.065,60.216
thresh_pres_0.35,744,8,12852515,62.294,65.985,0.377,66.362
thresh_pres_0.35,745,8,12852546,75.454,79.017,2.783,81.8
thresh_pres_0.35,747,8,12852609,51.91,55.72,0.063,55.783
thresh_pres_0.35,748,8,12852640,57.173,60.592,0.34,60.932
thresh_pres_0.35,749,8,12852687,69.722,73.589,0.053,73.642
thresh_pres_0.35,751,8,12852750,48.341,51.786,0.058,51.844
thresh_pres_0.35,752,8,12852781,56.629,61.085,0.045,61.13
thresh_pres_0.35,753,8,12852812,53.506,56.877,0.123,57.0
thresh_pres_0.35,754,8,12852843,63.941,66.703,0.069,66.772
thresh_pres_0.35,755,8,12852890,74.929,79.219,2.196,81.416
thresh_pres_0.35,757,8,12852953,51.314,55.212,0.062,55.274
thresh_pres_0.35,758,8,12852984,61.659,65.039,0.062,65.101
thresh_pres_0.35,759,8,12853015,62.007,67.51,0.529,68.039
thresh_pres_0.35,760,8,12853046,75.201,79.129,0.118,79.246
thresh_pres_0.35,762,8,12853125,51.136,54.837,0.1,54.937
thresh_pres_0.35,763,8,12853156,53.487,57.333,0.137,57.47
thresh_pres_0.35,764,8,12853187,64.044,66.861,0.099,66.96
thresh_pres_0.35,765,8,12853218,74.641,79.919,0.067,79.986
thresh_pres_0.35,767,8,12853296,50.949,54.975,0.069,55.044
thresh_pres_0.35,768,8,12853328,62.444,65.72,0.095,65.814
thresh_pres_0.35,769,8,12853359,74.21,78.286,0.065,78.351
thresh_pres_0.35,771,8,12853421,48.809,52.926,0.065,52.991
thresh_pres_0.35,772,8,12853453,61.554,65.114,0.059,65.173
thresh_pres_0.35,773,8,12853500,70.845,74.816,0.069,74.884
thresh_pres_0.35,775,8,12853562,49.628,52.925,0.123,53.048
thresh_pres_0.35,776,8,12853593,54.146,58.005,0.047,58.052
thresh_pres_0.35,777,8,12853625,49.351,54.07,0.075,54.145
thresh_pres_0.35,778,8,12853671,58.741,64.065,0.137,64.201
thresh_pres_0.35,779,8,12853703,60.427,64.353,0.104,64.457
thresh_pres_0.35,780,8,12853734,72.907,75.739,0.056,75.795
thresh_pres_0.35,782,8,12853796,49.027,52.508,0.103,52.61
thresh_pres_0.35,783,8,12853828,59.397,62.982,0.078,63.06
thresh_pres_0.35,784,8,12853859,58.164,61.474,0.047,61.521
thresh_pres_0.35,785,8,12853906,53.093,56.592,0.067,56.658
thresh_pres_0.35,786,8,12853937,67.875,70.532,0.313,70.845
thresh_pres_0.35,787,8,12853968,77.066,80.645,0.084,80.729
thresh_pres_0.35,789,8,12854031,52.819,56.368,0.073,56.441
thresh_pres_0.35,790,8,12854062,58.632,62.025,0.074,62.099
thresh_pres_0.35,791,8,12854109,70.657,74.159,0.058,74.217
thresh_pres_0.35,793,8,12854171,45.927,49.508,0.064,49.572
thresh_pres_0.35,794,8,12854203,48.256,51.778,0.066,51.844
thresh_pres_0.35,795,8,12854234,57.309,60.074,0.084,60.157
thresh_pres_0.35,796,8,12854265,71.451,74.944,0.051,74.995
thresh_pres_0.35,798,8,12854343,45.043,48.601,0.125,48.726
thresh_pres_0.35,799,8,12854375,35.647,38.896,0.058,38.953
thresh_all_0.35,0,1,12854781,25.643,43.775,0.046,43.821
thresh_all_0.35,1,1,12854812,27.907,31.729,0.061,31.79
thresh_all_0.35,2,1,12854843,23.729,27.049,0.069,27.118
thresh_all_0.35,3,1,12854875,23.653,26.827,0.062,26.889
thresh_all_0.35,4,1,12854906,23.916,27.201,0.064,27.264
thresh_all_0.35,5,1,12854937,23.618,26.95,0.059,27.009
thresh_all_0.35,6,1,12854968,23.709,27.014,0.066,27.08
thresh_all_0.35,7,1,12855000,23.473,27.042,0.06,27.103
thresh_all_0.35,8,1,12855046,23.838,27.102,0.071,27.173
thresh_all_0.35,9,1,12855078,23.579,27.511,0.052,27.564
thresh_all_0.35,10,1,12855109,23.009,26.401,0.056,26.458
thresh_all_0.35,11,1,12855140,23.272,25.878,0.055,25.933
thresh_all_0.35,12,1,12855171,23.494,27.345,0.056,27.401
thresh_all_0.35,13,1,12855203,23.182,26.688,0.055,26.744
thresh_all_0.35,14,1,12855234,24.434,26.963,0.098,27.061
thresh_all_0.35,15,1,12855281,23.355,26.234,0.058,26.291
thresh_all_0.35,16,1,12855312,23.808,28.122,0.102,28.224
thresh_all_0.35,17,1,12855343,24.268,26.837,0.094,26.931
thresh_all_0.35,18,1,12855375,24.19,27.182,0.059,27.24
thresh_all_0.35,19,1,12855406,22.719,26.016,0.118,26.133
thresh_all_0.35,20,1,12855437,23.183,25.889,0.056,25.945
thresh_all_0.35,21,1,12855484,23.499,26.93,0.056,26.987
thresh_all_0.35,22,1,12855515,23.263,27.258,0.058,27.317
thresh_all_0.35,23,1,12855546,21.914,25.542,0.085,25.627
thresh_all_0.35,24,1,12855578,23.394,26.477,0.061,26.538
thresh_all_0.35,25,1,12855609,23.608,29.29,0.057,29.348
thresh_all_0.35,26,1,12855656,23.297,26.571,0.058,26.63
thresh_all_0.35,27,1,12855687,23.258,26.194,0.066,26.26
thresh_all_0.35,28,1,12855718,19.767,23.082,0.046,23.128
thresh_all_0.35,29,1,12855750,24.371,27.059,0.056,27.115
thresh_all_0.35,30,1,12855781,24.191,27.84,0.046,27.886
thresh_all_0.35,31,1,12855828,23.883,31.681,0.083,31.764
thresh_all_0.35,32,1,12855843,25.573,29.294,0.095,29.389
thresh_all_0.35,33,1,12855906,28.104,53.261,0.059,53.32
thresh_all_0.35,34,1,12855921,39.538,44.777,0.11,44.886
thresh_all_0.35,35,1,12855953,30.232,33.806,0.1,33.906
thresh_all_0.35,36,1,12855984,23.205,27.199,0.076,27.275
thresh_all_0.35,37,1,12856015,23.348,28.947,0.062,29.009
thresh_all_0.35,38,1,12856046,23.69,26.192,0.058,26.25
thresh_all_0.35,39,1,12856093,21.959,25.355,0.049,25.404
thresh_all_0.35,40,1,12856125,23.021,25.878,0.058,25.936
thresh_all_0.35,41,1,12856156,23.131,26.55,0.075,26.625
thresh_all_0.35,42,1,12856187,23.236,27.164,0.076,27.239
thresh_all_0.35,43,1,12856218,23.398,26.06,0.056,26.116
thresh_all_0.35,44,1,12856250,24.146,27.885,0.051,27.937
thresh_all_0.35,45,1,12856296,23.418,26.633,0.059,26.692
thresh_all_0.35,46,1,12856328,23.287,26.369,0.057,26.426
thresh_all_0.35,47,1,12856359,24.38,26.956,0.097,27.053
thresh_all_0.35,48,1,12856390,23.191,27.256,0.057,27.313
thresh_all_0.35,49,1,12856421,23.134,26.469,0.058,26.526
thresh_all_0.35,50,1,12856453,23.494,26.96,0.057,27.017
thresh_all_0.35,51,1,12856500,23.443,26.151,0.105,26.256
thresh_all_0.35,52,1,12856531,23.464,27.282,0.102,27.384
thresh_all_0.35,53,1,12856562,23.138,25.586,0.055,25.641
thresh_all_0.35,54,1,12856593,23.529,26.964,0.051,27.015
thresh_all_0.35,55,1,12856625,24.855,27.39,0.097,27.487
thresh_all_0.35,56,1,12856656,24.671,27.265,0.116,27.38
thresh_all_0.35,57,1,12856703,24.062,27.871,0.057,27.928
thresh_all_0.35,58,1,12856734,23.517,26.867,0.095,26.962
thresh_all_0.35,59,1,12856765,24.669,27.331,0.104,27.434
thresh_all_0.35,60,1,12856812,24.8,29.055,0.076,29.13
thresh_all_0.35,61,1,12856843,23.478,27.279,0.091,27.369
thresh_all_0.35,62,1,12856875,23.241,26.449,0.057,26.505
thresh_all_0.35,63,1,12856906,24.175,26.861,0.107,26.969
thresh_all_0.35,64,1,12856953,23.198,26.335,0.058,26.393
thresh_all_0.35,65,1,12856984,24.146,27.683,0.058,27.742
thresh_all_0.35,66,1,12857015,23.144,26.438,0.068,26.506
thresh_all_0.35,67,1,12857046,23.553,26.371,0.054,26.425
thresh_all_0.35,68,1,12857078,23.131,27.981,0.11,28.091
thresh_all_0.35,69,1,12857109,23.078,25.604,0.057,25.661
thresh_all_0.35,70,1,12857156,23.048,26.364,0.055,26.42
thresh_all_0.35,71,1,12857187,23.594,26.227,0.083,26.31
thresh_all_0.35,72,1,12857218,23.235,27.121,0.056,27.177
thresh_all_0.35,73,1,12857250,25.265,28.952,0.098,29.049
thresh_all_0.35,74,1,12857281,23.535,26.239,0.057,26.296
thresh_all_0.35,75,1,12857312,22.346,25.746,0.091,25.837
thresh_all_0.35,76,1,12857343,23.232,26.135,0.11,26.245
thresh_all_0.35,77,1,12857390,23.32,26.71,0.09,26.801
thresh_all_0.35,78,1,12857421,24.189,28.099,0.059,28.157
thresh_all_0.35,79,1,12857453,22.2,25.527,0.04,25.568
thresh_all_0.35,80,1,12857484,23.09,25.548,0.057,25.606
thresh_all_0.35,81,1,12857515,23.141,26.567,0.059,26.626
thresh_all_0.35,82,1,12857546,24.017,27.922,0.093,28.015
thresh_all_0.35,83,1,12857593,23.419,26.477,0.069,26.546
thresh_all_0.35,84,1,12857625,19.736,23.149,0.229,23.378
thresh_all_0.35,85,1,12857656,23.098,25.863,0.056,25.919
thresh_all_0.35,86,1,12857687,23.157,26.639,0.056,26.695
thresh_all_0.35,87,1,12857718,23.344,25.81,0.059,25.869
thresh_all_0.35,88,1,12857750,27.276,30.745,0.057,30.802
thresh_all_0.35,89,1,12857796,23.814,29.287,0.061,29.348
thresh_all_0.35,90,1,12857843,24.236,27.642,0.057,27.7
thresh_all_0.35,91,1,12857875,23.326,30.24,0.054,30.294
thresh_all_0.35,92,1,12857906,23.181,26.557,0.076,26.633
thresh_all_0.35,93,1,12857937,23.581,27.726,0.058,27.783
thresh_all_0.35,94,1,12857968,23.328,26.537,0.068,26.605
thresh_all_0.35,95,1,12858000,23.316,25.847,0.056,25.903
thresh_all_0.35,96,1,12858046,23.382,26.765,0.06,26.825
thresh_all_0.35,97,1,12858078,24.039,27.23,0.098,27.328
thresh_all_0.35,98,1,12858109,23.507,27.706,0.062,27.768
thresh_all_0.35,99,1,12858140,22.356,25.441,0.04,25.481
thresh_all_0.35,100,2,12858171,63.585,66.423,2.842,69.265
thresh_all_0.35,101,2,12858203,95.35,98.811,0.155,98.966
thresh_all_0.35,103,2,12858281,79.396,83.428,0.179,83.607
thresh_all_0.35,105,2,12858343,78.791,81.495,0.157,81.652
thresh_all_0.35,107,2,12858421,75.959,79.916,0.231,80.147
thresh_all_0.35,109,2,12858484,61.179,64.51,0.151,64.661
thresh_all_0.35,110,2,12858515,83.125,87.113,0.165,87.278
thresh_all_0.35,112,2,12858578,67.572,70.985,0.172,71.157
thresh_all_0.35,114,2,12858656,62.768,65.387,2.081,67.468
thresh_all_0.35,115,2,12858687,93.278,96.769,0.164,96.933
thresh_all_0.35,117,2,12858750,114.397,117.947,0.152,118.099
thresh_all_0.35,120,2,12858859,78.218,82.252,0.185,82.436
thresh_all_0.35,122,2,12858921,72.848,77.006,0.178,77.184
thresh_all_0.35,124,2,12859000,59.912,63.313,0.159,63.472
thresh_all_0.35,125,2,12859031,74.732,78.747,0.171,78.917
thresh_all_0.35,127,2,12859093,73.26,77.422,0.153,77.575
thresh_all_0.35,129,2,12859171,65.29,69.143,0.537,69.681
thresh_all_0.35,130,2,12859203,92.057,98.539,0.155,98.694
thresh_all_0.35,132,2,12859265,89.08,92.693,0.171,92.863
thresh_all_0.35,134,2,12859328,71.73,75.547,1.097,76.644
thresh_all_0.35,136,2,12859406,70.117,73.062,0.162,73.224
thresh_all_0.35,137,2,12859437,94.739,98.778,0.11,98.888
thresh_all_0.35,139,2,12859500,79.906,83.411,0.198,83.609
thresh_all_0.35,141,2,12859578,74.616,78.517,0.149,78.666
thresh_all_0.35,143,2,12859640,59.883,63.573,0.153,63.726
thresh_all_0.35,144,2,12859671,81.517,85.559,0.16,85.72
thresh_all_0.35,146,2,12859734,85.624,89.134,0.215,89.349
thresh_all_0.35,148,2,12859812,77.42,80.889,1.986,82.875
thresh_all_0.35,150,2,12859875,62.157,66.006,0.165,66.171
thresh_all_0.35,151,2,12859906,92.772,96.794,0.17,96.965
thresh_all_0.35,153,2,12859984,90.935,94.627,0.148,94.775
thresh_all_0.35,155,2,12860046,79.305,85.173,0.215,85.387
thresh_all_0.35,157,2,12860109,80.524,83.512,0.196,83.708
thresh_all_0.35,159,2,12860187,81.793,85.862,0.154,86.016
thresh_all_0.35,161,2,12860250,71.061,75.006,0.47,75.476
thresh_all_0.35,163,2,12860328,65.529,69.485,0.238,69.723
thresh_all_0.35,164,2,12860359,88.277,91.732,0.115,91.847
thresh_all_0.35,166,2,12860421,62.993,66.375,0.202,66.577
thresh_all_0.35,167,2,12860453,93.66,96.383,0.228,96.611
thresh_all_0.35,169,2,12860531,90.725,94.148,0.151,94.299
thresh_all_0.35,171,2,12860593,69.904,75.158,0.151,75.309
thresh_all_0.35,173,2,12860656,70.698,73.383,0.188,73.571
thresh_all_0.35,174,2,12860703,88.325,91.758,0.219,91.977
thresh_all_0.35,176,2,12860765,93.413,96.358,0.155,96.514
thresh_all_0.35,178,2,12860828,88.363,91.8,0.168,91.968
thresh_all_0.35,180,2,12860906,68.943,72.384,0.147,72.531
thresh_all_0.35,182,2,12860968,61.457,65.368,0.148,65.516
thresh_all_0.35,183,2,12861000,75.366,79.944,0.207,80.151
thresh_all_0.35,185,2,12861062,75.092,77.659,1.617,79.276
thresh_all_0.35,186,2,12861109,107.618,111.958,0.151,112.109
thresh_all_0.35,189,2,12861203,71.361,75.631,0.16,75.791
thresh_all_0.35,190,2,12861250,96.413,100.061,1.175,101.236
thresh_all_0.35,192,2,12861312,98.114,103.316,0.161,103.477
thresh_all_0.35,194,2,12861390,89.116,95.357,0.164,95.521
thresh_all_0.35,196,2,12861453,85.854,89.989,0.186,90.175
thresh_all_0.35,198,2,12861515,84.488,87.936,0.153,88.089
thresh_all_0.35,200,3,12861593,86.506,90.309,0.066,90.375
thresh_all_0.35,202,3,12861656,58.57,62.61,0.063,62.673
thresh_all_0.35,203,3,12861687,59.615,63.45,3.452,66.902
thresh_all_0.35,204,3,12861718,110.114,112.993,1.727,114.72
thresh_all_0.35,207,3,12861828,55.071,58.567,0.162,58.729
thresh_all_0.35,208,3,12861859,56.497,60.636,0.166,60.803
thresh_all_0.35,209,3,12861890,53.383,56.844,2.813,59.657
thresh_all_0.35,210,3,12861921,86.687,89.457,0.15,89.608
thresh_all_0.35,212,3,12862000,60.561,65.658,0.165,65.822
thresh_all_0.35,213,3,12862031,71.33,74.963,0.149,75.112
thresh_all_0.35,215,3,12862093,49.658,53.682,0.21,53.892
thresh_all_0.35,216,3,12862140,56.081,61.214,0.191,61.405
thresh_all_0.35,217,3,12862171,76.904,80.343,0.196,80.538
thresh_all_0.35,219,3,12862234,52.58,56.109,0.202,56.312
thresh_all_0.35,220,3,12862281,56.715,60.89,0.168,61.057
thresh_all_0.35,221,3,12862312,81.787,85.131,0.161,85.292
thresh_all_0.35,223,3,12862375,79.838,83.339,0.165,83.504
thresh_all_0.35,225,3,12862453,58.648,62.694,0.117,62.811
thresh_all_0.35,226,3,12862484,80.624,84.769,0.153,84.922
thresh_all_0.35,228,3,12862546,74.538,80.445,0.227,80.672
thresh_all_0.35,230,3,12862625,47.511,50.845,0.173,51.018
thresh_all_0.35,231,3,12862656,64.534,68.053,0.581,68.633
thresh_all_0.35,232,3,12862687,97.894,101.482,3.759,105.241
thresh_all_0.35,234,3,12862750,82.899,86.967,0.175,87.142
thresh_all_0.35,236,3,12862828,72.021,77.441,0.166,77.607
thresh_all_0.35,238,3,12862890,69.097,72.255,0.156,72.411
thresh_all_0.35,240,3,12862968,61.385,65.016,0.192,65.207
thresh_all_0.35,241,3,12863000,67.333,71.179,0.166,71.346
thresh_all_0.35,242,3,12863031,96.085,99.328,0.141,99.468
thresh_all_0.35,244,3,12863109,52.338,55.827,0.154,55.981
thresh_all_0.35,245,3,12863140,64.713,67.428,0.339,67.767
thresh_all_0.35,246,3,12863171,63.532,67.048,0.167,67.215
thresh_all_0.35,247,3,12863203,80.112,83.341,0.246,83.587
thresh_all_0.35,249,3,12863265,51.436,54.382,0.176,54.558
thresh_all_0.35,250,3,12863312,57.458,60.972,0.194,61.167
thresh_all_0.35,251,3,12863343,66.076,68.961,0.171,69.132
thresh_all_0.35,252,3,12863375,80.953,84.765,0.178,84.943
thresh_all_0.35,254,3,12863437,77.718,81.005,0.168,81.173
thresh_all_0.35,256,3,12863515,61.199,65.162,0.195,65.357
thresh_all_0.35,257,3,12863546,68.286,71.158,0.158,71.317
thresh_all_0.35,259,3,12863609,62.893,65.491,1.752,67.243
thresh_all_0.35,260,3,12863640,74.123,77.536,0.16,77.696
thresh_all_0.35,262,3,12863703,71.381,75.051,0.166,75.217
thresh_all_0.35,264,3,12863781,66.809,70.356,0.194,70.551
thresh_all_0.35,265,3,12863812,68.741,74.046,1.543,75.588
thresh_all_0.35,267,3,12863875,45.817,48.452,0.181,48.633
thresh_all_0.35,268,3,12863906,59.015,62.514,0.27,62.784
thresh_all_0.35,269,3,12863953,56.942,59.689,0.119,59.808
thresh_all_0.35,270,3,12863984,72.56,75.774,0.215,75.99
thresh_all_0.35,272,3,12864046,42.377,46.314,0.167,46.481
thresh_all_0.35,273,3,12864078,52.084,55.869,1.595,57.464
thresh_all_0.35,274,3,12864109,60.29,63.157,0.252,63.409
thresh_all_0.35,275,3,12864156,87.946,91.471,0.144,91.615
thresh_all_0.35,277,3,12864218,57.969,62.514,0.173,62.687
thresh_all_0.35,278,3,12864250,78.04,81.727,0.202,81.928
thresh_all_0.35,280,3,12864312,52.228,55.306,0.167,55.472
thresh_all_0.35,281,3,12864359,58.151,61.855,0.204,62.059
thresh_all_0.35,282,3,12864390,63.213,66.339,0.185,66.524
thresh_all_0.35,283,3,12864421,86.733,90.201,0.154,90.355
thresh_all_0.35,285,3,12864484,37.49,40.914,0.223,41.137
thresh_all_0.35,286,3,12864515,67.12,69.91,1.618,71.528
thresh_all_0.35,287,3,12864562,64.013,67.339,0.179,67.517
thresh_all_0.35,288,3,12864593,94.74,98.067,0.203,98.27
thresh_all_0.35,290,3,12864671,66.858,71.554,0.184,71.738
thresh_all_0.35,291,3,12864703,117.006,120.394,0.216,120.61
thresh_all_0.35,294,3,12864812,43.285,47.885,0.226,48.111
thresh_all_0.35,295,3,12864843,73.508,77.047,0.245,77.291
thresh_all_0.35,297,3,12864906,43.778,47.433,0.173,47.606
thresh_all_0.35,298,3,12864937,79.669,83.146,0.196,83.341
thresh_all_0.35,300,4,12865015,30.193,33.49,0.134,33.624
thresh_all_0.35,301,4,12865046,80.781,83.561,0.16,83.721
thresh_all_0.35,303,4,12865109,78.276,81.458,0.17,81.629
thresh_all_0.35,305,4,12865187,77.375,80.947,0.183,81.13
thresh_all_0.35,307,4,12865250,72.972,77.612,0.179,77.792
thresh_all_0.35,309,4,12865328,57.389,61.344,1.64,62.984
thresh_all_0.35,310,4,12865359,90.887,94.286,0.236,94.521
thresh_all_0.35,312,4,12865421,84.491,88.29,0.199,88.488
thresh_all_0.35,314,4,12865500,80.06,84.336,0.151,84.487
thresh_all_0.35,316,4,12865562,61.668,65.696,0.151,65.846
thresh_all_0.35,317,4,12865593,97.411,101.634,0.158,101.791
thresh_all_0.35,319,4,12865671,87.468,93.675,2.023,95.698
thresh_all_0.35,321,4,12865734,95.172,99.095,0.27,99.365
thresh_all_0.35,323,4,12865812,65.726,71.787,0.168,71.955
thresh_all_0.35,325,4,12865875,63.722,66.4,0.156,66.556
thresh_all_0.35,326,4,12865906,74.933,78.277,0.153,78.43
thresh_all_0.35,328,4,12865968,31.673,35.928,0.308,36.235
thresh_all_0.35,329,4,12866000,43.621,46.829,0.15,46.979
thresh_all_0.35,330,4,12866046,44.229,47.62,0.149,47.769
thresh_all_0.35,331,4,12866078,55.279,58.166,0.181,58.346
thresh_all_0.35,332,4,12866109,66.265,70.239,0.2,70.44
thresh_all_0.35,333,4,12866140,75.072,78.971,0.177,79.148
thresh_all_0.35,335,4,12866218,53.621,57.232,0.189,57.422
thresh_all_0.35,336,4,12866250,86.179,89.512,0.163,89.675
thresh_all_0.35,338,4,12866312,55.675,59.866,0.16,60.026
thresh_all_0.35,339,4,12866343,69.383,72.889,0.173,73.062
thresh_all_0.35,340,4,12866390,79.434,83.681,0.378,84.059
thresh_all_0.35,342,4,12866453,74.34,80.635,3.317,83.952
thresh_all_0.35,344,4,12866515,70.836,74.854,0.176,75.03
thresh_all_0.35,346,4,12866593,50.137,53.689,0.158,53.848
thresh_all_0.35,347,4,12866625,80.388,84.895,0.232,85.127
thresh_all_0.35,349,4,12866687,58.95,64.508,0.165,64.673
thresh_all_0.35,350,4,12866718,92.537,96.213,2.523,98.736
thresh_all_0.35,352,4,12866796,68.557,72.431,0.154,72.584
thresh_all_0.35,354,4,12866859,68.213,70.957,0.174,71.132
thresh_all_0.35,355,4,12866890,80.143,83.651,3.502,87.153
thresh_all_0.35,357,4,12866968,51.491,55.471,0.153,55.624
thresh_all_0.35,358,4,12867000,53.521,56.736,0.208,56.944
thresh_all_0.35,359,4,12867031,62.955,65.563,2.711,68.274
thresh_all_0.35,360,4,12867062,94.598,98.019,0.125,98.144
thresh_all_0.35,362,4,12867140,81.384,85.001,0.197,85.198
thresh_all_0.35,364,4,12867203,31.905,35.821,0.182,36.003
thresh_all_0.35,365,4,12867234,63.879,66.468,3.731,70.2
thresh_all_0.35,366,4,12867281,67.04,71.067,0.226,71.293
thresh_all_0.35,367,4,12867312,72.456,75.908,0.157,76.065
thresh_all_0.35,369,4,12867375,71.901,75.448,0.2,75.648
thresh_all_0.35,370,4,12867406,75.498,79.376,0.242,79.618
thresh_all_0.35,372,4,12867484,40.751,44.327,1.765,46.092
thresh_all_0.35,373,4,12867515,73.454,76.893,0.197,77.089
thresh_all_0.35,375,4,12867578,47.112,51.203,0.161,51.364
thresh_all_0.35,376,4,12867625,63.414,67.293,2.027,69.32
thresh_all_0.35,377,4,12867656,90.117,92.851,0.213,93.063
thresh_all_0.35,379,4,12867718,82.995,86.188,1.89,88.079
thresh_all_0.35,381,4,12867796,87.094,91.189,0.169,91.358
thresh_all_0.35,383,4,12867859,82.913,86.344,0.181,86.525
thresh_all_0.35,385,4,12867921,80.353,83.824,0.196,84.02
thresh_all_0.35,387,4,12868000,35.669,39.109,1.246,40.355
thresh_all_0.35,388,4,12868031,68.151,71.044,0.222,71.266
thresh_all_0.35,389,4,12868062,90.736,96.167,0.179,96.346
thresh_all_0.35,391,4,12868140,88.956,92.796,0.155,92.952
thresh_all_0.35,393,4,12868203,84.349,87.797,0.182,87.979
thresh_all_0.35,395,4,12868265,80.929,84.624,0.147,84.771
thresh_all_0.35,397,4,12868343,63.6,69.278,4.255,73.533
thresh_all_0.35,398,4,12868375,72.671,76.297,0.158,76.455
thresh_all_0.35,400,5,12868437,62.665,66.712,0.126,66.838
thresh_all_0.35,401,5,12868468,68.107,72.233,0.065,72.298
thresh_all_0.35,403,5,12868531,44.675,48.191,0.06,48.25
thresh_all_0.35,404,5,12868578,57.223,60.784,0.061,60.845
thresh_all_0.35,405,5,12868609,60.81,64.623,0.062,64.685
thresh_all_0.35,406,5,12868640,64.453,67.903,2.006,69.909
thresh_all_0.35,407,5,12868671,75.581,78.714,0.056,78.769
thresh_all_0.35,409,5,12868750,46.8,52.661,0.162,52.824
thresh_all_0.35,410,5,12868781,59.818,63.353,0.206,63.56
thresh_all_0.35,411,5,12868812,68.306,72.095,0.062,72.157
thresh_all_0.35,412,5,12868843,66.449,69.795,0.257,70.052
thresh_all_0.35,413,5,12868875,77.822,81.892,0.15,82.042
thresh_all_0.35,415,5,12868953,50.093,54.037,0.166,54.203
thresh_all_0.35,416,5,12868984,62.71,66.705,0.175,66.88
thresh_all_0.35,417,5,12869015,74.302,78.36,0.219,78.579
thresh_all_0.35,419,5,12869093,37.128,40.772,1.249,42.021
thresh_all_0.35,420,5,12869125,47.618,50.458,0.166,50.624
thresh_all_0.35,421,5,12869156,56.798,60.609,0.146,60.755
thresh_all_0.35,422,5,12869187,62.054,65.43,0.125,65.555
thresh_all_0.35,423,5,12869218,69.977,73.55,0.149,73.699
thresh_all_0.35,425,5,12869296,45.915,49.266,0.184,49.45
thresh_all_0.35,426,5,12869328,53.367,57.378,0.161,57.539
thresh_all_0.35,427,5,12869359,58.868,61.936,0.143,62.079
thresh_all_0.35,428,5,12869390,55.208,58.674,0.162,58.836
thresh_all_0.35,429,5,12869421,65.597,68.28,0.133,68.413
thresh_all_0.35,430,5,12869453,64.635,68.178,0.209,68.388
thresh_all_0.35,431,5,12869500,76.097,80.061,0.061,80.122
thresh_all_0.35,433,5,12869562,51.164,55.068,0.156,55.223
thresh_all_0.35,434,5,12869593,58.8,62.671,0.117,62.788
thresh_all_0.35,435,5,12869625,57.678,61.01,0.065,61.075
thresh_all_0.35,436,5,12869656,67.573,70.994,0.076,71.07
thresh_all_0.35,437,5,12869703,68.034,72.425,0.152,72.577
thresh_all_0.35,439,5,12869765,47.7,50.27,0.163,50.433
thresh_all_0.35,440,5,12869796,72.531,76.49,0.143,76.633
thresh_all_0.35,442,5,12869875,33.728,37.227,0.14,37.367
thresh_all_0.35,443,5,12869906,43.874,46.526,0.169,46.695
thresh_all_0.35,444,5,12869937,31.408,35.263,0.123,35.386
thresh_all_0.35,445,5,12869968,47.737,50.324,2.706,53.029
thresh_all_0.35,446,5,12870000,40.407,44.363,0.191,44.554
thresh_all_0.35,447,5,12870031,51.078,53.74,0.16,53.9
thresh_all_0.35,448,5,12870078,59.464,63.612,0.11,63.722
thresh_all_0.35,449,5,12870109,58.791,62.062,0.212,62.274
thresh_all_0.35,450,5,12870140,71.129,73.724,0.144,73.868
thresh_all_0.35,452,5,12870203,44.748,48.144,0.201,48.344
thresh_all_0.35,453,5,12870250,41.344,45.382,0.078,45.459
thresh_all_0.35,454,5,12870281,52.323,55.012,0.067,55.079
thresh_all_0.35,455,5,12870312,62.875,66.333,0.068,66.401
thresh_all_0.35,456,5,12870343,64.676,68.685,0.092,68.778
thresh_all_0.35,457,5,12870375,76.131,79.792,0.154,79.946
thresh_all_0.35,459,5,12870437,57.312,60.552,0.156,60.708
thresh_all_0.35,460,5,12870484,62.53,66.599,0.204,66.803
thresh_all_0.35,461,5,12870515,66.001,69.494,0.193,69.687
thresh_all_0.35,462,5,12870546,78.015,81.083,2.931,84.014
thresh_all_0.35,464,5,12870609,57.794,61.257,2.407,63.665
thresh_all_0.35,465,5,12870656,61.185,65.29,0.107,65.397
thresh_all_0.35,466,5,12870687,60.447,66.921,0.156,67.077
thresh_all_0.35,467,5,12870718,76.804,79.715,0.095,79.81
thresh_all_0.35,469,5,12870781,52.726,56.675,0.161,56.836
thresh_all_0.35,470,5,12870828,65.25,68.696,0.19,68.887
thresh_all_0.35,471,5,12870859,75.78,79.66,0.067,79.727
thresh_all_0.35,473,5,12870921,52.979,56.958,0.153,57.111
thresh_all_0.35,474,5,12870953,60.678,64.245,0.151,64.396
thresh_all_0.35,475,5,12871000,60.797,64.291,3.56,67.851
thresh_all_0.35,476,5,12871031,74.73,78.743,0.165,78.908
thresh_all_0.35,478,5,12871093,50.748,54.75,0.147,54.897
thresh_all_0.35,479,5,12871125,55.343,58.851,0.163,59.013
thresh_all_0.35,480,5,12871171,62.427,65.795,0.208,66.003
thresh_all_0.35,481,5,12871203,74.218,77.928,0.158,78.085
thresh_all_0.35,483,5,12871265,49.565,53.695,0.16,53.854
thresh_all_0.35,484,5,12871296,64.083,67.584,0.205,67.788
thresh_all_0.35,485,5,12871328,63.216,67.178,0.184,67.362
thresh_all_0.35,486,5,12871375,72.039,76.012,0.094,76.106
thresh_all_0.35,488,5,12871437,47.75,51.523,0.068,51.591
thresh_all_0.35,489,5,12871468,58.147,61.587,0.166,61.753
thresh_all_0.35,490,5,12871500,76.647,79.898,0.074,79.972
thresh_all_0.35,492,5,12871578,49.709,55.771,0.134,55.905
thresh_all_0.35,493,5,12871609,59.434,63.487,0.136,63.622
thresh_all_0.35,494,5,12871640,61.074,64.752,0.152,64.905
thresh_all_0.35,495,5,12871671,73.162,75.844,0.071,75.915
thresh_all_0.35,497,5,12871734,40.372,44.651,0.728,45.378
thresh_all_0.35,498,5,12871781,52.823,55.756,0.198,55.955
thresh_all_0.35,499,5,12871812,67.452,71.654,0.348,72.002
thresh_all_0.35,500,6,12871843,65.69,70.597,0.057,70.653
thresh_all_0.35,502,6,12871906,23.575,26.228,0.12,26.348
thresh_all_0.35,503,6,12871937,29.731,32.87,0.041,32.911
thresh_all_0.35,504,6,12871984,47.568,51.158,0.06,51.218
thresh_all_0.35,505,6,12872015,57.031,61.136,0.197,61.333
thresh_all_0.35,506,6,12872046,81.488,86.484,0.163,86.647
thresh_all_0.35,508,6,12872125,52.24,55.829,0.073,55.902
thresh_all_0.35,509,6,12872156,62.044,65.422,2.433,67.856
thresh_all_0.35,510,6,12872187,91.952,95.451,0.176,95.627
thresh_all_0.35,512,6,12872250,81.421,84.818,0.211,85.03
thresh_all_0.35,514,6,12872328,64.265,68.61,0.161,68.771
thresh_all_0.35,515,6,12872359,66.644,70.919,0.338,71.257
thresh_all_0.35,516,6,12872390,76.725,80.718,0.075,80.793
thresh_all_0.35,518,6,12872453,37.075,40.289,0.063,40.352
thresh_all_0.35,519,6,12872500,23.894,28.028,0.058,28.086
thresh_all_0.35,520,6,12872531,43.84,46.615,0.088,46.704
thresh_all_0.35,521,6,12872562,48.937,52.38,0.078,52.457
thresh_all_0.35,522,6,12872593,58.137,61.29,2.288,63.578
thresh_all_0.35,523,6,12872625,93.756,97.137,0.157,97.294
thresh_all_0.35,525,6,12872703,66.864,72.423,0.18,72.602
thresh_all_0.35,527,6,12872765,65.089,67.724,0.08,67.804
thresh_all_0.35,528,6,12872796,84.864,89.133,0.162,89.294
thresh_all_0.35,530,6,12872875,80.901,83.581,1.817,85.398
thresh_all_0.35,532,6,12872937,72.676,76.979,0.217,77.196
thresh_all_0.35,534,6,12873015,42.374,46.56,0.084,46.644
thresh_all_0.35,535,6,12873046,52.532,56.532,0.089,56.621
thresh_all_0.35,536,6,12873078,38.921,42.523,0.064,42.586
thresh_all_0.35,537,6,12873109,22.408,25.911,0.116,26.027
thresh_all_0.35,538,6,12873140,23.449,26.138,0.059,26.197
thresh_all_0.35,539,6,12873187,46.243,50.299,0.068,50.367
thresh_all_0.35,540,6,12873218,57.784,61.875,0.06,61.934
thresh_all_0.35,541,6,12873250,74.754,78.906,0.169,79.075
thresh_all_0.35,543,6,12873312,72.165,76.266,0.154,76.42
thresh_all_0.35,545,6,12873390,60.707,65.032,2.643,67.675
thresh_all_0.35,546,6,12873421,74.435,79.45,0.152,79.602
thresh_all_0.35,548,6,12873500,70.765,74.681,0.146,74.827
thresh_all_0.35,550,6,12873562,66.78,70.316,0.45,70.766
thresh_all_0.35,551,6,12873593,73.235,76.718,0.122,76.839
thresh_all_0.35,553,6,12873656,47.524,51.886,0.162,52.047
thresh_all_0.35,554,6,12873703,54.814,58.327,0.048,58.376
thresh_all_0.35,555,6,12873734,31.364,34.675,1.321,35.997
thresh_all_0.35,556,6,12873765,24.276,27.573,0.103,27.676
thresh_all_0.35,557,6,12873796,46.107,50.221,0.079,50.3
thresh_all_0.35,558,6,12873828,71.134,75.181,0.096,75.277
thresh_all_0.35,560,6,12873906,69.499,72.729,2.06,74.79
thresh_all_0.35,561,6,12873937,100.68,104.978,0.234,105.211
thresh_all_0.35,563,6,12874000,97.639,101.967,0.156,102.122
thresh_all_0.35,565,6,12874078,93.575,97.596,0.184,97.779
thresh_all_0.35,567,6,12874140,70.066,74.186,0.154,74.34
thresh_all_0.35,569,6,12874203,46.639,49.45,0.105,49.555
thresh_all_0.35,570,6,12874250,33.476,37.139,0.107,37.246
thresh_all_0.35,571,6,12874281,43.679,49.239,0.154,49.393
thresh_all_0.35,572,6,12874312,57.85,61.139,0.113,61.252
thresh_all_0.35,573,6,12874343,45.775,51.006,3.391,54.396
thresh_all_0.35,574,6,12874375,38.969,42.594,0.642,43.236
thresh_all_0.35,575,6,12874406,50.09,53.848,0.075,53.923
thresh_all_0.35,576,6,12874453,53.323,56.877,0.049,56.927
thresh_all_0.35,577,6,12874484,43.597,47.017,2.788,49.806
thresh_all_0.35,578,6,12874515,53.588,56.375,0.204,56.58
thresh_all_0.35,579,6,12874546,66.459,70.152,0.161,70.313
thresh_all_0.35,580,6,12874578,73.259,77.333,1.993,79.326
thresh_all_0.35,582,6,12874656,51.344,55.023,1.959,56.982
thresh_all_0.35,583,6,12874687,84.328,87.957,1.606,89.563
thresh_all_0.35,585,6,12874750,85.055,88.52,2.246,90.766
thresh_all_0.35,587,6,12874828,78.351,82.627,0.656,83.283
thresh_all_0.35,589,6,12874890,50.629,55.376,0.168,55.544
thresh_all_0.35,590,6,12874921,62.534,66.084,0.103,66.186
thresh_all_0.35,591,6,12874968,50.945,54.693,0.063,54.755
thresh_all_0.35,592,6,12875000,33.77,38.167,0.051,38.218
thresh_all_0.35,593,6,12875031,52.317,55.673,1.44,57.113
thresh_all_0.35,594,6,12875062,40.779,44.687,0.058,44.745
thresh_all_0.35,595,6,12875093,50.96,53.607,3.032,56.639
thresh_all_0.35,596,6,12875125,63.076,66.558,0.15,66.707
thresh_all_0.35,597,6,12875171,95.812,101.489,0.196,101.685
thresh_all_0.35,599,6,12875234,70.796,74.872,0.202,75.074
thresh_all_0.35,601,7,12875296,66.636,69.366,0.168,69.534
thresh_all_0.35,602,7,12875343,84.821,88.166,0.197,88.363
thresh_all_0.35,604,7,12875406,55.078,57.75,0.883,58.633
thresh_all_0.35,605,7,12875437,61.394,64.586,0.215,64.801
thresh_all_0.35,606,7,12875468,69.641,73.488,0.188,73.676
thresh_all_0.35,607,7,12875500,76.058,79.76,0.335,80.096
thresh_all_0.35,609,7,12875578,45.945,49.711,0.208,49.919
thresh_all_0.35,610,7,12875609,51.199,55.619,0.21,55.829
thresh_all_0.35,611,7,12875640,56.015,59.579,1.062,60.641
thresh_all_0.35,612,7,12875671,63.443,66.915,0.2,67.115
thresh_all_0.35,613,7,12875718,64.39,68.326,0.214,68.54
thresh_all_0.35,614,7,12875750,72.703,76.821,0.211,77.032
thresh_all_0.35,616,7,12875812,48.532,51.948,0.206,52.154
thresh_all_0.35,617,7,12875843,51.766,55.461,0.265,55.726
thresh_all_0.35,618,7,12875875,57.038,60.343,1.645,61.988
thresh_all_0.35,619,7,12875921,69.517,73.495,0.201,73.696
thresh_all_0.35,621,7,12875984,40.614,44.946,0.203,45.149
thresh_all_0.35,622,7,12876015,35.747,39.297,0.196,39.493
thresh_all_0.35,623,7,12876046,46.94,49.78,0.211,49.991
thresh_all_0.35,624,7,12876093,50.996,54.837,0.214,55.051
thresh_all_0.35,625,7,12876125,54.766,58.281,0.311,58.591
thresh_all_0.35,626,7,12876156,61.556,64.15,0.199,64.35
thresh_all_0.35,627,7,12876187,67.595,70.869,0.312,71.181
thresh_all_0.35,628,7,12876218,71.689,75.656,0.192,75.848
thresh_all_0.35,630,7,12876296,29.169,32.271,0.134,32.405
thresh_all_0.35,631,7,12876328,39.996,43.223,0.202,43.424
thresh_all_0.35,632,7,12876359,25.777,29.582,0.152,29.734
thresh_all_0.35,633,7,12876390,39.413,42.708,1.703,44.411
thresh_all_0.35,634,7,12876421,31.301,35.317,0.167,35.484
thresh_all_0.35,635,7,12876453,39.748,42.321,0.193,42.514
thresh_all_0.35,636,7,12876500,38.051,42.149,0.213,42.362
thresh_all_0.35,637,7,12876531,45.202,48.073,0.203,48.276
thresh_all_0.35,638,7,12876562,33.603,37.249,0.187,37.437
thresh_all_0.35,639,7,12876593,40.166,43.108,0.2,43.308
thresh_all_0.35,640,7,12876625,49.295,52.78,0.2,52.98
thresh_all_0.35,641,7,12876671,50.61,54.56,0.243,54.803
thresh_all_0.35,642,7,12876703,33.995,37.774,0.189,37.962
thresh_all_0.35,643,7,12876734,40.517,43.543,0.315,43.858
thresh_all_0.35,644,7,12876765,48.155,51.698,0.207,51.906
thresh_all_0.35,645,7,12876796,56.419,62.144,0.27,62.414
thresh_all_0.35,646,7,12876843,64.631,68.989,0.248,69.238
thresh_all_0.35,647,7,12876875,68.461,74.168,0.199,74.367
thresh_all_0.35,649,7,12876937,44.959,48.91,0.204,49.115
thresh_all_0.35,650,7,12876968,52.241,56.254,0.199,56.453
thresh_all_0.35,651,7,12877015,53.724,57.896,0.157,58.053
thresh_all_0.35,652,7,12877046,41.915,45.151,0.195,45.346
thresh_all_0.35,653,7,12877078,52.811,55.638,0.26,55.897
thresh_all_0.35,654,7,12877109,55.162,59.342,0.206,59.548
thresh_all_0.35,655,7,12877140,63.586,67.473,0.207,67.681
thresh_all_0.35,656,7,12877187,65.786,70.393,0.214,70.607
thresh_all_0.35,657,7,12877218,73.554,77.326,1.385,78.71
thresh_all_0.35,659,7,12877281,45.395,48.987,0.297,49.284
thresh_all_0.35,660,7,12877312,33.438,37.367,0.19,37.557
thresh_all_0.35,661,7,12877343,42.454,45.701,1.659,47.36
thresh_all_0.35,662,7,12877390,42.437,46.688,0.196,46.884
thresh_all_0.35,663,7,12877421,46.55,52.047,0.2,52.247
thresh_all_0.35,664,7,12877453,52.919,56.896,1.794,58.69
thresh_all_0.35,665,7,12877484,53.441,57.549,0.197,57.746
thresh_all_0.35,666,7,12877515,60.363,63.285,0.25,63.535
thresh_all_0.35,667,7,12877546,83.935,87.858,0.206,88.064
thresh_all_0.35,669,7,12877625,52.002,56.606,0.204,56.81
thresh_all_0.35,670,7,12877656,62.944,66.375,0.214,66.589
thresh_all_0.35,671,7,12877687,68.802,72.829,0.194,73.023
thresh_all_0.35,673,7,12877750,41.624,45.019,0.213,45.232
thresh_all_0.35,674,7,12877796,47.699,51.053,0.318,51.371
thresh_all_0.35,675,7,12877828,51.189,55.051,0.196,55.248
thresh_all_0.35,676,7,12877859,48.988,52.489,0.201,52.69
thresh_all_0.35,677,7,12877890,56.91,59.765,0.368,60.134
thresh_all_0.35,678,7,12877921,51.019,54.408,1.609,56.017
thresh_all_0.35,679,7,12877968,58.789,62.254,0.212,62.466
thresh_all_0.35,680,7,12878000,61.995,66.002,0.279,66.281
thresh_all_0.35,681,7,12878031,60.844,64.903,0.257,65.16
thresh_all_0.35,682,7,12878062,58.184,61.033,0.142,61.176
thresh_all_0.35,683,7,12878093,51.668,54.886,0.24,55.126
thresh_all_0.35,684,7,12878125,57.285,60.229,0.216,60.444
thresh_all_0.35,685,7,12878156,65.233,68.558,0.235,68.793
thresh_all_0.35,686,7,12878203,72.857,76.784,0.233,77.016
thresh_all_0.35,688,7,12878265,38.92,42.841,0.82,43.661
thresh_all_0.35,689,7,12878296,46.126,48.95,0.2,49.15
thresh_all_0.35,690,7,12878328,34.345,37.878,0.196,38.074
thresh_all_0.35,691,7,12878359,40.376,43.046,0.202,43.247
thresh_all_0.35,692,7,12878390,45.737,49.204,0.243,49.447
thresh_all_0.35,693,7,12878437,41.151,45.758,0.23,45.988
thresh_all_0.35,694,7,12878468,47.789,50.792,0.204,50.997
thresh_all_0.35,695,7,12878500,34.816,38.316,0.188,38.504
thresh_all_0.35,696,7,12878531,40.376,43.208,0.197,43.406
thresh_all_0.35,697,7,12878562,44.895,48.397,0.207,48.604
thresh_all_0.35,698,7,12878593,50.362,54.332,0.19,54.521
thresh_all_0.35,699,7,12878640,57.894,61.766,1.591,63.357
thresh_all_0.35,700,8,12878671,58.814,62.86,1.996,64.856
thresh_all_0.35,701,8,12878703,63.213,65.904,0.091,65.995
thresh_all_0.35,702,8,12878734,53.942,58.211,0.066,58.276
thresh_all_0.35,703,8,12878781,42.138,46.115,0.272,46.387
thresh_all_0.35,704,8,12878812,31.988,35.829,0.066,35.895
thresh_all_0.35,705,8,12878843,43.656,46.987,0.068,47.055
thresh_all_0.35,706,8,12878875,30.841,34.574,0.136,34.71
thresh_all_0.35,707,8,12878906,43.261,46.594,0.102,46.696
thresh_all_0.35,708,8,12878937,41.632,44.917,0.07,44.987
thresh_all_0.35,709,8,12878984,51.146,53.953,3.227,57.18
thresh_all_0.35,710,8,12879015,59.986,64.111,0.061,64.172
thresh_all_0.35,711,8,12879046,75.126,79.037,0.097,79.134
thresh_all_0.35,713,8,12879109,52.938,56.977,1.854,58.831
thresh_all_0.35,714,8,12879156,60.124,64.209,0.069,64.278
thresh_all_0.35,715,8,12879187,72.932,76.738,0.057,76.795
thresh_all_0.35,717,8,12879265,44.64,50.097,0.064,50.16
thresh_all_0.35,718,8,12879296,37.533,41.727,0.067,41.793
thresh_all_0.35,719,8,12879328,48.85,51.681,0.083,51.764
thresh_all_0.35,720,8,12879359,59.839,63.394,0.131,63.525
thresh_all_0.35,721,8,12879390,61.016,65.009,0.064,65.073
thresh_all_0.35,722,8,12879421,61.915,65.776,0.062,65.838
thresh_all_0.35,723,8,12879453,75.457,79.252,0.065,79.316
thresh_all_0.35,725,8,12879531,47.277,51.228,1.906,53.134
thresh_all_0.35,726,8,12879562,60.704,64.963,0.059,65.022
thresh_all_0.35,727,8,12879593,62.758,66.746,0.062,66.807
thresh_all_0.35,728,8,12879640,43.313,47.781,0.064,47.845
thresh_all_0.35,729,8,12879671,50.758,55.321,0.068,55.388
thresh_all_0.35,730,8,12879703,61.718,65.9,0.061,65.962
thresh_all_0.35,731,8,12879734,76.717,80.148,0.098,80.246
thresh_all_0.35,733,8,12879812,51.567,55.297,0.064,55.36
thresh_all_0.35,734,8,12879843,59.84,63.75,0.057,63.808
thresh_all_0.35,735,8,12879875,67.744,71.623,0.056,71.679
thresh_all_0.35,736,8,12879906,79.378,83.214,1.77,84.984
thresh_all_0.35,738,8,12879968,61.887,65.797,0.071,65.868
thresh_all_0.35,739,8,12880015,74.125,78.784,0.063,78.847
thresh_all_0.35,741,8,12880078,47.36,52.862,0.069,52.931
thresh_all_0.35,742,8,12880109,59.257,63.301,2.173,65.474
thresh_all_0.35,743,8,12880140,70.733,74.576,0.055,74.631
thresh_all_0.35,745,8,12880218,40.155,43.383,2.134,45.517
thresh_all_0.35,746,8,12880250,51.926,54.663,0.127,54.79
thresh_all_0.35,747,8,12880281,55.041,58.458,0.092,58.55
thresh_all_0.35,748,8,12880312,49.334,52.674,3.386,56.06
thresh_all_0.35,749,8,12880343,62.546,65.603,0.1,65.703
thresh_all_0.35,750,8,12880390,61.301,65.176,0.046,65.223
thresh_all_0.35,751,8,12880421,62.707,66.694,0.09,66.784
thresh_all_0.35,752,8,12880453,53.031,55.89,2.223,58.113
thresh_all_0.35,753,8,12880484,63.201,66.659,1.972,68.631
thresh_all_0.35,754,8,12880515,72.14,76.147,0.067,76.214
thresh_all_0.35,756,8,12880593,48.501,52.425,0.069,52.494
thresh_all_0.35,757,8,12880625,58.493,62.014,0.068,62.082
thresh_all_0.35,758,8,12880656,60.331,64.02,0.099,64.119
thresh_all_0.35,759,8,12880687,77.672,81.255,0.067,81.322
thresh_all_0.35,761,8,12880750,52.178,56.099,0.351,56.45
thresh_all_0.35,762,8,12880796,60.304,63.869,0.079,63.948
thresh_all_0.35,763,8,12880828,73.12,77.001,0.097,77.098
thresh_all_0.35,765,8,12880890,38.211,41.742,1.213,42.955
thresh_all_0.35,766,8,12880921,48.424,50.948,0.068,51.016
thresh_all_0.35,767,8,12880953,59.596,63.058,0.089,63.147
thresh_all_0.35,768,8,12881000,62.179,66.282,0.083,66.365
thresh_all_0.35,769,8,12881031,73.016,77.119,0.069,77.188
thresh_all_0.35,771,8,12881093,30.536,34.326,0.056,34.382
thresh_all_0.35,772,8,12881125,44.558,47.725,0.125,47.849
thresh_all_0.35,773,8,12881156,39.218,43.126,0.109,43.234
thresh_all_0.35,774,8,12881203,49.635,52.308,0.071,52.379
thresh_all_0.35,775,8,12881234,61.984,65.269,0.099,65.368
thresh_all_0.35,776,8,12881265,50.187,54.23,0.094,54.324
thresh_all_0.35,777,8,12881296,50.487,54.842,3.205,58.047
thresh_all_0.35,778,8,12881328,61.297,65.017,2.672,67.689
thresh_all_0.35,779,8,12881359,72.167,75.736,0.061,75.797
thresh_all_0.35,781,8,12881437,49.659,53.55,0.064,53.614
thresh_all_0.35,782,8,12881468,52.46,56.511,0.052,56.564
thresh_all_0.35,783,8,12881500,42.339,46.451,0.065,46.516
thresh_all_0.35,784,8,12881531,52.965,55.599,0.07,55.669
thresh_all_0.35,785,8,12881562,48.867,52.491,0.105,52.597
thresh_all_0.35,786,8,12881609,59.422,62.632,1.462,64.093
thresh_all_0.35,787,8,12881640,73.779,77.411,0.057,77.468
thresh_all_0.35,789,8,12881703,34.32,38.542,0.059,38.6
thresh_all_0.35,790,8,12881734,45.16,47.812,0.096,47.907
thresh_all_0.35,791,8,12881781,56.013,60.274,1.683,61.957
thresh_all_0.35,792,8,12881812,71.297,76.693,0.058,76.751
thresh_all_0.35,794,8,12881875,43.001,46.419,1.85,48.269
thresh_all_0.35,795,8,12881906,52.304,55.73,0.069,55.799
thresh_all_0.35,796,8,12881937,49.715,52.944,0.119,53.063
thresh_all_0.35,797,8,12881984,64.791,67.594,1.652,69.246
thresh_all_0.35,798,8,12882015,73.588,77.106,0.063,77.168
thresh_all_0.35,799,8,12882046,66.83,69.875,0.066,69.941
