frame_idx,source_qpc,app_receive_qpc,rgb_ready_qpc,submit_qpc,callback_qpc,gesture_done_qpc,action_name,tracking_state,source_to_app_ms,submit_to_callback_ms,source_to_action_complete_ms,rgb_ready_to_action_complete_ms
1,75682.068802,75682.104365,75682.105448,75682.106645,75682.128389,75682.128512,,STEADY_TRACKING,35.563,21.745,N/A,N/A
2,75682.100914,75682.151628,75682.152826,75682.154509,75682.174891,75682.17506,,STEADY_TRACKING,50.714,20.381,N/A,N/A
3,75682.148811,75682.183533,75682.184172,75682.185319,75682.211592,75682.211795,NEXT,STEADY_TRACKING,34.722,26.273,63.186,27.825
4,75682.180745,75682.217205,75682.21783,75682.21964,75682.256778,75682.256957,,STEADY_TRACKING,36.46,37.138,N/A,N/A
5,75682.212747,75682.248321,75682.249396,75682.251767,75682.292976,75682.293129,,STEADY_TRACKING,35.574,41.208,N/A,N/A
6,75682.244748,75682.280534,75682.281107,75682.282898,75682.321563,75682.321733,,STEADY_TRACKING,35.786,38.664,N/A,N/A
7,75682.276779,75682.312154,75682.31299,75682.314748,75682.349254,75682.349407,,STEADY_TRACKING,35.375,34.507,N/A,N/A
8,75682.30876,75682.343639,75682.344365,75682.346568,75682.373395,75682.373591,,STEADY_TRACKING,34.879,26.827,N/A,N/A
9,75682.340788,75682.37707,75682.377558,75682.378929,75682.405156,75682.405301,,STEADY_TRACKING,36.282,26.227,N/A,N/A
10,75682.3728,75682.407861,75682.40871,75682.410499,75682.435382,75682.435563,,STEADY_TRACKING,35.061,24.883,N/A,N/A
11,75682.404851,75682.439715,75682.440525,75682.441825,75682.465583,75682.4657,,STEADY_TRACKING,34.864,23.758,N/A,N/A
12,75682.436831,75682.472032,75682.472572,75682.47384,75682.495209,75682.495374,,STEADY_TRACKING,35.201,21.368,N/A,N/A
13,75682.468867,75682.503356,75682.503836,75682.505235,75682.529014,75682.529053,,STEADY_TRACKING,34.489,23.779,N/A,N/A
14,75682.500833,75682.551578,75682.552117,75682.553862,75682.565793,75682.565847,,STEADY_TRACKING,50.745,11.931,N/A,N/A
15,75682.548796,75682.583891,75682.584469,75682.585635,75682.597154,75682.597188,,STEADY_TRACKING,35.095,11.519,N/A,N/A
16,75682.580801,75682.615484,75682.616203,75682.618299,75682.629892,75682.629982,,STEADY_TRACKING,34.683,11.593,N/A,N/A
17,75682.612738,75682.647777,75682.648295,75682.64949,75682.661994,75682.662035,,STEADY_TRACKING,35.039,12.504,N/A,N/A
18,75682.644822,75682.680177,75682.680791,75682.682096,75682.695848,75682.695908,,STEADY_TRACKING,35.355,13.751,N/A,N/A
19,75682.676858,75682.711524,75682.712028,75682.714226,75682.727512,75682.727598,,STEADY_TRACKING,34.666,13.286,N/A,N/A
20,75682.708852,75682.743916,75682.744387,75682.745526,75682.758429,75682.758469,,STEADY_TRACKING,35.064,12.904,N/A,N/A
21,75682.740809,75682.776074,75682.776605,75682.77801,75682.789911,75682.790004,,STEADY_TRACKING,35.265,11.901,N/A,N/A
22,75682.772844,75682.807638,75682.808143,75682.80958,75682.826372,75682.826441,,STEADY_TRACKING,34.794,16.791,N/A,N/A
23,75682.804856,75682.840138,75682.84064,75682.842246,75682.856112,75682.856171,,STEADY_TRACKING,35.282,13.866,N/A,N/A
24,75682.836815,75682.871814,75682.872845,75682.874468,75682.885579,75682.885639,,STEADY_TRACKING,34.999,11.111,N/A,N/A
25,75682.868912,75682.903538,75682.90401,75682.905193,75682.918422,75682.918462,,STEADY_TRACKING,34.626,13.228,N/A,N/A
26,75682.900814,75682.951526,75682.952028,75682.953414,75682.968643,75682.968708,,STEADY_TRACKING,50.712,15.229,N/A,N/A
27,75682.948729,75682.984045,75682.984705,75682.986019,75682.997827,75682.997885,,STEADY_TRACKING,35.316,11.807,N/A,N/A
28,75682.980846,75683.015427,75683.015948,75683.017285,75683.029737,75683.029787,,STEADY_TRACKING,34.581,12.452,N/A,N/A
29,75683.012767,75683.048146,75683.048719,75683.050257,75683.06358,75683.06364,,STEADY_TRACKING,35.379,13.323,N/A,N/A
30,75683.044848,75683.079928,75683.080736,75683.082349,75683.092939,75683.092973,,STEADY_TRACKING,35.08,10.59,N/A,N/A
31,75683.07685,75683.111335,75683.111837,75683.113001,75683.125434,75683.12549,,STEADY_TRACKING,34.485,12.433,N/A,N/A
32,75683.108757,75683.143972,75683.144461,75683.145736,75683.158365,75683.158398,,STEADY_TRACKING,35.215,12.629,N/A,N/A
33,75683.140801,75683.175368,75683.176004,75683.178803,75683.190025,75683.190063,,STEADY_TRACKING,34.567,11.223,N/A,N/A
34,75683.172788,75683.207691,75683.208224,75683.209506,75683.221685,75683.221717,,STEADY_TRACKING,34.903,12.179,N/A,N/A
35,75683.204869,75683.2397,75683.240485,75683.24201,75683.254593,75683.25467,,STEADY_TRACKING,34.831,12.583,N/A,N/A
36,75683.236849,75683.271955,75683.272562,75683.274227,75683.285519,75683.285559,,STEADY_TRACKING,35.106,11.292,N/A,N/A
37,75683.268915,75683.304148,75683.304685,75683.305949,75683.3286,75683.328869,,STEADY_TRACKING,35.233,22.651,N/A,N/A
38,75683.30092,75683.352059,75683.352738,75683.354167,75683.376749,75683.376847,,STEADY_TRACKING,51.139,22.582,N/A,N/A
39,75683.34888,75683.383897,75683.385204,75683.387129,75683.408664,75683.408749,,STEADY_TRACKING,35.017,21.535,N/A,N/A
40,75683.380907,75683.415667,75683.416188,75683.417582,75683.442428,75683.442521,NEXT,STEADY_TRACKING,34.76,24.846,61.666,26.384
41,75683.412752,75683.448119,75683.448655,75683.450104,75683.472573,75683.472662,,STEADY_TRACKING,35.367,22.469,N/A,N/A
42,75683.44492,75683.479359,75683.47983,75683.481496,75683.504897,75683.504996,,STEADY_TRACKING,34.439,23.401,N/A,N/A
43,75683.476732,75683.511939,75683.512557,75683.513943,75683.538508,75683.538633,,STEADY_TRACKING,35.207,24.565,N/A,N/A
44,75683.50875,75683.543921,75683.544816,75683.546549,75683.569226,75683.569312,,STEADY_TRACKING,35.171,22.677,N/A,N/A
45,75683.540814,75683.575508,75683.576001,75683.577306,75683.600735,75683.600833,,STEADY_TRACKING,34.693,23.429,N/A,N/A
46,75683.572805,75683.608059,75683.608539,75683.609966,75683.634022,75683.634168,,STEADY_TRACKING,35.254,24.056,N/A,N/A
47,75683.60489,75683.639661,75683.640265,75683.642755,75683.665981,75683.666106,,STEADY_TRACKING,34.771,23.225,N/A,N/A
48,75683.636932,75683.671729,75683.672217,75683.67346,75683.694551,75683.69507,,STEADY_TRACKING,34.797,21.091,N/A,N/A
49,75683.668862,75683.704001,75683.704568,75683.70587,75683.72667,75683.726715,,STEADY_TRACKING,35.139,20.8,N/A,N/A
50,75683.700911,75683.75189,75683.752556,75683.754075,75683.765117,75683.765176,,STEADY_TRACKING,50.979,11.042,N/A,N/A
51,75683.748853,75683.783542,75683.784113,75683.785348,75683.796993,75683.797034,,STEADY_TRACKING,34.689,11.645,N/A,N/A
52,75683.780773,75683.815791,75683.816258,75683.817605,75683.830517,75683.830553,,STEADY_TRACKING,35.018,12.913,N/A,N/A
53,75683.812762,75683.847582,75683.848398,75683.850572,75683.862248,75683.862315,,STEADY_TRACKING,34.82,11.676,N/A,N/A
54,75683.844728,75683.879902,75683.880377,75683.881519,75683.894601,75683.894653,,STEADY_TRACKING,35.174,13.083,N/A,N/A
55,75683.876774,75683.911858,75683.912539,75683.91373,75683.925231,75683.925312,,STEADY_TRACKING,35.084,11.502,N/A,N/A
56,75683.908854,75683.943711,75683.944245,75683.94573,75683.958584,75683.958644,,STEADY_TRACKING,34.857,12.854,N/A,N/A
57,75683.94098,75683.976087,75683.976575,75683.977706,75683.99068,75683.990721,,STEADY_TRACKING,35.107,12.974,N/A,N/A
58,75683.972828,75684.007779,75684.008713,75684.010214,75684.022673,75684.022752,,STEADY_TRACKING,34.951,12.459,N/A,N/A
59,75684.004829,75684.039585,75684.04009,75684.04123,75684.055611,75684.055719,,STEADY_TRACKING,34.756,14.381,N/A,N/A
60,75684.036881,75684.071884,75684.072475,75684.07362,75684.086137,75684.086192,,STEADY_TRACKING,35.002,12.517,N/A,N/A
61,75684.068939,75684.103968,75684.104759,75684.106895,75684.118543,75684.118623,,STEADY_TRACKING,35.029,11.648,N/A,N/A
62,75684.101018,75684.151526,75684.152021,75684.153741,75684.176148,75684.17621,,STEADY_TRACKING,50.508,22.407,N/A,N/A
63,75684.148933,75684.183673,75684.184153,75684.185491,75684.198594,75684.198631,,STEADY_TRACKING,34.74,13.103,N/A,N/A
64,75684.180731,75684.215598,75684.21634,75684.217904,75684.231147,75684.231236,,STEADY_TRACKING,34.867,13.243,N/A,N/A
65,75684.212761,75684.247517,75684.248,75684.24922,75684.261609,75684.261647,,STEADY_TRACKING,34.756,12.389,N/A,N/A
66,75684.244804,75684.280216,75684.280696,75684.281974,75684.296064,75684.29613,,STEADY_TRACKING,35.412,14.09,N/A,N/A
67,75684.276753,75684.311528,75684.313182,75684.315154,75684.33156,75684.331623,,STEADY_TRACKING,34.775,16.405,N/A,N/A
68,75684.308796,75684.343711,75684.344181,75684.345312,75684.361712,75684.361812,,STEADY_TRACKING,34.915,16.4,N/A,N/A
69,75684.340789,75684.375838,75684.376494,75684.377858,75684.39013,75684.390218,,STEADY_TRACKING,35.049,12.273,N/A,N/A
70,75684.372798,75684.407967,75684.408495,75684.411159,75684.426682,75684.426737,,STEADY_TRACKING,35.169,15.523,N/A,N/A
71,75684.404859,75684.439744,75684.440316,75684.441502,75684.453663,75684.45372,,STEADY_TRACKING,34.885,12.16,N/A,N/A
72,75684.436998,75684.471888,75684.4727,75684.474096,75684.484802,75684.48484,,STEADY_TRACKING,34.89,10.706,N/A,N/A
73,75684.468831,75684.503754,75684.504244,75684.505548,75684.531722,75684.53184,,STEADY_TRACKING,34.923,26.174,N/A,N/A
74,75684.500852,75684.551467,75684.552017,75684.553289,75684.577994,75684.578101,,STEADY_TRACKING,50.615,24.705,N/A,N/A
75,75684.548714,75684.583827,75684.584399,75684.585651,75684.609227,75684.60935,,STEADY_TRACKING,35.113,23.576,N/A,N/A
76,75684.580844,75684.615642,75684.616139,75684.618047,75684.641807,75684.641938,NEXT,STEADY_TRACKING,34.798,23.76,61.164,25.869
77,75684.612768,75684.648366,75684.648823,75684.650011,75684.672268,75684.672481,,STEADY_TRACKING,35.598,22.256,N/A,N/A
78,75684.644747,75684.679949,75684.680634,75684.682147,75684.703976,75684.704102,,STEADY_TRACKING,35.202,21.829,N/A,N/A
79,75684.676936,75684.711419,75684.711934,75684.713119,75684.734536,75684.734735,,STEADY_TRACKING,34.483,21.416,N/A,N/A
80,75684.708794,75684.743819,75684.744349,75684.745563,75684.767733,75684.767826,,STEADY_TRACKING,35.025,22.17,N/A,N/A
81,75684.740829,75684.775798,75684.777502,75684.779042,75684.804544,75684.804757,,STEADY_TRACKING,34.969,25.503,N/A,N/A
82,75684.772794,75684.808568,75684.809099,75684.812136,75684.834972,75684.835088,,STEADY_TRACKING,35.774,22.836,N/A,N/A
83,75684.804917,75684.840275,75684.84075,75684.842135,75684.869813,75684.869958,,STEADY_TRACKING,35.358,27.678,N/A,N/A
84,75684.836929,75684.871816,75684.872369,75684.875349,75684.904438,75684.904568,,STEADY_TRACKING,34.887,29.089,N/A,N/A
85,75684.868805,75684.904785,75684.905422,75684.906916,75684.935648,75684.935747,,STEADY_TRACKING,35.98,28.732,N/A,N/A
86,75684.900916,75684.95188,75684.952408,75684.953764,75684.969407,75684.969464,,STEADY_TRACKING,50.964,15.643,N/A,N/A
87,75684.948739,75684.983808,75684.984884,75684.986674,75685.001999,75685.00205,,STEADY_TRACKING,35.069,15.325,N/A,N/A
88,75684.980712,75685.015763,75685.016348,75685.017661,75685.032903,75685.032974,,STEADY_TRACKING,35.051,15.242,N/A,N/A
89,75685.012776,75685.048268,75685.048916,75685.050386,75685.068295,75685.068355,,STEADY_TRACKING,35.492,17.909,N/A,N/A
90,75685.044755,75685.080021,75685.080736,75685.083092,75685.099688,75685.099726,,STEADY_TRACKING,35.266,16.596,N/A,N/A
91,75685.076785,75685.11209,75685.112653,75685.114264,75685.129835,75685.129932,,STEADY_TRACKING,35.305,15.57,N/A,N/A
92,75685.108849,75685.144475,75685.145189,75685.146523,75685.159523,75685.159559,,STEADY_TRACKING,35.626,13.0,N/A,N/A
93,75685.140803,75685.175992,75685.176539,75685.178323,75685.191604,75685.191661,,STEADY_TRACKING,35.189,13.281,N/A,N/A
94,75685.172832,75685.208088,75685.208564,75685.210072,75685.223549,75685.223627,,STEADY_TRACKING,35.256,13.477,N/A,N/A
95,75685.204842,75685.23962,75685.240325,75685.242002,75685.258555,75685.258629,,STEADY_TRACKING,34.778,16.553,N/A,N/A
96,75685.236795,75685.272121,75685.272768,75685.27431,75685.290819,75685.29089,,STEADY_TRACKING,35.326,16.51,N/A,N/A
97,75685.268822,75685.304806,75685.305597,75685.307452,75685.333305,75685.333371,,STEADY_TRACKING,35.984,25.853,N/A,N/A
98,75685.300902,75685.353045,75685.354136,75685.355856,75685.37479,75685.374838,,STEADY_TRACKING,52.143,18.934,N/A,N/A
99,75685.348737,75685.384503,75685.385192,75685.387549,75685.417631,75685.418376,,STEADY_TRACKING,35.766,30.082,N/A,N/A
100,75685.380743,75685.418008,75685.418957,75685.422647,75685.443357,75685.443416,,STEADY_TRACKING,37.265,20.71,N/A,N/A
101,75685.412778,75685.449068,75685.449859,75685.451459,75685.46972,75685.469782,,STEADY_TRACKING,36.29,18.261,N/A,N/A
102,75685.444771,75685.48088,75685.48163,75685.48383,75685.504033,75685.504087,,STEADY_TRACKING,36.109,20.203,N/A,N/A
103,75685.476822,75685.512256,75685.512773,75685.514073,75685.527722,75685.52779,,STEADY_TRACKING,35.434,13.649,N/A,N/A
104,75685.50882,75685.543906,75685.544531,75685.546529,75685.563365,75685.563405,,STEADY_TRACKING,35.086,16.836,N/A,N/A
105,75685.540795,75685.576082,75685.576706,75685.578289,75685.597267,75685.597323,,STEADY_TRACKING,35.287,18.978,N/A,N/A
106,75685.572861,75685.608078,75685.608815,75685.610501,75685.629877,75685.629924,,STEADY_TRACKING,35.218,19.377,N/A,N/A
107,75685.604844,75685.639719,75685.640361,75685.642514,75685.657395,75685.657441,,STEADY_TRACKING,34.875,14.881,N/A,N/A
108,75685.636782,75685.671888,75685.672356,75685.673774,75685.692332,75685.692369,,STEADY_TRACKING,35.106,18.558,N/A,N/A
109,75685.668798,75685.703915,75685.704683,75685.706464,75685.732809,75685.732973,,STEADY_TRACKING,35.117,26.345,N/A,N/A
110,75685.700842,75685.751413,75685.75186,75685.753912,75685.77854,75685.778694,,STEADY_TRACKING,50.571,24.628,N/A,N/A
111,75685.748703,75685.784128,75685.784649,75685.786079,75685.815588,75685.815838,NEXT,STEADY_TRACKING,35.425,29.51,67.243,31.297
112,75685.780753,75685.816132,75685.81675,75685.818569,75685.846122,75685.846238,,STEADY_TRACKING,35.379,27.553,N/A,N/A
113,75685.812733,75685.847973,75685.848504,75685.850825,75685.882075,75685.882261,,STEADY_TRACKING,35.24,31.25,N/A,N/A
114,75685.84478,75685.881369,75685.88196,75685.883524,75685.912089,75685.912285,,STEADY_TRACKING,36.589,28.565,N/A,N/A
115,75685.876912,75685.912695,75685.913519,75685.915341,75685.942808,75685.942962,,STEADY_TRACKING,35.782,27.466,N/A,N/A
116,75685.908834,75685.944144,75685.944674,75685.946431,75685.971929,75685.97202,,STEADY_TRACKING,35.31,25.498,N/A,N/A
117,75685.940823,75685.97632,75685.976892,75685.978489,75686.003963,75686.004091,,STEADY_TRACKING,35.497,25.473,N/A,N/A
118,75685.972873,75686.007742,75686.008389,75686.010692,75686.035451,75686.035568,,STEADY_TRACKING,34.869,24.759,N/A,N/A
119,75686.00479,75686.039656,75686.040173,75686.041882,75686.068909,75686.069002,,STEADY_TRACKING,34.866,27.026,N/A,N/A
120,75686.036801,75686.072012,75686.072838,75686.074747,75686.103155,75686.103258,,STEADY_TRACKING,35.211,28.408,N/A,N/A
121,75686.068803,75686.104335,75686.104891,75686.107104,75686.133329,75686.133382,,STEADY_TRACKING,35.532,26.225,N/A,N/A
122,75686.100978,75686.151575,75686.15206,75686.153327,75686.166339,75686.166375,,STEADY_TRACKING,50.597,13.011,N/A,N/A
123,75686.148707,75686.183934,75686.184437,75686.185608,75686.200414,75686.200451,,STEADY_TRACKING,35.227,14.807,N/A,N/A
124,75686.180719,75686.215776,75686.216649,75686.218589,75686.230866,75686.230937,,STEADY_TRACKING,35.057,12.278,N/A,N/A
125,75686.212727,75686.247725,75686.248242,75686.249521,75686.261424,75686.261462,,STEADY_TRACKING,34.998,11.903,N/A,N/A
126,75686.244745,75686.280362,75686.280979,75686.282631,75686.297852,75686.297909,,STEADY_TRACKING,35.617,15.22,N/A,N/A
127,75686.276792,75686.311954,75686.312608,75686.314704,75686.328681,75686.328727,,STEADY_TRACKING,35.162,13.976,N/A,N/A
128,75686.308793,75686.343886,75686.344395,75686.345742,75686.361685,75686.361757,,STEADY_TRACKING,35.093,15.943,N/A,N/A
129,75686.340794,75686.375854,75686.376702,75686.378239,75686.391549,75686.391594,,STEADY_TRACKING,35.06,13.31,N/A,N/A
130,75686.37279,75686.407887,75686.408412,75686.409751,75686.424229,75686.424312,,STEADY_TRACKING,35.097,14.478,N/A,N/A
131,75686.404804,75686.44055,75686.4411,75686.442781,75686.456664,75686.456699,,STEADY_TRACKING,35.746,13.883,N/A,N/A
132,75686.436915,75686.471778,75686.472374,75686.474577,75686.488006,75686.488042,,STEADY_TRACKING,34.863,13.429,N/A,N/A
133,75686.468821,75686.504425,75686.505,75686.506598,75686.521447,75686.52154,,STEADY_TRACKING,35.604,14.849,N/A,N/A
134,75686.50088,75686.551928,75686.552598,75686.554139,75686.572392,75686.572432,,STEADY_TRACKING,51.048,18.253,N/A,N/A
135,75686.548718,75686.584503,75686.585238,75686.586806,75686.602423,75686.602461,,STEADY_TRACKING,35.785,15.616,N/A,N/A
136,75686.580719,75686.615461,75686.616068,75686.617559,75686.630647,75686.630688,,STEADY_TRACKING,34.742,13.088,N/A,N/A
137,75686.612724,75686.648014,75686.648485,75686.650088,75686.664184,75686.664237,,STEADY_TRACKING,35.29,14.096,N/A,N/A
138,75686.644809,75686.680216,75686.681063,75686.682741,75686.696628,75686.696669,,STEADY_TRACKING,35.407,13.888,N/A,N/A
139,75686.676773,75686.712195,75686.712829,75686.714248,75686.727774,75686.727809,,STEADY_TRACKING,35.422,13.526,N/A,N/A
140,75686.708793,75686.743833,75686.744553,75686.745863,75686.758551,75686.758602,,STEADY_TRACKING,35.04,12.688,N/A,N/A
141,75686.740781,75686.775587,75686.776065,75686.777599,75686.791117,75686.79119,,STEADY_TRACKING,34.806,13.518,N/A,N/A
142,75686.772779,75686.807738,75686.808226,75686.80951,75686.82285,75686.822886,,STEADY_TRACKING,34.959,13.34,N/A,N/A
143,75686.804786,75686.839954,75686.84067,75686.84236,75686.857594,75686.857634,,STEADY_TRACKING,35.168,15.235,N/A,N/A
144,75686.836828,75686.871917,75686.872742,75686.874318,75686.893973,75686.894035,,STEADY_TRACKING,35.089,19.655,N/A,N/A
145,75686.868825,75686.905259,75686.906609,75686.91,75686.947604,75686.947759,,STEADY_TRACKING,36.434,37.604,N/A,N/A
146,75686.900956,75686.952552,75686.95313,75686.954668,75686.977474,75686.977564,,STEADY_TRACKING,51.596,22.806,N/A,N/A
147,75686.948733,75686.983807,75686.984339,75686.986374,75687.011936,75687.012031,,STEADY_TRACKING,35.074,25.562,N/A,N/A
148,75686.980749,75687.015788,75687.016306,75687.017884,75687.045495,75687.045594,NEXT,STEADY_TRACKING,35.039,27.611,64.904,29.347
149,75687.012731,75687.048693,75687.04931,75687.051136,75687.091425,75687.09157,,STEADY_TRACKING,35.962,40.289,N/A,N/A
150,75687.044769,75687.080195,75687.080759,75687.083176,75687.114536,75687.114696,,STEADY_TRACKING,35.426,31.36,N/A,N/A
151,75687.076833,75687.112526,75687.113017,75687.115064,75687.140176,75687.140312,,STEADY_TRACKING,35.693,25.112,N/A,N/A
152,75687.108812,75687.143653,75687.144455,75687.146677,75687.17084,75687.170971,,STEADY_TRACKING,34.841,24.163,N/A,N/A
153,75687.140809,75687.175472,75687.175935,75687.177275,75687.201999,75687.202089,,STEADY_TRACKING,34.663,24.724,N/A,N/A
154,75687.17277,75687.207966,75687.208633,75687.210412,75687.239199,75687.239311,,STEADY_TRACKING,35.196,28.787,N/A,N/A
155,75687.204816,75687.239631,75687.240151,75687.2429,75687.268471,75687.268629,,STEADY_TRACKING,34.815,25.571,N/A,N/A
156,75687.236791,75687.27163,75687.272163,75687.273436,75687.298777,75687.298894,,STEADY_TRACKING,34.839,25.341,N/A,N/A
157,75687.268848,75687.304058,75687.304836,75687.306707,75687.331416,75687.331892,,STEADY_TRACKING,35.21,24.709,N/A,N/A
158,75687.30097,75687.351419,75687.35243,75687.354454,75687.368465,75687.368506,,STEADY_TRACKING,50.449,14.011,N/A,N/A
159,75687.348731,75687.383615,75687.384133,75687.385413,75687.398734,75687.398784,,STEADY_TRACKING,34.884,13.321,N/A,N/A
160,75687.380736,75687.416045,75687.416645,75687.417991,75687.431169,75687.431208,,STEADY_TRACKING,35.309,13.178,N/A,N/A
161,75687.41287,75687.449198,75687.450145,75687.451734,75687.464769,75687.46481,,STEADY_TRACKING,36.328,13.034,N/A,N/A
162,75687.444884,75687.479588,75687.480068,75687.481391,75687.498825,75687.498904,,STEADY_TRACKING,34.704,17.434,N/A,N/A
163,75687.47678,75687.512124,75687.512707,75687.514292,75687.528808,75687.528845,,STEADY_TRACKING,35.344,14.516,N/A,N/A
164,75687.508829,75687.543372,75687.543868,75687.545,75687.557835,75687.55787,,STEADY_TRACKING,34.543,12.835,N/A,N/A
165,75687.540773,75687.576281,75687.576769,75687.577912,75687.591589,75687.592069,,STEADY_TRACKING,35.508,13.677,N/A,N/A
166,75687.572906,75687.607555,75687.608767,75687.610487,75687.62207,75687.622131,,STEADY_TRACKING,34.649,11.584,N/A,N/A
167,75687.604979,75687.639585,75687.640049,75687.641145,75687.653749,75687.653807,,STEADY_TRACKING,34.606,12.604,N/A,N/A
168,75687.636857,75687.672364,75687.672836,75687.674082,75687.687114,75687.68716,,STEADY_TRACKING,35.507,13.032,N/A,N/A
169,75687.668808,75687.703571,75687.704115,75687.705711,75687.720673,75687.720752,,STEADY_TRACKING,34.763,14.963,N/A,N/A
170,75687.700937,75687.751529,75687.752065,75687.753415,75687.765764,75687.765851,,STEADY_TRACKING,50.592,12.349,N/A,N/A
171,75687.748743,75687.783714,75687.784215,75687.785449,75687.798865,75687.798935,,STEADY_TRACKING,34.971,13.417,N/A,N/A
172,75687.780822,75687.815762,75687.816616,75687.818143,75687.828937,75687.828995,,STEADY_TRACKING,34.94,10.795,N/A,N/A
173,75687.812961,75687.847636,75687.848195,75687.849441,75687.861675,75687.861709,,STEADY_TRACKING,34.675,12.234,N/A,N/A
174,75687.844821,75687.880175,75687.880691,75687.88193,75687.899652,75687.899706,,STEADY_TRACKING,35.354,17.723,N/A,N/A
175,75687.876876,75687.911957,75687.912506,75687.914571,75687.929136,75687.929176,,STEADY_TRACKING,35.081,14.565,N/A,N/A
176,75687.908869,75687.944117,75687.944648,75687.945897,75687.961551,75687.961615,,STEADY_TRACKING,35.248,15.655,N/A,N/A
177,75687.940779,75687.975926,75687.976626,75687.978141,75687.991987,75687.992036,,STEADY_TRACKING,35.147,13.845,N/A,N/A
178,75687.972803,75688.007439,75688.007915,75688.00913,75688.024882,75688.024944,,STEADY_TRACKING,34.636,15.752,N/A,N/A
179,75688.00479,75688.040006,75688.040546,75688.041824,75688.056794,75688.056844,,STEADY_TRACKING,35.216,14.97,N/A,N/A
180,75688.036825,75688.07186,75688.072397,75688.074598,75688.08996,75688.089996,,STEADY_TRACKING,35.035,15.362,N/A,N/A
181,75688.068879,75688.104599,75688.105126,75688.107109,75688.138656,75688.138791,,STEADY_TRACKING,35.72,31.546,N/A,N/A
182,75688.100881,75688.151921,75688.152471,75688.153782,75688.177034,75688.1772,,STEADY_TRACKING,51.04,23.252,N/A,N/A
183,75688.148721,75688.18386,75688.184453,75688.185893,75688.208921,75688.209003,,STEADY_TRACKING,35.139,23.028,N/A,N/A
184,75688.180726,75688.215773,75688.216302,75688.218332,75688.242276,75688.242388,NEXT,STEADY_TRACKING,35.047,23.944,61.802,26.227
185,75688.212756,75688.248103,75688.248644,75688.250016,75688.270341,75688.270436,,STEADY_TRACKING,35.347,20.325,N/A,N/A
186,75688.244968,75688.279988,75688.280889,75688.282625,75688.307961,75688.308107,,STEADY_TRACKING,35.02,25.336,N/A,N/A
187,75688.276981,75688.312018,75688.312539,75688.313794,75688.351234,75688.351422,,STEADY_TRACKING,35.037,37.44,N/A,N/A
188,75688.308813,75688.34495,75688.345636,75688.347579,75688.387392,75688.387507,,STEADY_TRACKING,36.137,39.813,N/A,N/A
189,75688.340812,75688.376038,75688.376816,75688.379587,75688.421703,75688.421891,,STEADY_TRACKING,35.226,42.116,N/A,N/A
190,75688.372845,75688.408575,75688.409208,75688.411056,75688.454472,75688.454673,,STEADY_TRACKING,35.73,43.416,N/A,N/A
191,75688.404866,75688.440193,75688.440878,75688.442483,75688.480042,75688.480375,,STEADY_TRACKING,35.327,37.559,N/A,N/A
192,75688.436792,75688.472172,75688.472812,75688.475281,75688.506635,75688.506804,,STEADY_TRACKING,35.38,31.354,N/A,N/A
193,75688.468899,75688.504609,75688.50524,75688.507008,75688.532556,75688.532613,,STEADY_TRACKING,35.71,25.547,N/A,N/A
194,75688.500861,75688.551979,75688.552456,75688.554035,75688.568376,75688.568412,,STEADY_TRACKING,51.118,14.342,N/A,N/A
195,75688.548745,75688.58351,75688.584152,75688.586175,75688.601228,75688.601301,,STEADY_TRACKING,34.765,15.053,N/A,N/A
196,75688.580773,75688.615786,75688.616443,75688.617756,75688.634251,75688.634314,,STEADY_TRACKING,35.013,16.495,N/A,N/A
197,75688.612766,75688.647992,75688.648557,75688.649934,75688.662791,75688.662839,,STEADY_TRACKING,35.226,12.857,N/A,N/A
198,75688.644784,75688.679434,75688.679894,75688.681626,75688.694248,75688.694296,,STEADY_TRACKING,34.65,12.621,N/A,N/A
199,75688.676812,75688.711853,75688.712318,75688.713664,75688.726369,75688.726412,,STEADY_TRACKING,35.041,12.705,N/A,N/A
200,75688.708821,75688.743465,75688.74458,75688.746559,75688.758447,75688.758531,,STEADY_TRACKING,34.644,11.889,N/A,N/A
201,75688.740855,75688.775456,75688.775925,75688.777041,75688.789419,75688.789458,,STEADY_TRACKING,34.601,12.378,N/A,N/A
202,75688.772789,75688.80828,75688.808774,75688.809871,75688.821864,75688.821934,,STEADY_TRACKING,35.491,11.993,N/A,N/A
203,75688.804898,75688.839457,75688.839983,75688.842221,75688.853514,75688.85357,,STEADY_TRACKING,34.559,11.293,N/A,N/A
204,75688.836786,75688.871594,75688.872122,75688.873478,75688.888779,75688.888877,,STEADY_TRACKING,34.808,15.301,N/A,N/A
205,75688.868903,75688.904309,75688.904885,75688.906406,75688.919011,75688.919052,,STEADY_TRACKING,35.406,12.604,N/A,N/A
206,75688.900936,75688.951798,75688.95267,75688.9542,75688.965384,75688.965444,,STEADY_TRACKING,50.862,11.184,N/A,N/A
207,75688.948753,75688.983842,75688.984435,75688.985863,75689.002764,75689.002838,,STEADY_TRACKING,35.089,16.901,N/A,N/A
208,75688.98075,75689.016427,75689.016974,75689.018604,75689.034207,75689.034282,,STEADY_TRACKING,35.677,15.603,N/A,N/A
209,75689.012782,75689.047939,75689.048638,75689.051038,75689.067817,75689.067889,,STEADY_TRACKING,35.157,16.779,N/A,N/A
210,75689.044758,75689.080143,75689.080806,75689.082261,75689.099742,75689.099821,,STEADY_TRACKING,35.385,17.481,N/A,N/A
211,75689.076798,75689.112011,75689.112604,75689.114028,75689.129696,75689.129778,,STEADY_TRACKING,35.213,15.669,N/A,N/A
212,75689.108791,75689.143682,75689.144343,75689.14795,75689.185915,75689.185984,,STEADY_TRACKING,34.891,37.965,N/A,N/A
213,75689.140761,75689.177862,75689.178689,75689.181966,75689.205633,75689.205717,,STEADY_TRACKING,37.101,23.666,N/A,N/A
214,75689.17287,75689.208333,75689.209574,75689.211557,75689.228003,75689.228097,,STEADY_TRACKING,35.463,16.446,N/A,N/A
215,75689.204875,75689.240217,75689.240837,75689.244041,75689.261497,75689.261554,,STEADY_TRACKING,35.342,17.456,N/A,N/A
216,75689.236803,75689.272097,75689.272654,75689.274284,75689.29312,75689.293177,,STEADY_TRACKING,35.293,18.836,N/A,N/A
217,75689.268796,75689.303686,75689.304402,75689.307149,75689.335516,75689.335649,,STEADY_TRACKING,34.89,28.367,N/A,N/A
218,75689.300846,75689.351756,75689.352333,75689.354447,75689.38627,75689.386464,,STEADY_TRACKING,50.91,31.824,N/A,N/A
219,75689.348729,75689.384562,75689.385203,75689.386863,75689.419924,75689.420148,NEXT,STEADY_TRACKING,35.833,33.061,71.509,35.034
220,75689.380771,75689.416123,75689.4169,75689.418759,75689.452703,75689.452863,,STEADY_TRACKING,35.352,33.944,N/A,N/A
221,75689.412777,75689.447587,75689.448096,75689.450263,75689.486597,75689.486798,,STEADY_TRACKING,34.81,36.334,N/A,N/A
222,75689.444779,75689.480661,75689.481254,75689.483572,75689.514365,75689.514508,,STEADY_TRACKING,35.883,30.793,N/A,N/A
223,75689.476809,75689.511754,75689.513257,75689.515446,75689.546994,75689.54715,,STEADY_TRACKING,34.945,31.549,N/A,N/A
224,75689.508753,75689.544216,75689.544781,75689.546258,75689.577135,75689.577272,,STEADY_TRACKING,35.463,30.877,N/A,N/A
225,75689.540835,75689.576458,75689.577041,75689.578501,75689.604303,75689.604487,,STEADY_TRACKING,35.623,25.803,N/A,N/A
226,75689.57277,75689.607672,75689.608247,75689.61036,75689.634596,75689.634729,,STEADY_TRACKING,34.902,24.236,N/A,N/A
227,75689.604781,75689.640076,75689.640574,75689.642224,75689.667356,75689.667444,,STEADY_TRACKING,35.295,25.132,N/A,N/A
228,75689.636812,75689.671788,75689.672624,75689.674523,75689.703138,75689.703239,,STEADY_TRACKING,34.976,28.615,N/A,N/A
229,75689.668822,75689.704213,75689.704743,75689.706844,75689.733159,75689.733199,,STEADY_TRACKING,35.39,26.315,N/A,N/A
230,75689.70087,75689.751516,75689.751971,75689.753237,75689.766787,75689.766839,,STEADY_TRACKING,50.646,13.55,N/A,N/A
231,75689.748721,75689.783886,75689.784454,75689.785909,75689.799535,75689.799594,,STEADY_TRACKING,35.165,13.626,N/A,N/A
232,75689.780721,75689.81564,75689.816139,75689.818339,75689.830063,75689.830102,,STEADY_TRACKING,34.919,11.724,N/A,N/A
233,75689.812867,75689.847959,75689.848454,75689.849641,75689.861733,75689.861771,,STEADY_TRACKING,35.092,12.092,N/A,N/A
234,75689.844784,75689.879882,75689.88075,75689.882195,75689.89295,75689.893011,,STEADY_TRACKING,35.098,10.756,N/A,N/A
235,75689.876844,75689.911337,75689.911838,75689.913013,75689.925248,75689.925297,,STEADY_TRACKING,34.493,12.235,N/A,N/A
236,75689.908759,75689.944411,75689.945044,75689.946402,75689.960481,75689.960516,,STEADY_TRACKING,35.652,14.078,N/A,N/A
237,75689.940871,75689.976137,75689.977262,75689.97881,75689.98952,75689.989552,,STEADY_TRACKING,35.266,10.71,N/A,N/A
238,75689.972965,75690.007865,75690.008377,75690.009911,75690.022712,75690.022751,,STEADY_TRACKING,34.9,12.801,N/A,N/A
239,75690.004832,75690.040346,75690.040827,75690.042048,75690.057675,75690.057713,,STEADY_TRACKING,35.514,15.627,N/A,N/A
240,75690.03691,75690.071515,75690.072083,75690.073726,75690.086075,75690.086109,,STEADY_TRACKING,34.605,12.349,N/A,N/A
241,75690.068925,75690.103805,75690.104322,75690.105712,75690.118666,75690.118705,,STEADY_TRACKING,34.88,12.954,N/A,N/A
242,75690.100923,75690.151888,75690.152439,75690.153774,75690.166403,75690.166437,,STEADY_TRACKING,50.964,12.628,N/A,N/A
243,75690.148968,75690.183772,75690.184596,75690.186384,75690.197593,75690.197654,,STEADY_TRACKING,34.804,11.209,N/A,N/A
244,75690.180873,75690.215582,75690.216136,75690.217313,75690.230088,75690.230148,,STEADY_TRACKING,34.709,12.775,N/A,N/A
245,75690.212756,75690.247796,75690.248353,75690.249668,75690.261281,75690.261318,,STEADY_TRACKING,35.04,11.613,N/A,N/A
246,75690.244767,75690.279639,75690.280221,75690.282342,75690.294712,75690.294756,,STEADY_TRACKING,34.872,12.371,N/A,N/A
247,75690.276772,75690.312165,75690.312672,75690.314044,75690.32742,75690.327459,,STEADY_TRACKING,35.393,13.376,N/A,N/A
248,75690.308783,75690.343632,75690.344826,75690.346604,75690.362751,75690.362785,,STEADY_TRACKING,34.849,16.146,N/A,N/A
249,75690.340759,75690.375638,75690.3762,75690.37759,75690.393923,75690.393968,,STEADY_TRACKING,34.879,16.333,N/A,N/A
250,75690.37278,75690.408433,75690.408964,75690.410341,75690.422675,75690.422712,,STEADY_TRACKING,35.653,12.334,N/A,N/A
251,75690.405001,75690.439638,75690.441602,75690.443267,75690.456312,75690.456352,,STEADY_TRACKING,34.637,13.045,N/A,N/A
252,75690.436986,75690.471548,75690.472126,75690.47332,75690.48561,75690.485656,,STEADY_TRACKING,34.562,12.29,N/A,N/A
253,75690.468803,75690.504311,75690.504899,75690.506262,75690.532218,75690.532353,,STEADY_TRACKING,35.508,25.956,N/A,N/A
254,75690.500923,75690.551798,75690.55265,75690.554191,75690.580327,75690.580459,,STEADY_TRACKING,50.875,26.136,N/A,N/A
255,75690.548726,75690.583523,75690.584008,75690.585389,75690.610463,75690.610567,,STEADY_TRACKING,34.797,25.074,N/A,N/A
256,75690.580728,75690.616444,75690.616993,75690.618472,75690.641229,75690.641375,NEXT,STEADY_TRACKING,35.716,22.757,60.716,24.45
257,75690.612789,75690.647749,75690.648487,75690.650421,75690.672143,75690.672231,,STEADY_TRACKING,34.96,21.723,N/A,N/A
258,75690.644837,75690.679625,75690.680156,75690.681437,75690.703018,75690.703168,,STEADY_TRACKING,34.788,21.581,N/A,N/A
259,75690.676855,75690.712131,75690.712596,75690.714108,75690.735206,75690.735295,,STEADY_TRACKING,35.276,21.097,N/A,N/A
260,75690.708959,75690.743546,75690.744092,75690.746364,75690.767797,75690.767958,,STEADY_TRACKING,34.587,21.433,N/A,N/A
261,75690.740826,75690.776058,75690.776586,75690.778066,75690.799702,75690.799783,,STEADY_TRACKING,35.232,21.636,N/A,N/A
262,75690.772776,75690.807777,75690.808467,75690.810022,75690.833903,75690.83399,,STEADY_TRACKING,35.001,23.881,N/A,N/A
263,75690.80483,75690.839587,75690.840174,75690.841616,75690.864212,75690.864394,,STEADY_TRACKING,34.757,22.596,N/A,N/A
264,75690.836857,75690.872168,75690.872676,75690.873959,75690.896146,75690.896232,,STEADY_TRACKING,35.311,22.187,N/A,N/A
265,75690.868984,75690.903462,75690.904318,75690.906242,75690.92869,75690.928734,,STEADY_TRACKING,34.478,22.448,N/A,N/A
266,75690.900927,75690.95189,75690.953862,75690.955627,75690.971976,75690.972021,,STEADY_TRACKING,50.963,16.349,N/A,N/A
267,75690.948838,75690.983669,75690.984413,75690.985716,75691.000111,75691.000163,,STEADY_TRACKING,34.831,14.395,N/A,N/A
268,75690.980894,75691.016363,75691.017071,75691.0186,75691.034156,75691.034215,,STEADY_TRACKING,35.469,15.556,N/A,N/A
269,75691.012843,75691.04762,75691.048195,75691.049874,75691.073495,75691.073535,,STEADY_TRACKING,34.777,23.622,N/A,N/A
270,75691.044744,75691.079993,75691.080516,75691.082104,75691.095988,75691.096058,,STEADY_TRACKING,35.249,13.884,N/A,N/A
271,75691.076875,75691.11194,75691.113281,75691.115017,75691.131419,75691.131472,,STEADY_TRACKING,35.065,16.402,N/A,N/A
272,75691.108797,75691.143674,75691.14435,75691.146072,75691.162627,75691.162677,,STEADY_TRACKING,34.877,16.555,N/A,N/A
273,75691.14085,75691.176208,75691.176767,75691.178169,75691.192032,75691.192071,,STEADY_TRACKING,35.358,13.862,N/A,N/A
274,75691.172837,75691.207437,75691.207998,75691.209838,75691.221893,75691.221931,,STEADY_TRACKING,34.6,12.055,N/A,N/A
275,75691.204815,75691.239737,75691.240237,75691.241407,75691.256187,75691.256222,,STEADY_TRACKING,34.922,14.78,N/A,N/A
276,75691.236818,75691.272098,75691.272837,75691.274076,75691.28532,75691.285391,,STEADY_TRACKING,35.28,11.244,N/A,N/A
277,75691.268995,75691.303496,75691.303962,75691.305684,75691.318141,75691.318174,,STEADY_TRACKING,34.501,12.458,N/A,N/A
278,75691.300811,75691.351816,75691.352297,75691.353422,75691.365737,75691.365776,,STEADY_TRACKING,51.005,12.315,N/A,N/A
279,75691.348748,75691.384427,75691.384974,75691.386472,75691.406085,75691.406146,,STEADY_TRACKING,35.679,19.614,N/A,N/A
280,75691.380735,75691.415998,75691.416889,75691.419216,75691.43538,75691.435422,,STEADY_TRACKING,35.263,16.164,N/A,N/A
281,75691.412812,75691.447717,75691.44831,75691.449909,75691.47069,75691.470785,,STEADY_TRACKING,34.905,20.781,N/A,N/A
282,75691.444774,75691.47995,75691.480561,75691.482098,75691.495856,75691.495919,,STEADY_TRACKING,35.176,13.758,N/A,N/A
283,75691.47677,75691.511888,75691.512407,75691.514596,75691.528135,75691.52818,,STEADY_TRACKING,35.118,13.539,N/A,N/A
284,75691.508855,75691.543701,75691.54433,75691.545534,75691.560274,75691.560307,,STEADY_TRACKING,34.846,14.74,N/A,N/A
285,75691.540842,75691.575417,75691.576213,75691.57826,75691.589512,75691.589565,,STEADY_TRACKING,34.575,11.252,N/A,N/A
286,75691.572778,75691.608205,75691.608719,75691.609938,75691.621905,75691.621941,,STEADY_TRACKING,35.427,11.967,N/A,N/A
287,75691.604813,75691.640026,75691.640468,75691.641691,75691.654202,75691.654235,,STEADY_TRACKING,35.213,12.511,N/A,N/A
288,75691.636838,75691.671572,75691.672101,75691.673998,75691.687973,75691.688031,,STEADY_TRACKING,34.734,13.975,N/A,N/A
289,75691.668981,75691.703923,75691.704417,75691.705616,75691.726132,75691.726227,,STEADY_TRACKING,34.942,20.516,N/A,N/A
290,75691.700879,75691.751729,75691.752171,75691.753433,75691.774719,75691.774804,,STEADY_TRACKING,50.85,21.286,N/A,N/A
291,75691.748728,75691.783775,75691.784728,75691.786307,75691.807781,75691.807866,NEXT,STEADY_TRACKING,35.047,21.474,59.185,23.185
292,75691.780868,75691.815443,75691.81597,75691.81723,75691.839733,75691.839883,,STEADY_TRACKING,34.575,22.504,N/A,N/A
293,75691.812748,75691.847991,75691.848465,75691.849792,75691.873689,75691.874063,,STEADY_TRACKING,35.243,23.897,N/A,N/A
294,75691.84484,75691.879785,75691.8804,75691.882862,75691.904994,75691.905105,,STEADY_TRACKING,34.945,22.132,N/A,N/A
295,75691.876847,75691.911596,75691.912099,75691.913603,75691.939157,75691.939251,,STEADY_TRACKING,34.749,25.553,N/A,N/A
296,75691.908775,75691.94427,75691.944949,75691.946428,75691.969564,75691.969676,,STEADY_TRACKING,35.495,23.136,N/A,N/A
297,75691.940806,75691.975588,75691.976069,75691.977386,75691.998243,75691.998392,,STEADY_TRACKING,34.782,20.857,N/A,N/A
298,75691.972784,75692.007895,75692.008402,75692.009572,75692.036004,75692.036156,,STEADY_TRACKING,35.111,26.431,N/A,N/A
299,75692.004905,75692.040021,75692.040806,75692.042434,75692.063902,75692.063996,,STEADY_TRACKING,35.116,21.468,N/A,N/A
300,75692.036864,75692.071378,75692.071837,75692.073038,75692.095035,75692.095601,,STEADY_TRACKING,34.514,21.997,N/A,N/A
301,75692.068832,75692.103865,75692.104413,75692.105574,75692.130862,75692.130971,,STEADY_TRACKING,35.033,25.287,N/A,N/A
302,75692.100809,75692.151886,75692.152505,75692.153802,75692.164281,75692.164406,,STEADY_TRACKING,51.077,10.479,N/A,N/A
303,75692.148834,75692.183663,75692.184257,75692.186511,75692.202357,75692.202397,,STEADY_TRACKING,34.829,15.846,N/A,N/A
304,75692.180815,75692.215975,75692.216604,75692.218008,75692.235383,75692.235459,,STEADY_TRACKING,35.16,17.376,N/A,N/A
305,75692.212734,75692.247778,75692.248671,75692.250129,75692.262252,75692.26232,,STEADY_TRACKING,35.044,12.122,N/A,N/A
306,75692.244829,75692.279734,75692.2802,75692.281426,75692.293685,75692.293738,,STEADY_TRACKING,34.905,12.259,N/A,N/A
307,75692.276759,75692.311648,75692.312176,75692.31336,75692.326918,75692.326997,,STEADY_TRACKING,34.889,13.557,N/A,N/A
308,75692.308782,75692.343862,75692.344854,75692.346725,75692.357721,75692.357809,,STEADY_TRACKING,35.081,10.995,N/A,N/A
309,75692.340989,75692.375416,75692.375903,75692.377022,75692.389462,75692.3895,,STEADY_TRACKING,34.427,12.439,N/A,N/A
310,75692.372835,75692.408289,75692.40903,75692.410184,75692.422527,75692.422588,,STEADY_TRACKING,35.454,12.343,N/A,N/A
311,75692.404933,75692.439619,75692.440118,75692.441609,75692.454063,75692.454112,,STEADY_TRACKING,34.686,12.453,N/A,N/A
312,75692.436957,75692.472162,75692.472627,75692.4737,75692.486852,75692.486904,,STEADY_TRACKING,35.205,13.153,N/A,N/A
313,75692.468834,75692.503889,75692.50472,75692.506234,75692.518784,75692.518849,,STEADY_TRACKING,35.055,12.55,N/A,N/A
314,75692.500906,75692.5518,75692.552517,75692.554431,75692.565259,75692.56531,,STEADY_TRACKING,50.894,10.827,N/A,N/A
315,75692.548822,75692.583374,75692.583864,75692.584964,75692.59665,75692.596689,,STEADY_TRACKING,34.552,11.686,N/A,N/A
316,75692.580773,75692.616298,75692.616949,75692.618088,75692.630743,75692.630776,,STEADY_TRACKING,35.525,12.655,N/A,N/A
317,75692.612923,75692.647563,75692.648083,75692.649829,75692.661422,75692.661476,,STEADY_TRACKING,34.64,11.592,N/A,N/A
318,75692.644935,75692.679843,75692.680306,75692.681666,75692.69583,75692.695885,,STEADY_TRACKING,34.907,14.164,N/A,N/A
319,75692.676748,75692.711911,75692.712754,75692.714164,75692.725509,75692.725614,,STEADY_TRACKING,35.163,11.346,N/A,N/A
320,75692.708882,75692.743508,75692.743995,75692.745094,75692.757431,75692.757477,,STEADY_TRACKING,34.626,12.337,N/A,N/A
321,75692.740838,75692.776085,75692.776588,75692.777744,75692.792919,75692.792953,,STEADY_TRACKING,35.247,15.175,N/A,N/A
322,75692.772891,75692.807473,75692.808002,75692.809757,75692.825155,75692.825219,,STEADY_TRACKING,34.582,15.399,N/A,N/A
323,75692.804865,75692.839843,75692.840316,75692.841477,75692.856693,75692.856748,,STEADY_TRACKING,34.978,15.216,N/A,N/A
324,75692.836817,75692.871844,75692.872783,75692.874237,75692.886746,75692.886826,,STEADY_TRACKING,35.027,12.51,N/A,N/A
325,75692.868789,75692.903711,75692.904257,75692.906359,75692.934419,75692.934569,,STEADY_TRACKING,34.922,28.06,N/A,N/A
326,75692.90092,75692.951415,75692.952145,75692.953878,75692.984781,75692.984882,,STEADY_TRACKING,50.495,30.904,N/A,N/A
327,75692.948717,75692.983947,75692.984475,75692.985883,75693.011083,75693.011214,,STEADY_TRACKING,35.23,25.2,N/A,N/A
328,75692.980719,75693.015772,75693.016541,75693.018319,75693.040151,75693.040247,NEXT,STEADY_TRACKING,35.053,21.832,59.573,23.751
329,75693.012907,75693.047668,75693.048212,75693.049532,75693.071805,75693.071994,,STEADY_TRACKING,34.761,22.273,N/A,N/A
330,75693.044736,75693.080451,75693.080909,75693.082133,75693.104654,75693.104749,,STEADY_TRACKING,35.715,22.521,N/A,N/A
331,75693.076889,75693.111798,75693.112408,75693.114497,75693.137769,75693.137867,,STEADY_TRACKING,34.909,23.272,N/A,N/A
332,75693.108956,75693.143746,75693.144238,75693.145612,75693.171399,75693.171496,,STEADY_TRACKING,34.79,25.788,N/A,N/A
333,75693.140793,75693.176226,75693.176943,75693.178436,75693.202011,75693.202103,,STEADY_TRACKING,35.434,23.575,N/A,N/A
334,75693.172934,75693.207499,75693.207968,75693.209213,75693.232564,75693.232677,,STEADY_TRACKING,34.565,23.351,N/A,N/A
335,75693.204806,75693.239997,75693.240521,75693.241745,75693.263072,75693.263158,,STEADY_TRACKING,35.191,21.328,N/A,N/A
336,75693.236837,75693.27181,75693.272884,75693.274933,75693.296544,75693.296637,,STEADY_TRACKING,34.973,21.61,N/A,N/A
337,75693.269004,75693.303873,75693.30447,75693.305772,75693.329814,75693.329858,,STEADY_TRACKING,34.869,24.042,N/A,N/A
338,75693.300811,75693.351426,75693.35195,75693.353302,75693.366204,75693.366246,,STEADY_TRACKING,50.615,12.902,N/A,N/A
339,75693.348716,75693.383832,75693.384787,75693.386595,75693.399365,75693.399418,,STEADY_TRACKING,35.116,12.77,N/A,N/A
340,75693.380798,75693.415543,75693.416076,75693.41789,75693.430059,75693.430093,,STEADY_TRACKING,34.745,12.169,N/A,N/A
341,75693.412787,75693.448207,75693.448718,75693.449847,75693.46205,75693.462094,,STEADY_TRACKING,35.42,12.203,N/A,N/A
342,75693.444965,75693.479862,75693.480737,75693.482365,75693.495635,75693.495678,,STEADY_TRACKING,34.897,13.27,N/A,N/A
343,75693.476791,75693.511491,75693.511983,75693.513557,75693.525661,75693.525748,,STEADY_TRACKING,34.7,12.104,N/A,N/A
344,75693.508763,75693.544519,75693.545028,75693.546259,75693.559598,75693.559638,,STEADY_TRACKING,35.756,13.339,N/A,N/A
345,75693.540874,75693.575625,75693.576186,75693.578044,75693.589583,75693.589619,,STEADY_TRACKING,34.751,11.538,N/A,N/A
346,75693.572853,75693.607993,75693.60848,75693.609935,75693.624933,75693.625001,,STEADY_TRACKING,35.14,14.999,N/A,N/A
347,75693.604898,75693.640186,75693.640812,75693.642039,75693.652905,75693.653,,STEADY_TRACKING,35.288,10.866,N/A,N/A
348,75693.636819,75693.671666,75693.672175,75693.67332,75693.685717,75693.685757,,STEADY_TRACKING,34.847,12.397,N/A,N/A
349,75693.668795,75693.704135,75693.70464,75693.705901,75693.717687,75693.71773,,STEADY_TRACKING,35.34,11.786,N/A,N/A
350,75693.700997,75693.751843,75693.752314,75693.753435,75693.766863,75693.766952,,STEADY_TRACKING,50.846,13.428,N/A,N/A
351,75693.748938,75693.783441,75693.783994,75693.786044,75693.797087,75693.797128,,STEADY_TRACKING,34.502,11.043,N/A,N/A
352,75693.78073,75693.815853,75693.816388,75693.817486,75693.830751,75693.830798,,STEADY_TRACKING,35.123,13.265,N/A,N/A
353,75693.812731,75693.847696,75693.848424,75693.85,75693.861527,75693.861624,,STEADY_TRACKING,34.965,11.526,N/A,N/A
354,75693.844719,75693.879469,75693.879979,75693.882015,75693.894008,75693.89405,,STEADY_TRACKING,34.75,11.993,N/A,N/A
355,75693.876768,75693.912212,75693.912716,75693.914057,75693.927951,75693.928019,,STEADY_TRACKING,35.444,13.893,N/A,N/A
356,75693.908836,75693.943751,75693.944641,75693.946186,75693.958663,75693.958753,,STEADY_TRACKING,34.915,12.477,N/A,N/A
357,75693.940797,75693.97593,75693.976531,75693.978087,75693.993771,75693.993846,,STEADY_TRACKING,35.133,15.684,N/A,N/A
358,75693.972843,75694.009162,75694.009819,75694.011494,75694.031742,75694.031815,,STEADY_TRACKING,36.319,20.248,N/A,N/A
359,75694.004821,75694.039805,75694.040308,75694.0422,75694.057416,75694.057462,,STEADY_TRACKING,34.984,15.215,N/A,N/A
360,75694.036792,75694.072504,75694.073093,75694.07487,75694.091105,75694.091185,,STEADY_TRACKING,35.712,16.235,N/A,N/A
361,75694.068905,75694.104211,75694.104788,75694.10647,75694.140684,75694.140878,,STEADY_TRACKING,35.306,34.213,N/A,N/A
362,75694.100854,75694.152168,75694.152958,75694.15482,75694.185987,75694.186153,,STEADY_TRACKING,51.314,31.168,N/A,N/A
363,75694.148727,75694.184896,75694.185499,75694.187964,75694.218161,75694.218312,,STEADY_TRACKING,36.169,30.197,N/A,N/A
364,75694.180742,75694.216605,75694.217205,75694.219193,75694.250731,75694.250908,NEXT,STEADY_TRACKING,35.863,31.538,70.342,33.879
365,75694.212748,75694.248664,75694.249632,75694.25165,75694.281042,75694.281209,,STEADY_TRACKING,35.916,29.392,N/A,N/A
366,75694.244737,75694.280817,75694.281561,75694.28351,75694.314636,75694.314749,,STEADY_TRACKING,36.08,31.125,N/A,N/A
367,75694.276898,75694.312326,75694.312949,75694.314817,75694.336689,75694.336775,,STEADY_TRACKING,35.428,21.872,N/A,N/A
368,75694.308797,75694.343459,75694.343956,75694.345957,75694.36971,75694.369799,,STEADY_TRACKING,34.662,23.753,N/A,N/A
369,75694.340818,75694.37616,75694.376638,75694.377931,75694.400114,75694.400203,,STEADY_TRACKING,35.342,22.182,N/A,N/A
370,75694.372895,75694.407727,75694.408613,75694.410335,75694.439269,75694.439402,,STEADY_TRACKING,34.832,28.934,N/A,N/A
371,75694.404911,75694.440261,75694.440949,75694.442962,75694.481638,75694.481805,,STEADY_TRACKING,35.35,38.676,N/A,N/A
372,75694.436822,75694.473095,75694.473783,75694.475859,75694.515769,75694.515923,,STEADY_TRACKING,36.273,39.91,N/A,N/A
373,75694.468814,75694.50396,75694.504637,75694.507305,75694.547945,75694.548044,,STEADY_TRACKING,35.146,40.639,N/A,N/A
374,75694.500921,75694.536419,75694.537025,75694.5384,75694.565823,75694.565888,,STEADY_TRACKING,35.498,27.423,N/A,N/A
375,75694.548695,75694.583816,75694.584369,75694.585652,75694.598443,75694.598485,,STEADY_TRACKING,35.121,12.791,N/A,N/A
376,75694.580713,75694.615732,75694.6165,75694.618108,75694.633807,75694.633868,,STEADY_TRACKING,35.019,15.699,N/A,N/A
377,75694.612717,75694.647375,75694.647927,75694.649091,75694.662045,75694.662106,,STEADY_TRACKING,34.658,12.954,N/A,N/A
378,75694.644728,75694.679608,75694.680096,75694.681234,75694.693008,75694.693063,,STEADY_TRACKING,34.88,11.774,N/A,N/A
379,75694.676751,75694.711563,75694.712129,75694.714002,75694.727291,75694.727347,,STEADY_TRACKING,34.812,13.289,N/A,N/A
380,75694.708883,75694.743737,75694.744229,75694.745406,75694.758271,75694.758337,,STEADY_TRACKING,34.854,12.864,N/A,N/A
381,75694.740777,75694.776045,75694.77658,75694.777761,75694.789175,75694.78926,,STEADY_TRACKING,35.268,11.414,N/A,N/A
382,75694.772782,75694.807509,75694.808107,75694.809789,75694.821452,75694.821507,,STEADY_TRACKING,34.727,11.663,N/A,N/A
383,75694.804778,75694.839607,75694.84008,75694.841293,75694.854276,75694.854335,,STEADY_TRACKING,34.829,12.983,N/A,N/A
384,75694.836857,75694.871612,75694.872748,75694.874133,75694.886592,75694.886655,,STEADY_TRACKING,34.755,12.46,N/A,N/A
385,75694.868779,75694.903494,75694.903937,75694.905011,75694.918918,75694.918972,,STEADY_TRACKING,34.715,13.908,N/A,N/A
386,75694.900797,75694.935682,75694.936216,75694.937407,75694.952833,75694.952884,,STEADY_TRACKING,34.885,15.426,N/A,N/A
387,75694.948687,75694.983653,75694.984104,75694.98587,75694.998052,75694.99811,,STEADY_TRACKING,34.966,12.182,N/A,N/A
388,75694.980849,75695.015814,75695.016275,75695.018166,75695.030164,75695.030211,,STEADY_TRACKING,34.965,11.997,N/A,N/A
389,75695.012718,75695.047897,75695.048386,75695.049551,75695.061575,75695.061641,,STEADY_TRACKING,35.179,12.024,N/A,N/A
390,75695.044803,75695.079668,75695.080591,75695.081909,75695.095884,75695.09596,,STEADY_TRACKING,34.865,13.975,N/A,N/A
391,75695.076777,75695.111549,75695.112019,75695.113216,75695.125996,75695.126053,,STEADY_TRACKING,34.772,12.78,N/A,N/A
392,75695.108768,75695.14402,75695.144537,75695.146367,75695.159202,75695.159279,,STEADY_TRACKING,35.252,12.835,N/A,N/A
393,75695.140811,75695.175743,75695.176759,75695.178483,75695.193494,75695.193544,,STEADY_TRACKING,34.932,15.011,N/A,N/A
394,75695.172829,75695.207677,75695.208435,75695.209916,75695.223772,75695.223818,,STEADY_TRACKING,34.848,13.855,N/A,N/A
395,75695.204825,75695.240026,75695.240736,75695.242149,75695.255661,75695.255735,,STEADY_TRACKING,35.201,13.513,N/A,N/A
396,75695.236815,75695.271533,75695.272249,75695.274302,75695.290202,75695.290277,,STEADY_TRACKING,34.718,15.899,N/A,N/A
397,75695.268843,75695.304053,75695.30456,75695.30614,75695.331571,75695.331714,,STEADY_TRACKING,35.21,25.432,N/A,N/A
398,75695.300841,75695.336069,75695.336898,75695.338659,75695.366259,75695.36641,,STEADY_TRACKING,35.228,27.6,N/A,N/A
399,75695.348681,75695.383465,75695.38435,75695.386315,75695.409777,75695.409964,,STEADY_TRACKING,34.784,23.463,N/A,N/A
400,75695.38071,75695.41547,75695.415912,75695.417179,75695.438873,75695.439075,NEXT,STEADY_TRACKING,34.76,21.695,58.443,23.241
401,75695.412725,75695.447719,75695.44834,75695.449707,75695.472959,75695.473077,,STEADY_TRACKING,34.994,23.252,N/A,N/A
402,75695.444742,75695.479593,75695.48007,75695.482493,75695.505614,75695.505711,,STEADY_TRACKING,34.851,23.121,N/A,N/A
403,75695.476753,75695.512156,75695.512795,75695.51421,75695.539854,75695.540005,,STEADY_TRACKING,35.403,25.644,N/A,N/A
404,75695.5088,75695.544345,75695.544958,75695.546455,75695.570052,75695.570196,,STEADY_TRACKING,35.545,23.597,N/A,N/A
405,75695.540821,75695.575723,75695.576213,75695.577627,75695.601643,75695.601741,,STEADY_TRACKING,34.902,24.016,N/A,N/A
406,75695.572845,75695.607868,75695.608413,75695.609718,75695.636601,75695.636693,,STEADY_TRACKING,35.023,26.883,N/A,N/A
407,75695.604874,75695.639632,75695.640223,75695.642522,75695.665506,75695.6656,,STEADY_TRACKING,34.758,22.985,N/A,N/A
408,75695.636793,75695.671668,75695.672165,75695.673462,75695.695335,75695.695522,,STEADY_TRACKING,34.875,21.874,N/A,N/A
409,75695.668812,75695.704372,75695.704892,75695.706465,75695.732956,75695.733009,,STEADY_TRACKING,35.56,26.491,N/A,N/A
410,75695.700922,75695.735775,75695.736281,75695.73814,75695.751301,75695.751391,,STEADY_TRACKING,34.853,13.161,N/A,N/A
411,75695.748728,75695.783303,75695.783813,75695.785055,75695.798429,75695.798499,,STEADY_TRACKING,34.575,13.375,N/A,N/A
412,75695.780709,75695.815866,75695.816317,75695.817611,75695.831458,75695.831499,,STEADY_TRACKING,35.157,13.847,N/A,N/A
413,75695.812758,75695.848477,75695.849281,75695.851183,75695.863917,75695.863959,,STEADY_TRACKING,35.719,12.735,N/A,N/A
414,75695.844785,75695.879662,75695.880194,75695.881389,75695.893049,75695.893088,,STEADY_TRACKING,34.877,11.66,N/A,N/A
415,75695.876775,75695.912003,75695.912503,75695.913876,75695.925648,75695.925696,,STEADY_TRACKING,35.228,11.772,N/A,N/A
416,75695.908908,75695.943428,75695.943991,75695.945746,75695.957156,75695.957191,,STEADY_TRACKING,34.52,11.41,N/A,N/A
417,75695.940762,75695.975903,75695.976414,75695.977971,75695.992699,75695.992749,,STEADY_TRACKING,35.141,14.727,N/A,N/A
418,75695.972783,75696.0081,75696.009117,75696.010777,75696.026089,75696.026143,,STEADY_TRACKING,35.317,15.312,N/A,N/A
419,75696.004818,75696.039983,75696.040496,75696.041995,75696.055178,75696.05522,,STEADY_TRACKING,35.165,13.183,N/A,N/A
420,75696.036806,75696.072807,75696.073345,75696.074735,75696.088388,75696.088427,,STEADY_TRACKING,36.001,13.653,N/A,N/A
421,75696.068852,75696.10364,75696.104307,75696.106423,75696.117755,75696.117844,,STEADY_TRACKING,34.788,11.332,N/A,N/A
422,75696.100922,75696.135536,75696.136024,75696.137243,75696.148996,75696.149032,,STEADY_TRACKING,34.614,11.752,N/A,N/A
423,75696.148699,75696.183627,75696.184069,75696.185295,75696.197364,75696.1974,,STEADY_TRACKING,34.928,12.069,N/A,N/A
424,75696.180727,75696.215934,75696.216513,75696.217925,75696.228401,75696.22854,,STEADY_TRACKING,35.207,10.477,N/A,N/A
425,75696.212734,75696.247578,75696.248034,75696.249458,75696.262085,75696.262121,,STEADY_TRACKING,34.844,12.627,N/A,N/A
426,75696.24484,75696.280266,75696.280816,75696.282269,75696.294691,75696.294728,,STEADY_TRACKING,35.426,12.422,N/A,N/A
427,75696.276831,75696.311758,75696.312551,75696.314259,75696.327534,75696.327577,,STEADY_TRACKING,34.927,13.274,N/A,N/A
428,75696.308846,75696.344129,75696.344681,75696.346107,75696.361805,75696.36188,,STEADY_TRACKING,35.283,15.698,N/A,N/A
429,75696.340782,75696.376536,75696.377187,75696.378616,75696.392617,75696.392678,,STEADY_TRACKING,35.754,14.001,N/A,N/A
430,75696.372828,75696.407601,75696.408159,75696.410237,75696.428787,75696.428839,,STEADY_TRACKING,34.773,18.551,N/A,N/A
431,75696.404758,75696.440924,75696.441659,75696.444814,75696.47062,75696.470687,,STEADY_TRACKING,36.166,25.806,N/A,N/A
432,75696.436846,75696.473773,75696.474516,75696.476399,75696.495807,75696.495868,,STEADY_TRACKING,36.927,19.408,N/A,N/A
433,75696.468921,75696.503656,75696.50415,75696.505939,75696.550028,75696.550161,,STEADY_TRACKING,34.735,44.089,N/A,N/A
434,75696.500812,75696.537063,75696.537738,75696.539596,75696.574587,75696.574708,,STEADY_TRACKING,36.251,34.991,N/A,N/A
435,75696.5487,75696.583798,75696.584279,75696.585556,75696.607452,75696.607535,,STEADY_TRACKING,35.098,21.896,N/A,N/A
436,75696.580739,75696.615497,75696.615998,75696.617952,75696.639941,75696.640031,NEXT,STEADY_TRACKING,34.758,21.989,59.341,24.082
437,75696.612774,75696.64744,75696.647942,75696.649359,75696.673286,75696.673418,,STEADY_TRACKING,34.666,23.927,N/A,N/A
438,75696.644773,75696.680194,75696.680867,75696.682593,75696.709323,75696.709469,,STEADY_TRACKING,35.421,26.731,N/A,N/A
439,75696.676787,75696.711762,75696.712268,75696.713986,75696.738086,75696.738176,,STEADY_TRACKING,34.975,24.1,N/A,N/A
440,75696.708784,75696.743796,75696.744316,75696.74577,75696.769387,75696.769549,,STEADY_TRACKING,35.012,23.617,N/A,N/A
441,75696.740798,75696.776172,75696.777031,75696.778842,75696.807877,75696.808018,,STEADY_TRACKING,35.374,29.036,N/A,N/A
442,75696.772765,75696.807936,75696.80858,75696.810306,75696.835047,75696.835145,,STEADY_TRACKING,35.171,24.741,N/A,N/A
443,75696.804832,75696.840468,75696.840974,75696.842532,75696.867151,75696.867304,,STEADY_TRACKING,35.636,24.62,N/A,N/A
444,75696.8368,75696.87149,75696.871953,75696.873752,75696.896588,75696.896749,,STEADY_TRACKING,34.69,22.836,N/A,N/A
445,75696.868808,75696.903715,75696.904203,75696.905331,75696.927198,75696.927239,,STEADY_TRACKING,34.907,21.867,N/A,N/A
446,75696.900817,75696.936015,75696.936672,75696.938145,75696.948758,75696.948847,,STEADY_TRACKING,35.198,10.614,N/A,N/A
447,75696.9487,75696.983803,75696.98474,75696.986276,75696.998175,75696.998263,,STEADY_TRACKING,35.103,11.899,N/A,N/A
448,75696.980829,75697.015705,75697.016266,75697.017484,75697.029433,75697.029471,,STEADY_TRACKING,34.876,11.949,N/A,N/A
449,75697.012754,75697.04794,75697.048467,75697.049971,75697.065916,75697.065988,,STEADY_TRACKING,35.186,15.945,N/A,N/A
450,75697.044938,75697.079731,75697.080218,75697.082181,75697.09347,75697.093525,,STEADY_TRACKING,34.793,11.29,N/A,N/A
451,75697.076765,75697.111693,75697.112212,75697.113355,75697.125682,75697.125737,,STEADY_TRACKING,34.928,12.327,N/A,N/A
452,75697.108767,75697.143866,75697.144554,75697.146205,75697.161294,75697.161354,,STEADY_TRACKING,35.099,15.089,N/A,N/A
453,75697.140852,75697.175816,75697.176451,75697.178384,75697.193879,75697.193957,,STEADY_TRACKING,34.964,15.495,N/A,N/A
454,75697.172781,75697.208716,75697.209292,75697.210574,75697.223764,75697.223829,,STEADY_TRACKING,35.935,13.19,N/A,N/A
455,75697.204822,75697.240291,75697.240967,75697.242978,75697.258853,75697.258902,,STEADY_TRACKING,35.469,15.875,N/A,N/A
456,75697.236838,75697.271757,75697.272229,75697.273465,75697.286521,75697.286565,,STEADY_TRACKING,34.919,13.056,N/A,N/A
457,75697.268853,75697.303977,75697.304468,75697.305633,75697.316476,75697.316563,,STEADY_TRACKING,35.124,10.843,N/A,N/A
458,75697.300797,75697.335551,75697.336396,75697.338232,75697.349215,75697.349272,,STEADY_TRACKING,34.754,10.982,N/A,N/A
459,75697.348721,75697.383432,75697.383975,75697.385485,75697.396817,75697.396875,,STEADY_TRACKING,34.711,11.332,N/A,N/A
460,75697.380723,75697.416143,75697.41703,75697.418325,75697.431848,75697.43193,,STEADY_TRACKING,35.42,13.523,N/A,N/A
461,75697.412786,75697.448561,75697.449325,75697.451206,75697.472128,75697.472199,,STEADY_TRACKING,35.775,20.922,N/A,N/A
462,75697.444746,75697.480096,75697.480734,75697.482715,75697.499424,75697.499481,,STEADY_TRACKING,35.35,16.709,N/A,N/A
463,75697.476797,75697.512272,75697.512849,75697.514495,75697.533778,75697.533866,,STEADY_TRACKING,35.475,19.284,N/A,N/A
464,75697.508815,75697.544774,75697.545638,75697.547368,75697.561695,75697.561757,,STEADY_TRACKING,35.96,14.327,N/A,N/A
465,75697.540767,75697.575965,75697.57647,75697.578003,75697.592729,75697.592834,,STEADY_TRACKING,35.198,14.726,N/A,N/A
466,75697.572846,75697.608085,75697.608726,75697.610069,75697.623853,75697.623927,,STEADY_TRACKING,35.239,13.784,N/A,N/A
467,75697.604817,75697.639529,75697.640081,75697.642103,75697.654399,75697.654465,,STEADY_TRACKING,34.712,12.296,N/A,N/A
468,75697.636784,75697.672095,75697.672645,75697.673941,75697.687316,75697.687361,,STEADY_TRACKING,35.311,13.375,N/A,N/A
469,75697.668896,75697.704386,75697.705099,75697.706753,75697.730342,75697.73047,,STEADY_TRACKING,35.49,23.589,N/A,N/A
470,75697.700838,75697.735861,75697.736408,75697.737895,75697.761619,75697.761774,,STEADY_TRACKING,35.023,23.724,N/A,N/A
471,75697.732878,75697.783911,75697.784536,75697.786067,75697.811375,75697.811526,NEXT,STEADY_TRACKING,51.033,25.309,78.725,27.067
472,75697.780758,75697.816172,75697.816735,75697.818183,75697.843002,75697.843176,,STEADY_TRACKING,35.415,24.819,N/A,N/A
473,75697.81274,75697.8476,75697.848104,75697.849908,75697.874399,75697.874515,,STEADY_TRACKING,34.86,24.492,N/A,N/A
474,75697.844775,75697.880406,75697.880932,75697.882374,75697.910045,75697.910152,,STEADY_TRACKING,35.631,27.671,N/A,N/A
475,75697.876796,75697.911861,75697.912622,75697.914494,75697.93808,75697.9382,,STEADY_TRACKING,35.065,23.586,N/A,N/A
476,75697.908782,75697.943434,75697.943892,75697.945194,75697.968803,75697.96898,,STEADY_TRACKING,34.652,23.61,N/A,N/A
477,75697.940793,75697.975699,75697.976166,75697.977688,75698.003598,75698.003711,,STEADY_TRACKING,34.906,25.911,N/A,N/A
478,75697.972797,75698.007744,75698.008598,75698.01061,75698.03542,75698.035569,,STEADY_TRACKING,34.947,24.81,N/A,N/A
479,75698.004785,75698.039894,75698.040418,75698.04175,75698.073685,75698.073833,,STEADY_TRACKING,35.109,31.935,N/A,N/A
480,75698.037062,75698.071937,75698.072505,75698.074372,75698.098526,75698.098682,,STEADY_TRACKING,34.875,24.154,N/A,N/A
481,75698.068831,75698.103653,75698.104204,75698.105966,75698.130997,75698.131039,,STEADY_TRACKING,34.822,25.031,N/A,N/A
482,75698.100821,75698.136269,75698.136853,75698.138613,75698.152028,75698.152071,,STEADY_TRACKING,35.448,13.415,N/A,N/A
483,75698.132858,75698.183683,75698.184257,75698.185735,75698.197718,75698.197754,,STEADY_TRACKING,50.825,11.983,N/A,N/A
484,75698.180727,75698.215479,75698.216427,75698.21828,75698.235943,75698.235979,,STEADY_TRACKING,34.752,17.663,N/A,N/A
485,75698.212732,75698.247616,75698.248118,75698.249563,75698.262714,75698.262752,,STEADY_TRACKING,34.884,13.151,N/A,N/A
486,75698.244752,75698.279937,75698.280509,75698.281753,75698.294918,75698.294961,,STEADY_TRACKING,35.185,13.165,N/A,N/A
487,75698.276748,75698.311368,75698.311852,75698.313339,75698.326955,75698.327037,,STEADY_TRACKING,34.62,13.616,N/A,N/A
488,75698.308746,75698.343803,75698.344271,75698.345427,75698.357007,75698.357045,,STEADY_TRACKING,35.057,11.58,N/A,N/A
489,75698.340759,75698.376079,75698.376711,75698.378159,75698.391057,75698.391113,,STEADY_TRACKING,35.32,12.898,N/A,N/A
490,75698.372769,75698.407513,75698.407981,75698.410855,75698.421611,75698.421651,,STEADY_TRACKING,34.744,10.756,N/A,N/A
491,75698.404804,75698.439927,75698.44048,75698.441753,75698.453289,75698.453332,,STEADY_TRACKING,35.123,11.536,N/A,N/A
492,75698.436837,75698.471528,75698.472368,75698.47416,75698.484855,75698.48489,,STEADY_TRACKING,34.691,10.695,N/A,N/A
493,75698.468825,75698.503421,75698.504004,75698.505291,75698.517592,75698.517633,,STEADY_TRACKING,34.596,12.3,N/A,N/A
494,75698.50082,75698.536012,75698.536598,75698.537848,75698.550376,75698.550418,,STEADY_TRACKING,35.192,12.528,N/A,N/A
495,75698.532996,75698.583512,75698.584222,75698.585904,75698.599551,75698.599585,,STEADY_TRACKING,50.516,13.647,N/A,N/A
496,75698.580728,75698.615457,75698.61596,75698.617073,75698.628732,75698.628773,,STEADY_TRACKING,34.729,11.659,N/A,N/A
497,75698.612735,75698.647873,75698.64848,75698.649847,75698.661924,75698.661968,,STEADY_TRACKING,35.138,12.077,N/A,N/A
498,75698.644929,75698.679331,75698.680446,75698.681954,75698.692701,75698.692746,,STEADY_TRACKING,34.402,10.747,N/A,N/A
499,75698.676732,75698.711894,75698.712395,75698.713558,75698.724917,75698.724962,,STEADY_TRACKING,35.162,11.359,N/A,N/A
500,75698.708763,75698.743815,75698.744351,75698.745604,75698.757999,75698.758066,,STEADY_TRACKING,35.052,12.395,N/A,N/A
501,75698.740857,75698.775537,75698.776026,75698.77787,75698.789376,75698.789431,,STEADY_TRACKING,34.68,11.506,N/A,N/A
502,75698.772827,75698.807774,75698.808355,75698.809548,75698.822447,75698.82251,,STEADY_TRACKING,34.947,12.898,N/A,N/A
503,75698.804799,75698.840007,75698.840591,75698.841999,75698.856047,75698.856104,,STEADY_TRACKING,35.208,14.048,N/A,N/A
504,75698.836804,75698.871948,75698.872522,75698.875163,75698.888645,75698.888723,,STEADY_TRACKING,35.144,13.482,N/A,N/A
505,75698.868864,75698.904079,75698.904664,75698.906256,75698.930758,75698.930979,,STEADY_TRACKING,35.215,24.501,N/A,N/A
506,75698.900826,75698.935572,75698.936535,75698.938524,75698.961308,75698.961424,,STEADY_TRACKING,34.746,22.784,N/A,N/A
507,75698.93282,75698.983702,75698.984212,75698.986361,75699.01062,75699.010714,,STEADY_TRACKING,50.882,24.26,N/A,N/A
508,75698.980732,75699.015681,75699.016227,75699.017528,75699.043814,75699.043951,NEXT,STEADY_TRACKING,34.949,26.286,63.284,27.788
509,75699.012762,75699.047894,75699.048547,75699.050251,75699.078712,75699.078818,,STEADY_TRACKING,35.132,28.461,N/A,N/A
510,75699.044753,75699.079949,75699.080506,75699.082419,75699.112913,75699.113049,,STEADY_TRACKING,35.196,30.494,N/A,N/A
511,75699.076759,75699.112482,75699.113106,75699.114473,75699.138011,75699.138168,,STEADY_TRACKING,35.723,23.538,N/A,N/A
512,75699.108808,75699.143632,75699.144507,75699.146357,75699.170253,75699.170404,,STEADY_TRACKING,34.824,23.895,N/A,N/A
513,75699.140758,75699.176275,75699.176872,75699.178648,75699.203867,75699.204086,,STEADY_TRACKING,35.517,25.218,N/A,N/A
514,75699.172855,75699.208619,75699.209284,75699.210754,75699.243603,75699.243696,,STEADY_TRACKING,35.764,32.849,N/A,N/A
515,75699.204815,75699.240025,75699.240675,75699.242945,75699.267565,75699.267703,,STEADY_TRACKING,35.21,24.619,N/A,N/A
516,75699.23684,75699.272285,75699.272874,75699.274434,75699.299277,75699.299389,,STEADY_TRACKING,35.445,24.843,N/A,N/A
517,75699.268878,75699.304163,75699.304865,75699.306167,75699.330916,75699.331014,,STEADY_TRACKING,35.285,24.749,N/A,N/A
518,75699.300931,75699.335651,75699.336137,75699.337282,75699.352414,75699.352501,,STEADY_TRACKING,34.72,15.132,N/A,N/A
519,75699.33283,75699.38341,75699.383896,75699.385088,75699.396579,75699.396638,,STEADY_TRACKING,50.58,11.491,N/A,N/A
520,75699.380759,75699.416011,75699.416895,75699.418149,75699.430247,75699.43032,,STEADY_TRACKING,35.252,12.098,N/A,N/A
521,75699.412914,75699.447485,75699.447967,75699.44964,75699.462047,75699.462159,,STEADY_TRACKING,34.571,12.406,N/A,N/A
522,75699.44483,75699.479575,75699.48002,75699.481142,75699.493316,75699.493362,,STEADY_TRACKING,34.745,12.174,N/A,N/A
523,75699.476744,75699.51204,75699.512696,75699.513947,75699.527159,75699.527219,,STEADY_TRACKING,35.296,13.212,N/A,N/A
524,75699.508762,75699.544278,75699.544912,75699.547024,75699.560655,75699.560722,,STEADY_TRACKING,35.516,13.631,N/A,N/A
525,75699.540778,75699.575853,75699.576343,75699.577763,75699.590491,75699.590529,,STEADY_TRACKING,35.075,12.728,N/A,N/A
526,75699.572854,75699.60802,75699.608856,75699.610358,75699.625483,75699.62557,,STEADY_TRACKING,35.166,15.125,N/A,N/A
527,75699.604811,75699.640667,75699.64119,75699.643017,75699.65536,75699.655418,,STEADY_TRACKING,35.856,12.343,N/A,N/A
528,75699.636902,75699.672854,75699.673437,75699.675193,75699.692972,75699.693009,,STEADY_TRACKING,35.952,17.779,N/A,N/A
529,75699.668879,75699.704065,75699.704915,75699.706925,75699.721047,75699.721084,,STEADY_TRACKING,35.186,14.122,N/A,N/A
530,75699.700824,75699.736165,75699.736666,75699.738058,75699.750949,75699.750988,,STEADY_TRACKING,35.341,12.892,N/A,N/A
531,75699.732825,75699.78356,75699.784082,75699.785728,75699.798676,75699.798713,,STEADY_TRACKING,50.735,12.948,N/A,N/A
532,75699.780752,75699.816989,75699.818116,75699.820783,75699.854383,75699.854435,,STEADY_TRACKING,36.237,33.6,N/A,N/A
533,75699.812725,75699.849752,75699.850735,75699.85301,75699.888583,75699.888632,,STEADY_TRACKING,37.027,35.573,N/A,N/A
534,75699.844776,75699.880968,75699.881591,75699.883347,75699.901088,75699.901125,,STEADY_TRACKING,36.192,17.741,N/A,N/A
535,75699.876805,75699.911505,75699.912112,75699.914254,75699.930229,75699.930285,,STEADY_TRACKING,34.699,15.974,N/A,N/A
536,75699.908742,75699.943574,75699.944191,75699.945525,75699.958821,75699.958859,,STEADY_TRACKING,34.832,13.296,N/A,N/A
537,75699.940758,75699.975734,75699.976335,75699.977618,75699.990656,75699.990691,,STEADY_TRACKING,34.976,13.038,N/A,N/A
538,75699.972812,75700.007778,75700.00834,75700.010556,75700.026087,75700.026123,,STEADY_TRACKING,34.966,15.532,N/A,N/A
539,75700.004801,75700.039654,75700.04009,75700.041406,75700.056396,75700.056442,,STEADY_TRACKING,34.853,14.989,N/A,N/A
540,75700.036928,75700.072432,75700.073155,75700.074981,75700.088928,75700.088967,,STEADY_TRACKING,35.504,13.947,N/A,N/A
541,75700.068914,75700.103978,75700.104457,75700.105832,75700.135758,75700.135904,,STEADY_TRACKING,35.064,29.926,N/A,N/A
542,75700.100891,75700.136488,75700.136994,75700.138742,75700.165686,75700.165782,,STEADY_TRACKING,35.597,26.944,N/A,N/A
543,75700.132865,75700.183782,75700.18439,75700.185926,75700.2143,75700.214397,,STEADY_TRACKING,50.917,28.374,N/A,N/A
544,75700.180744,75700.21595,75700.216688,75700.218934,75700.250936,75700.251064,NEXT,STEADY_TRACKING,35.206,32.002,70.42,34.476
545,75700.212764,75700.248514,75700.249137,75700.250712,75700.279507,75700.279913,,STEADY_TRACKING,35.75,28.796,N/A,N/A
546,75700.244783,75700.280102,75700.28078,75700.283139,75700.317055,75700.317224,,STEADY_TRACKING,35.319,33.916,N/A,N/A
547,75700.276748,75700.31231,75700.312895,75700.315242,75700.353404,75700.354415,,STEADY_TRACKING,35.562,38.162,N/A,N/A
548,75700.3088,75700.344546,75700.345108,75700.347101,75700.395637,75700.395758,,FIRST_DETECTION,35.746,48.536,N/A,N/A
549,75700.340773,75700.376971,75700.37785,75700.380127,75700.428497,75700.428607,,FIRST_DETECTION,36.197,48.37,N/A,N/A
550,75700.372866,75700.408468,75700.40917,75700.411325,75700.45899,75700.459126,,FIRST_DETECTION,35.602,47.665,N/A,N/A
551,75700.404891,75700.44052,75700.44127,75700.443161,75700.484891,75700.485034,,STEADY_TRACKING,35.629,41.73,N/A,N/A
552,75700.437088,75700.471863,75700.472408,75700.47459,75700.516334,75700.5165,,STEADY_TRACKING,34.775,41.743,N/A,N/A
553,75700.468894,75700.504531,75700.50508,75700.50672,75700.55909,75700.559157,,FIRST_DETECTION,35.637,52.37,N/A,N/A
554,75700.500884,75700.536701,75700.537348,75700.539041,75700.580475,75700.580562,,STEADY_TRACKING,35.817,41.433,N/A,N/A
555,75700.532882,75700.584397,75700.585576,75700.587705,75700.607877,75700.60794,,STEADY_TRACKING,51.515,20.172,N/A,N/A
556,75700.580726,75700.617024,75700.617569,75700.619909,75700.639825,75700.639899,,STEADY_TRACKING,36.298,19.915,N/A,N/A
557,75700.612761,75700.64846,75700.649111,75700.650927,75700.670691,75700.670735,,STEADY_TRACKING,35.699,19.763,N/A,N/A
558,75700.644752,75700.679733,75700.680271,75700.682126,75700.697185,75700.697251,,STEADY_TRACKING,34.981,15.059,N/A,N/A
559,75700.676786,75700.711687,75700.712156,75700.713401,75700.727078,75700.727116,,STEADY_TRACKING,34.901,13.677,N/A,N/A
560,75700.708875,75700.743637,75700.744419,75700.746165,75700.76268,75700.762719,,STEADY_TRACKING,34.762,16.515,N/A,N/A
561,75700.74079,75700.775591,75700.776141,75700.777473,75700.792737,75700.792837,,STEADY_TRACKING,34.801,15.264,N/A,N/A
562,75700.772855,75700.808263,75700.808837,75700.810783,75700.824737,75700.824772,,STEADY_TRACKING,35.408,13.954,N/A,N/A
563,75700.804858,75700.839536,75700.840032,75700.841866,75700.857888,75700.857922,,STEADY_TRACKING,34.678,16.022,N/A,N/A
564,75700.836904,75700.871892,75700.872471,75700.87369,75700.897452,75700.897505,,STEADY_TRACKING,34.988,23.762,N/A,N/A
565,75700.868871,75700.904312,75700.904854,75700.906335,75700.921795,75700.921853,,STEADY_TRACKING,35.441,15.46,N/A,N/A
566,75700.900917,75700.935575,75700.936032,75700.937501,75700.949624,75700.949661,,STEADY_TRACKING,34.658,12.123,N/A,N/A
567,75700.932846,75700.983718,75700.984254,75700.986121,75701.010776,75701.01088,,STEADY_TRACKING,50.872,24.656,N/A,N/A
568,75700.980729,75701.016452,75701.016949,75701.0186,75701.048575,75701.049017,,STEADY_TRACKING,35.723,29.976,N/A,N/A
569,75701.012834,75701.049162,75701.049999,75701.051816,75701.066304,75701.066342,,STEADY_TRACKING,36.328,14.488,N/A,N/A
570,75701.044756,75701.079967,75701.080529,75701.082009,75701.111784,75701.111866,,STEADY_TRACKING,35.211,29.775,N/A,N/A
571,75701.076778,75701.11211,75701.112743,75701.114135,75701.142206,75701.14225,,STEADY_TRACKING,35.332,28.071,N/A,N/A
572,75701.108757,75701.144199,75701.144781,75701.146645,75701.171297,75701.171334,,STEADY_TRACKING,35.442,24.652,N/A,N/A
573,75701.140823,75701.175927,75701.17644,75701.177839,75701.205914,75701.205974,,STEADY_TRACKING,35.104,28.076,N/A,N/A
574,75701.17282,75701.208613,75701.209394,75701.211016,75701.252807,75701.252869,,STEADY_TRACKING,35.793,41.791,N/A,N/A
575,75701.204857,75701.24021,75701.24085,75701.242783,75701.294437,75701.294485,,FIRST_DETECTION,35.353,51.653,N/A,N/A
576,75701.236877,75701.272157,75701.272822,75701.274279,75701.3304,75701.330466,,FIRST_DETECTION,35.28,56.121,N/A,N/A
577,75701.268879,75701.304213,75701.304959,75701.306723,75701.359315,75701.359549,,FIRST_DETECTION,35.334,52.592,N/A,N/A
578,75701.300823,75701.336759,75701.337346,75701.33937,75701.397714,75701.397898,,FIRST_DETECTION,35.936,58.344,N/A,N/A
579,75701.332929,75701.384207,75701.384771,75701.386251,75701.43854,75701.43867,,FIRST_DETECTION,51.278,52.288,N/A,N/A
580,75701.380742,75701.416248,75701.417084,75701.419234,75701.476053,75701.476216,,FIRST_DETECTION,35.506,56.819,N/A,N/A
581,75701.412737,75701.44834,75701.448994,75701.451376,75701.512699,75701.51305,NEXT,FIRST_DETECTION,35.603,61.323,100.388,64.131
582,75701.444735,75701.480056,75701.480593,75701.482132,75701.53759,75701.537768,,FIRST_DETECTION,35.321,55.457,N/A,N/A
583,75701.476745,75701.512035,75701.513251,75701.515104,75701.566329,75701.566482,,FIRST_DETECTION,35.29,51.225,N/A,N/A
584,75701.508752,75701.544399,75701.544982,75701.546968,75701.591093,75701.591195,,STEADY_TRACKING,35.647,44.125,N/A,N/A
585,75701.540791,75701.576325,75701.576881,75701.578434,75701.615949,75701.616148,,STEADY_TRACKING,35.534,37.515,N/A,N/A
586,75701.57283,75701.608112,75701.608875,75701.611083,75701.641435,75701.641588,,STEADY_TRACKING,35.282,30.353,N/A,N/A
587,75701.604838,75701.640114,75701.640697,75701.642367,75701.669126,75701.66929,,STEADY_TRACKING,35.276,26.759,N/A,N/A
588,75701.636838,75701.672144,75701.672909,75701.674926,75701.70321,75701.703315,,STEADY_TRACKING,35.306,28.284,N/A,N/A
589,75701.668806,75701.70421,75701.704755,75701.706391,75701.742481,75701.74255,,STEADY_TRACKING,35.404,36.09,N/A,N/A
590,75701.701024,75701.736199,75701.736711,75701.737935,75701.764356,75701.764392,,STEADY_TRACKING,35.175,26.421,N/A,N/A
591,75701.732855,75701.784097,75701.784583,75701.786004,75701.838865,75701.83894,,FIRST_DETECTION,51.242,52.861,N/A,N/A
592,75701.780736,75701.817307,75701.818605,75701.821309,75701.870637,75701.870683,,FIRST_DETECTION,36.571,49.328,N/A,N/A
593,75701.812736,75701.848403,75701.849497,75701.852152,75701.895671,75701.89574,,STEADY_TRACKING,35.667,43.52,N/A,N/A
594,75701.844789,75701.88025,75701.880872,75701.882248,75701.919332,75701.91938,,STEADY_TRACKING,35.461,37.084,N/A,N/A
595,75701.876782,75701.911637,75701.912268,75701.914094,75701.944908,75701.944957,,STEADY_TRACKING,34.855,30.814,N/A,N/A
596,75701.908786,75701.944226,75701.944806,75701.946079,75701.972364,75701.972404,,STEADY_TRACKING,35.44,26.284,N/A,N/A
597,75701.940779,75701.975505,75701.976382,75701.978097,75702.000349,75702.000408,,STEADY_TRACKING,34.726,22.252,N/A,N/A
598,75701.972785,75702.007844,75702.008312,75702.009595,75702.034354,75702.034406,,STEADY_TRACKING,35.059,24.759,N/A,N/A
599,75702.004834,75702.039991,75702.04065,75702.041927,75702.068193,75702.068238,,STEADY_TRACKING,35.157,26.267,N/A,N/A
600,75702.036924,75702.07202,75702.072657,75702.074502,75702.097208,75702.097266,,STEADY_TRACKING,35.096,22.706,N/A,N/A
601,75702.068802,75702.103469,75702.103937,75702.105052,75702.126955,75702.126997,,STEADY_TRACKING,34.667,21.903,N/A,N/A
602,75702.100808,75702.136139,75702.136793,75702.138263,75702.16112,75702.161183,,STEADY_TRACKING,35.331,22.857,N/A,N/A
603,75702.132816,75702.183713,75702.184496,75702.185995,75702.209986,75702.210031,,STEADY_TRACKING,50.897,23.991,N/A,N/A
604,75702.180716,75702.215758,75702.216405,75702.217823,75702.242807,75702.242857,,STEADY_TRACKING,35.041,24.984,N/A,N/A
605,75702.212715,75702.247915,75702.248541,75702.249819,75702.275882,75702.275935,,STEADY_TRACKING,35.2,26.063,N/A,N/A
606,75702.24476,75702.27956,75702.280057,75702.281867,75702.314933,75702.314976,,STEADY_TRACKING,34.8,33.066,N/A,N/A
607,75702.276777,75702.312012,75702.3125,75702.313949,75702.33863,75702.338704,,STEADY_TRACKING,35.235,24.681,N/A,N/A
608,75702.308772,75702.344305,75702.344955,75702.346551,75702.374284,75702.374338,,STEADY_TRACKING,35.533,27.733,N/A,N/A
609,75702.340825,75702.375504,75702.375993,75702.377556,75702.409284,75702.409361,,STEADY_TRACKING,34.679,31.728,N/A,N/A
610,75702.372838,75702.409507,75702.410086,75702.412099,75702.436626,75702.43667,,STEADY_TRACKING,36.669,24.527,N/A,N/A
611,75702.404879,75702.439772,75702.440584,75702.442212,75702.464272,75702.464321,,STEADY_TRACKING,34.893,22.06,N/A,N/A
612,75702.436926,75702.47166,75702.472191,75702.473475,75702.499165,75702.499214,,STEADY_TRACKING,34.734,25.69,N/A,N/A
613,75702.468816,75702.504445,75702.50506,75702.506369,75702.538572,75702.538698,,STEADY_TRACKING,35.629,32.203,N/A,N/A
614,75702.5008,75702.535766,75702.536376,75702.538766,75702.565247,75702.565417,,STEADY_TRACKING,34.966,26.481,N/A,N/A
615,75702.53281,75702.583592,75702.584551,75702.586788,75702.624451,75702.624634,,STEADY_TRACKING,50.782,37.662,N/A,N/A
616,75702.580702,75702.615981,75702.616507,75702.618195,75702.647489,75702.647685,NEXT,STEADY_TRACKING,35.279,29.294,67.113,31.308
617,75702.61273,75702.647942,75702.648693,75702.650692,75702.675366,75702.675535,,STEADY_TRACKING,35.212,24.674,N/A,N/A
618,75702.644737,75702.67975,75702.680234,75702.681637,75702.706028,75702.706116,,STEADY_TRACKING,35.013,24.392,N/A,N/A
619,75702.6768,75702.712161,75702.712726,75702.714123,75702.74365,75702.74381,,STEADY_TRACKING,35.361,29.527,N/A,N/A
620,75702.708793,75702.743985,75702.745048,75702.747087,75702.777554,75702.777784,,STEADY_TRACKING,35.192,30.467,N/A,N/A
621,75702.740804,75702.777351,75702.778108,75702.780467,75702.806307,75702.806452,,STEADY_TRACKING,36.547,25.84,N/A,N/A
622,75702.772849,75702.808027,75702.808583,75702.810245,75702.837082,75702.837207,,STEADY_TRACKING,35.178,26.837,N/A,N/A
623,75702.804798,75702.839976,75702.84055,75702.842595,75702.867536,75702.867654,,STEADY_TRACKING,35.178,24.941,N/A,N/A
624,75702.836825,75702.87261,75702.87316,75702.874561,75702.902121,75702.902237,,STEADY_TRACKING,35.784,27.56,N/A,N/A
625,75702.868807,75702.904447,75702.905134,75702.906635,75702.946337,75702.946397,,STEADY_TRACKING,35.64,39.702,N/A,N/A
626,75702.900909,75702.936063,75702.936628,75702.938025,75702.968947,75702.969024,,STEADY_TRACKING,35.154,30.922,N/A,N/A
627,75702.932876,75702.983615,75702.984115,75702.985485,75703.009836,75703.009905,,STEADY_TRACKING,50.738,24.351,N/A,N/A
628,75702.980719,75703.015933,75703.016571,75703.018193,75703.04258,75703.042679,,STEADY_TRACKING,35.214,24.387,N/A,N/A
629,75703.012719,75703.047631,75703.048162,75703.050039,75703.077051,75703.077203,,STEADY_TRACKING,34.912,27.011,N/A,N/A
630,75703.04473,75703.079738,75703.080225,75703.081712,75703.106434,75703.10649,,STEADY_TRACKING,35.008,24.721,N/A,N/A
631,75703.076788,75703.112024,75703.112703,75703.114486,75703.137612,75703.137665,,STEADY_TRACKING,35.236,23.126,N/A,N/A
632,75703.108801,75703.143773,75703.144293,75703.145507,75703.179328,75703.17936,,STEADY_TRACKING,34.972,33.821,N/A,N/A
633,75703.140819,75703.176989,75703.177569,75703.179051,75703.211512,75703.211552,,STEADY_TRACKING,36.17,32.461,N/A,N/A
634,75703.17368,75703.208492,75703.209457,75703.211242,75703.246655,75703.246696,,STEADY_TRACKING,34.812,35.413,N/A,N/A
635,75703.204817,75703.24074,75703.241327,75703.243809,75703.281202,75703.281297,,STEADY_TRACKING,35.923,37.393,N/A,N/A
636,75703.236862,75703.27311,75703.273741,75703.275373,75703.311527,75703.311584,,STEADY_TRACKING,36.248,36.154,N/A,N/A
637,75703.268926,75703.304129,75703.304731,75703.306982,75703.345063,75703.345135,,STEADY_TRACKING,35.203,38.08,N/A,N/A
638,75703.300817,75703.336402,75703.336959,75703.338715,75703.374963,75703.37512,,STEADY_TRACKING,35.585,36.248,N/A,N/A
639,75703.332885,75703.384358,75703.384975,75703.386759,75703.419716,75703.419757,,STEADY_TRACKING,51.473,32.958,N/A,N/A
640,75703.380705,75703.416258,75703.41726,75703.419155,75703.446659,75703.446712,,STEADY_TRACKING,35.553,27.505,N/A,N/A
641,75703.412719,75703.447817,75703.448289,75703.449566,75703.475658,75703.475697,,STEADY_TRACKING,35.098,26.092,N/A,N/A
642,75703.444785,75703.480345,75703.481123,75703.482895,75703.506641,75703.50672,,STEADY_TRACKING,35.56,23.746,N/A,N/A
643,75703.476798,75703.511685,75703.512206,75703.514017,75703.537115,75703.537151,,STEADY_TRACKING,34.887,23.098,N/A,N/A
644,75703.508783,75703.544069,75703.544554,75703.545734,75703.570389,75703.570429,,STEADY_TRACKING,35.286,24.654,N/A,N/A
645,75703.540798,75703.576051,75703.576695,75703.578434,75703.598891,75703.598928,,STEADY_TRACKING,35.253,20.457,N/A,N/A
646,75703.572827,75703.607485,75703.607984,75703.609612,75703.643052,75703.643129,,STEADY_TRACKING,34.658,33.44,N/A,N/A
647,75703.604814,75703.640786,75703.641463,75703.64347,75703.67839,75703.678494,,STEADY_TRACKING,35.972,34.919,N/A,N/A
648,75703.636806,75703.672329,75703.673314,75703.676169,75703.713534,75703.713694,,STEADY_TRACKING,35.523,37.365,N/A,N/A
649,75703.668871,75703.704441,75703.705344,75703.709335,75703.742375,75703.742647,,STEADY_TRACKING,35.57,33.04,N/A,N/A
650,75703.70093,75703.736631,75703.737615,75703.739313,75703.77053,75703.770659,,STEADY_TRACKING,35.701,31.216,N/A,N/A
651,75703.732829,75703.783794,75703.784469,75703.786298,75703.807834,75703.807922,,STEADY_TRACKING,50.965,21.536,N/A,N/A
652,75703.780699,75703.815335,75703.815846,75703.817156,75703.841264,75703.841386,,STEADY_TRACKING,34.636,24.108,N/A,N/A
653,75703.812713,75703.848385,75703.84889,75703.850152,75703.871075,75703.871159,NEXT,STEADY_TRACKING,35.672,20.924,58.495,22.318
654,75703.844746,75703.87945,75703.880379,75703.882242,75703.915601,75703.915777,,STEADY_TRACKING,34.704,33.358,N/A,N/A
655,75703.87675,75703.912629,75703.913164,75703.914593,75703.940673,75703.940785,,STEADY_TRACKING,35.879,26.08,N/A,N/A
656,75703.908835,75703.944478,75703.945084,75703.946511,75703.96916,75703.969247,,STEADY_TRACKING,35.643,22.649,N/A,N/A
657,75703.940778,75703.975714,75703.976297,75703.978157,75704.005331,75704.005601,,STEADY_TRACKING,34.936,27.174,N/A,N/A
658,75703.972903,75704.007746,75704.008318,75704.009841,75704.031623,75704.031725,,STEADY_TRACKING,34.843,21.782,N/A,N/A
659,75704.004816,75704.039974,75704.040746,75704.042488,75704.07846,75704.078611,,STEADY_TRACKING,35.158,35.972,N/A,N/A
660,75704.03681,75704.07254,75704.073282,75704.075775,75704.110701,75704.110824,,STEADY_TRACKING,35.73,34.925,N/A,N/A
661,75704.068807,75704.104756,75704.105362,75704.106782,75704.138805,75704.138958,,STEADY_TRACKING,35.949,32.022,N/A,N/A
662,75704.100817,75704.136013,75704.136946,75704.138881,75704.165307,75704.165372,,STEADY_TRACKING,35.196,26.426,N/A,N/A
663,75704.132819,75704.183635,75704.184312,75704.186806,75704.220695,75704.22077,,STEADY_TRACKING,50.816,33.889,N/A,N/A
664,75704.180709,75704.21643,75704.217528,75704.218856,75704.24582,75704.245869,,STEADY_TRACKING,35.721,26.964,N/A,N/A
665,75704.212766,75704.248052,75704.248737,75704.250356,75704.27338,75704.273418,,STEADY_TRACKING,35.287,23.024,N/A,N/A
666,75704.244753,75704.27969,75704.280183,75704.281656,75704.32047,75704.32053,,STEADY_TRACKING,34.937,38.813,N/A,N/A
667,75704.276816,75704.312483,75704.313081,75704.314424,75704.35705,75704.357118,,STEADY_TRACKING,35.667,42.625,N/A,N/A
668,75704.308817,75704.343978,75704.344846,75704.346774,75704.394456,75704.394528,,FIRST_DETECTION,35.161,47.682,N/A,N/A
669,75704.340865,75704.376099,75704.376686,75704.377965,75704.432378,75704.432446,,FIRST_DETECTION,35.234,54.413,N/A,N/A
670,75704.372852,75704.408933,75704.40962,75704.411407,75704.458341,75704.458458,,FIRST_DETECTION,36.081,46.934,N/A,N/A
671,75704.404879,75704.439904,75704.440456,75704.44264,75704.481121,75704.481176,,STEADY_TRACKING,35.025,38.481,N/A,N/A
672,75704.436803,75704.471869,75704.472418,75704.473844,75704.502626,75704.502661,,STEADY_TRACKING,35.066,28.782,N/A,N/A
673,75704.468834,75704.503851,75704.504536,75704.506073,75704.529464,75704.52951,,STEADY_TRACKING,35.017,23.391,N/A,N/A
674,75704.500798,75704.53603,75704.536569,75704.538335,75704.563214,75704.563252,,STEADY_TRACKING,35.232,24.878,N/A,N/A
675,75704.532843,75704.583296,75704.58381,75704.58501,75704.619613,75704.619672,,STEADY_TRACKING,50.453,34.603,N/A,N/A
676,75704.580732,75704.61612,75704.616813,75704.61861,75704.645491,75704.645536,,STEADY_TRACKING,35.388,26.881,N/A,N/A
677,75704.612789,75704.647783,75704.648283,75704.650304,75704.682047,75704.682111,,STEADY_TRACKING,34.994,31.743,N/A,N/A
678,75704.644851,75704.679945,75704.680495,75704.682285,75704.743326,75704.743364,,FIRST_DETECTION,35.094,61.041,N/A,N/A
679,75704.676791,75704.713489,75704.714548,75704.716868,75704.77263,75704.772684,,FIRST_DETECTION,36.698,55.762,N/A,N/A
680,75704.708854,75704.744203,75704.744774,75704.74722,75704.807895,75704.807974,,FIRST_DETECTION,35.349,60.675,N/A,N/A
681,75704.740808,75704.776692,75704.777383,75704.778983,75704.834599,75704.834639,,FIRST_DETECTION,35.884,55.616,N/A,N/A
682,75704.772771,75704.808199,75704.809194,75704.810961,75704.84832,75704.848369,,STEADY_TRACKING,35.427,37.36,N/A,N/A
683,75704.804775,75704.840203,75704.840827,75704.842643,75704.875815,75704.875866,,STEADY_TRACKING,35.428,33.171,N/A,N/A
684,75704.836839,75704.872412,75704.872968,75704.874694,75704.902238,75704.902284,,STEADY_TRACKING,35.573,27.543,N/A,N/A
685,75704.868806,75704.904174,75704.904829,75704.906888,75704.934262,75704.934446,,STEADY_TRACKING,35.368,27.373,N/A,N/A
686,75704.900838,75704.93627,75704.936835,75704.938187,75704.96349,75704.963578,,STEADY_TRACKING,35.432,25.302,N/A,N/A
687,75704.932867,75704.98349,75704.984002,75704.985226,75705.010544,75705.01071,,STEADY_TRACKING,50.623,25.318,N/A,N/A
688,75704.980707,75705.01581,75705.016544,75705.018305,75705.041813,75705.041976,,STEADY_TRACKING,35.103,23.508,N/A,N/A
689,75705.01274,75705.04763,75705.048174,75705.04947,75705.070871,75705.071012,NEXT,STEADY_TRACKING,34.89,21.401,58.349,22.916
690,75705.044783,75705.07971,75705.080306,75705.081559,75705.104888,75705.104984,,STEADY_TRACKING,34.927,23.329,N/A,N/A
691,75705.076752,75705.1119,75705.113047,75705.114972,75705.137742,75705.137833,,STEADY_TRACKING,35.148,22.77,N/A,N/A
692,75705.108932,75705.144147,75705.144752,75705.146206,75705.171987,75705.172096,,STEADY_TRACKING,35.215,25.782,N/A,N/A
693,75705.14081,75705.176526,75705.177097,75705.178989,75705.202564,75705.202711,,STEADY_TRACKING,35.716,23.575,N/A,N/A
694,75705.172954,75705.207732,75705.208271,75705.210616,75705.233371,75705.23359,,STEADY_TRACKING,34.778,22.754,N/A,N/A
695,75705.204842,75705.240272,75705.240804,75705.242455,75705.263901,75705.263992,,STEADY_TRACKING,35.429,21.446,N/A,N/A
696,75705.236969,75705.271642,75705.272681,75705.27447,75705.296479,75705.296596,,STEADY_TRACKING,34.673,22.009,N/A,N/A
697,75705.268915,75705.303541,75705.304064,75705.305273,75705.33995,75705.340004,,STEADY_TRACKING,34.626,34.677,N/A,N/A
698,75705.300805,75705.336948,75705.337739,75705.338939,75705.362065,75705.362211,,STEADY_TRACKING,36.143,23.126,N/A,N/A
699,75705.332911,75705.384434,75705.385083,75705.386372,75705.429327,75705.429388,,STEADY_TRACKING,51.523,42.955,N/A,N/A
700,75705.380742,75705.416417,75705.417003,75705.419378,75705.455397,75705.455451,,STEADY_TRACKING,35.675,36.019,N/A,N/A
701,75705.412796,75705.448579,75705.44924,75705.450659,75705.483019,75705.48306,,STEADY_TRACKING,35.783,32.361,N/A,N/A
702,75705.444827,75705.480606,75705.481296,75705.483107,75705.509796,75705.509914,,STEADY_TRACKING,35.779,26.689,N/A,N/A
703,75705.476883,75705.511917,75705.512509,75705.513957,75705.539097,75705.539166,,STEADY_TRACKING,35.034,25.14,N/A,N/A
704,75705.508781,75705.544599,75705.545107,75705.546345,75705.568897,75705.568959,,STEADY_TRACKING,35.818,22.552,N/A,N/A
705,75705.540752,75705.575515,75705.576027,75705.577773,75705.601497,75705.601563,,STEADY_TRACKING,34.763,23.725,N/A,N/A
706,75705.572765,75705.607854,75705.608368,75705.610099,75705.635176,75705.635214,,STEADY_TRACKING,35.089,25.077,N/A,N/A
707,75705.604805,75705.639995,75705.640572,75705.641902,75705.665973,75705.666011,,STEADY_TRACKING,35.19,24.072,N/A,N/A
708,75705.636895,75705.672319,75705.672811,75705.675117,75705.7043,75705.704345,,STEADY_TRACKING,35.424,29.183,N/A,N/A
709,75705.668861,75705.704113,75705.704638,75705.705891,75705.742365,75705.742552,,STEADY_TRACKING,35.252,36.475,N/A,N/A
710,75705.700864,75705.735999,75705.737094,75705.738869,75705.767482,75705.767522,,STEADY_TRACKING,35.135,28.613,N/A,N/A
711,75705.732856,75705.783822,75705.785147,75705.787012,75705.811397,75705.811437,,STEADY_TRACKING,50.966,24.386,N/A,N/A
712,75705.780717,75705.816113,75705.81674,75705.818287,75705.853393,75705.853669,,STEADY_TRACKING,35.396,35.106,N/A,N/A
713,75705.81275,75705.849634,75705.850303,75705.851761,75705.902436,75705.902519,,FIRST_DETECTION,36.884,50.675,N/A,N/A
714,75705.844755,75705.880023,75705.880586,75705.882903,75705.932193,75705.932243,,FIRST_DETECTION,35.268,49.29,N/A,N/A
715,75705.876789,75705.912834,75705.913437,75705.914902,75705.956853,75705.956911,,STEADY_TRACKING,36.045,41.951,N/A,N/A
716,75705.908773,75705.944085,75705.944889,75705.946607,75705.985983,75705.986064,,STEADY_TRACKING,35.312,39.376,N/A,N/A
717,75705.940797,75705.975999,75705.976574,75705.978402,75706.014155,75706.014226,,STEADY_TRACKING,35.202,35.753,N/A,N/A
718,75705.972818,75706.008819,75706.009405,75706.010787,75706.037959,75706.038001,,STEADY_TRACKING,36.001,27.172,N/A,N/A
719,75706.004877,75706.040133,75706.041223,75706.042971,75706.071963,75706.072006,,STEADY_TRACKING,35.256,28.992,N/A,N/A
720,75706.036895,75706.072482,75706.072964,75706.074516,75706.102004,75706.102046,,STEADY_TRACKING,35.587,27.488,N/A,N/A
721,75706.068843,75706.104081,75706.104729,75706.106391,75706.132334,75706.132483,,STEADY_TRACKING,35.238,25.943,N/A,N/A
722,75706.100807,75706.135805,75706.136477,75706.138301,75706.163169,75706.163259,,STEADY_TRACKING,34.998,24.868,N/A,N/A
723,75706.132867,75706.183738,75706.184509,75706.186325,75706.211372,75706.211504,,STEADY_TRACKING,50.871,25.047,N/A,N/A
724,75706.180712,75706.216698,75706.217293,75706.219163,75706.245763,75706.245918,NEXT,STEADY_TRACKING,35.986,26.6,65.401,28.82
725,75706.212735,75706.248173,75706.24946,75706.251744,75706.282552,75706.282766,,STEADY_TRACKING,35.438,30.808,N/A,N/A
726,75706.244748,75706.280224,75706.28088,75706.283084,75706.313342,75706.313481,,STEADY_TRACKING,35.476,30.258,N/A,N/A
727,75706.276788,75706.312348,75706.313054,75706.314576,75706.344183,75706.344277,,STEADY_TRACKING,35.56,29.607,N/A,N/A
728,75706.308817,75706.344575,75706.346082,75706.347882,75706.379388,75706.37953,,STEADY_TRACKING,35.758,31.506,N/A,N/A
729,75706.340808,75706.376608,75706.377183,75706.379035,75706.40655,75706.406702,,STEADY_TRACKING,35.8,27.515,N/A,N/A
730,75706.372847,75706.408182,75706.4089,75706.410784,75706.447449,75706.447573,,STEADY_TRACKING,35.335,36.665,N/A,N/A
731,75706.404828,75706.440429,75706.440994,75706.443619,75706.47852,75706.478691,,STEADY_TRACKING,35.601,34.901,N/A,N/A
732,75706.436832,75706.472499,75706.473039,75706.47452,75706.503138,75706.503226,,STEADY_TRACKING,35.667,28.618,N/A,N/A
733,75706.468824,75706.503758,75706.505225,75706.506866,75706.544714,75706.544792,,STEADY_TRACKING,34.934,37.848,N/A,N/A
734,75706.500845,75706.536361,75706.536956,75706.538655,75706.577483,75706.577522,,STEADY_TRACKING,35.516,38.828,N/A,N/A
735,75706.532928,75706.583817,75706.584403,75706.586104,75706.612582,75706.612619,,STEADY_TRACKING,50.889,26.478,N/A,N/A
736,75706.580749,75706.615637,75706.616397,75706.618108,75706.644273,75706.644311,,STEADY_TRACKING,34.888,26.165,N/A,N/A
737,75706.612801,75706.648016,75706.64852,75706.65043,75706.689736,75706.689825,,STEADY_TRACKING,35.215,39.306,N/A,N/A
738,75706.644748,75706.681517,75706.682345,75706.685135,75706.731503,75706.731597,,FIRST_DETECTION,36.768,46.368,N/A,N/A
739,75706.676762,75706.713211,75706.714108,75706.716097,75706.770085,75706.77013,,FIRST_DETECTION,36.449,53.988,N/A,N/A
740,75706.708758,75706.744782,75706.745341,75706.747327,75706.801461,75706.801524,,FIRST_DETECTION,36.024,54.134,N/A,N/A
741,75706.740787,75706.776763,75706.777489,75706.779166,75706.845152,75706.84524,,FIRST_DETECTION,35.976,65.985,N/A,N/A
742,75706.772801,75706.808352,75706.809112,75706.811278,75706.875153,75706.875223,,FIRST_DETECTION,35.551,63.875,N/A,N/A
743,75706.804873,75706.84082,75706.841412,75706.845456,75706.914332,75706.9144,,FIRST_DETECTION,35.947,68.876,N/A,N/A
745,75706.868828,75706.903958,75706.904531,75706.906466,75706.946153,75706.946216,,STEADY_TRACKING,35.13,39.687,N/A,N/A
746,75706.900873,75706.937287,75706.937911,75706.939554,75706.982658,75706.982736,,STEADY_TRACKING,36.414,43.104,N/A,N/A
747,75706.932858,75706.983851,75706.984362,75706.986068,75707.019191,75707.019235,,STEADY_TRACKING,50.993,33.123,N/A,N/A
748,75706.98075,75707.016225,75707.017168,75707.0193,75707.050787,75707.050828,,STEADY_TRACKING,35.475,31.486,N/A,N/A
749,75707.012784,75707.048693,75707.04927,75707.051822,75707.086189,75707.086452,,STEADY_TRACKING,35.908,34.366,N/A,N/A
750,75707.044785,75707.080782,75707.081532,75707.085334,75707.127153,75707.127216,,STEADY_TRACKING,35.997,41.819,N/A,N/A
751,75707.076806,75707.112427,75707.112973,75707.114944,75707.163389,75707.163453,,FIRST_DETECTION,35.621,48.444,N/A,N/A
752,75707.108791,75707.144808,75707.145512,75707.147254,75707.195574,75707.195665,,FIRST_DETECTION,36.017,48.32,N/A,N/A
753,75707.140827,75707.176812,75707.177688,75707.179719,75707.222762,75707.22282,,STEADY_TRACKING,35.985,43.043,N/A,N/A
754,75707.172819,75707.208485,75707.209007,75707.210999,75707.247486,75707.247535,,STEADY_TRACKING,35.666,36.486,N/A,N/A
755,75707.204844,75707.240055,75707.240741,75707.242091,75707.268779,75707.268827,,STEADY_TRACKING,35.211,26.688,N/A,N/A
756,75707.236833,75707.271692,75707.272354,75707.274654,75707.297718,75707.297759,,STEADY_TRACKING,34.859,23.064,N/A,N/A
757,75707.26885,75707.303701,75707.304222,75707.305545,75707.3268,75707.326941,,STEADY_TRACKING,34.851,21.255,N/A,N/A
758,75707.300895,75707.336047,75707.336672,75707.338305,75707.36029,75707.360393,,STEADY_TRACKING,35.153,21.985,N/A,N/A
759,75707.332925,75707.383599,75707.384387,75707.386076,75707.41057,75707.410666,,STEADY_TRACKING,50.674,24.493,N/A,N/A
760,75707.380852,75707.41595,75707.416551,75707.417955,75707.442722,75707.442849,NEXT,STEADY_TRACKING,35.098,24.767,62.086,26.387
761,75707.412771,75707.448404,75707.448983,75707.450453,75707.476863,75707.477022,,STEADY_TRACKING,35.633,26.41,N/A,N/A
762,75707.44486,75707.47953,75707.48004,75707.481914,75707.505405,75707.50554,,STEADY_TRACKING,34.67,23.491,N/A,N/A
763,75707.476738,75707.511419,75707.512127,75707.513333,75707.537661,75707.537858,,STEADY_TRACKING,34.681,24.327,N/A,N/A
764,75707.508742,75707.544442,75707.545053,75707.54681,75707.571552,75707.571747,,STEADY_TRACKING,35.7,24.742,N/A,N/A
765,75707.540772,75707.57586,75707.576349,75707.577679,75707.604058,75707.604167,,STEADY_TRACKING,35.088,26.38,N/A,N/A
766,75707.572811,75707.608074,75707.608639,75707.609807,75707.631614,75707.631705,,STEADY_TRACKING,35.263,21.807,N/A,N/A
767,75707.604794,75707.639581,75707.640665,75707.642312,75707.666504,75707.666598,,STEADY_TRACKING,34.787,24.193,N/A,N/A
768,75707.636799,75707.672216,75707.672726,75707.674474,75707.69694,75707.697092,,STEADY_TRACKING,35.417,22.466,N/A,N/A
769,75707.668822,75707.703958,75707.7045,75707.706198,75707.744686,75707.744777,,STEADY_TRACKING,35.136,38.488,N/A,N/A
770,75707.700928,75707.736163,75707.73704,75707.739642,75707.768132,75707.768184,,STEADY_TRACKING,35.235,28.49,N/A,N/A
771,75707.732854,75707.783501,75707.784058,75707.785622,75707.818854,75707.818911,,STEADY_TRACKING,50.647,33.232,N/A,N/A
772,75707.780722,75707.816067,75707.816632,75707.818314,75707.853711,75707.853755,,STEADY_TRACKING,35.345,35.397,N/A,N/A
773,75707.812766,75707.848008,75707.848764,75707.850525,75707.878982,75707.879027,,STEADY_TRACKING,35.242,28.457,N/A,N/A
774,75707.844828,75707.880021,75707.880542,75707.881933,75707.915785,75707.915843,,STEADY_TRACKING,35.193,33.852,N/A,N/A
775,75707.876769,75707.912265,75707.912871,75707.914249,75707.944539,75707.945265,,STEADY_TRACKING,35.496,30.29,N/A,N/A
776,75707.908756,75707.944247,75707.94507,75707.947047,75707.977589,75707.977645,,STEADY_TRACKING,35.491,30.542,N/A,N/A
777,75707.940876,75707.976767,75707.977382,75707.979064,75708.003805,75708.003849,,STEADY_TRACKING,35.891,24.742,N/A,N/A
778,75707.972808,75708.008993,75708.009674,75708.011176,75708.037704,75708.037758,,STEADY_TRACKING,36.185,26.528,N/A,N/A
779,75708.004938,75708.039688,75708.040185,75708.042111,75708.069006,75708.069106,,STEADY_TRACKING,34.75,26.895,N/A,N/A
780,75708.036802,75708.072095,75708.072676,75708.074517,75708.098635,75708.098753,,STEADY_TRACKING,35.293,24.118,N/A,N/A
781,75708.068895,75708.105084,75708.106223,75708.108648,75708.158073,75708.158144,,FIRST_DETECTION,36.189,49.425,N/A,N/A
782,75708.100898,75708.13742,75708.138098,75708.141944,75708.190222,75708.190267,,FIRST_DETECTION,36.522,48.278,N/A,N/A
783,75708.132953,75708.184408,75708.18495,75708.186384,75708.21352,75708.213568,,STEADY_TRACKING,51.455,27.137,N/A,N/A
784,75708.18075,75708.216013,75708.216607,75708.217769,75708.245328,75708.245377,,STEADY_TRACKING,35.263,27.559,N/A,N/A
785,75708.212836,75708.247689,75708.248152,75708.249853,75708.288005,75708.28805,,STEADY_TRACKING,34.853,38.152,N/A,N/A
786,75708.244731,75708.280301,75708.280907,75708.282541,75708.311015,75708.311064,,STEADY_TRACKING,35.57,28.474,N/A,N/A
787,75708.276777,75708.312024,75708.312705,75708.314356,75708.3393,75708.339379,,STEADY_TRACKING,35.247,24.945,N/A,N/A
788,75708.308802,75708.344228,75708.344777,75708.346436,75708.371996,75708.372041,,STEADY_TRACKING,35.426,25.56,N/A,N/A
789,75708.341095,75708.376249,75708.376822,75708.378257,75708.401895,75708.401952,,STEADY_TRACKING,35.154,23.638,N/A,N/A
790,75708.372773,75708.407699,75708.408278,75708.41063,75708.436423,75708.436544,,STEADY_TRACKING,34.926,25.793,N/A,N/A
791,75708.404972,75708.440028,75708.440625,75708.442107,75708.465631,75708.465702,,STEADY_TRACKING,35.056,23.524,N/A,N/A
792,75708.436913,75708.472066,75708.472646,75708.474006,75708.517587,75708.517644,,STEADY_TRACKING,35.153,43.581,N/A,N/A
793,75708.468912,75708.503871,75708.504426,75708.506771,75708.541684,75708.541814,,STEADY_TRACKING,34.959,34.913,N/A,N/A
794,75708.500861,75708.53648,75708.537064,75708.538911,75708.570993,75708.57111,,STEADY_TRACKING,35.619,32.082,N/A,N/A
795,75708.532862,75708.584158,75708.584773,75708.586296,75708.628077,75708.628226,,STEADY_TRACKING,51.296,41.781,N/A,N/A
796,75708.580725,75708.615886,75708.617011,75708.619229,75708.657405,75708.657627,NEXT,STEADY_TRACKING,35.161,38.176,76.983,40.697
797,75708.612718,75708.647838,75708.648358,75708.650617,75708.682966,75708.683056,,STEADY_TRACKING,35.12,32.349,N/A,N/A
798,75708.644757,75708.680176,75708.680786,75708.68233,75708.707613,75708.707802,,STEADY_TRACKING,35.419,25.282,N/A,N/A
799,75708.676771,75708.711962,75708.712495,75708.714432,75708.738372,75708.738528,,STEADY_TRACKING,35.191,23.94,N/A,N/A
800,75708.708795,75708.744274,75708.7449,75708.746212,75708.770557,75708.770733,,STEADY_TRACKING,35.479,24.346,N/A,N/A
801,75708.740798,75708.776124,75708.776809,75708.778367,75708.807266,75708.807401,,STEADY_TRACKING,35.326,28.899,N/A,N/A
802,75708.772846,75708.808212,75708.808804,75708.810853,75708.835189,75708.835286,,STEADY_TRACKING,35.366,24.336,N/A,N/A
803,75708.804829,75708.84015,75708.840657,75708.842038,75708.872262,75708.87249,,STEADY_TRACKING,35.321,30.224,N/A,N/A
804,75708.836812,75708.871983,75708.872658,75708.875045,75708.902903,75708.903015,,STEADY_TRACKING,35.171,27.858,N/A,N/A
805,75708.868853,75708.903858,75708.904368,75708.905811,75708.940175,75708.940241,,STEADY_TRACKING,35.005,34.364,N/A,N/A
806,75708.900873,75708.936329,75708.937273,75708.938491,75708.963807,75708.963862,,STEADY_TRACKING,35.456,25.317,N/A,N/A
807,75708.932844,75708.983672,75708.98451,75708.985984,75709.016545,75709.016587,,STEADY_TRACKING,50.828,30.561,N/A,N/A
808,75708.980714,75709.015522,75709.016028,75709.017298,75709.045928,75709.046079,,STEADY_TRACKING,34.808,28.63,N/A,N/A
809,75709.012734,75709.048367,75709.048956,75709.050559,75709.089868,75709.089921,,STEADY_TRACKING,35.633,39.309,N/A,N/A
810,75709.04477,75709.079812,75709.080681,75709.082963,75709.113098,75709.113152,,STEADY_TRACKING,35.042,30.134,N/A,N/A
811,75709.076842,75709.111805,75709.112296,75709.113598,75709.147444,75709.147477,,STEADY_TRACKING,34.964,33.847,N/A,N/A
812,75709.108889,75709.14385,75709.144527,75709.145846,75709.173008,75709.173044,,STEADY_TRACKING,34.961,27.161,N/A,N/A
813,75709.140798,75709.175695,75709.176245,75709.178137,75709.202208,75709.202244,,STEADY_TRACKING,34.897,24.07,N/A,N/A
814,75709.172791,75709.207954,75709.208454,75709.2099,75709.235391,75709.235437,,STEADY_TRACKING,35.163,25.49,N/A,N/A
815,75709.204814,75709.239853,75709.240543,75709.242346,75709.273962,75709.274052,,STEADY_TRACKING,35.039,31.615,N/A,N/A
816,75709.23686,75709.272899,75709.273524,75709.275631,75709.304979,75709.305055,,STEADY_TRACKING,36.039,29.348,N/A,N/A
817,75709.268875,75709.30402,75709.304749,75709.306247,75709.349838,75709.349903,,STEADY_TRACKING,35.145,43.592,N/A,N/A
818,75709.300905,75709.336007,75709.336846,75709.339276,75709.390035,75709.390109,,FIRST_DETECTION,35.102,50.76,N/A,N/A
819,75709.332884,75709.383721,75709.384375,75709.386951,75709.422813,75709.422903,,STEADY_TRACKING,50.837,35.862,N/A,N/A
820,75709.380724,75709.417116,75709.417782,75709.419953,75709.468981,75709.469062,,FIRST_DETECTION,36.392,49.028,N/A,N/A
821,75709.412749,75709.448542,75709.449303,75709.451093,75709.501897,75709.502226,,FIRST_DETECTION,35.793,50.805,N/A,N/A
822,75709.444739,75709.480591,75709.481248,75709.483545,75709.532069,75709.532143,,FIRST_DETECTION,35.852,48.524,N/A,N/A
823,75709.476797,75709.512503,75709.513072,75709.514743,75709.561886,75709.561974,,FIRST_DETECTION,35.706,47.143,N/A,N/A
824,75709.508809,75709.544639,75709.545393,75709.547176,75709.600794,75709.600881,,FIRST_DETECTION,35.83,53.618,N/A,N/A
825,75709.540821,75709.57592,75709.576551,75709.578098,75709.635812,75709.635873,,FIRST_DETECTION,35.099,57.715,N/A,N/A
826,75709.572793,75709.608258,75709.608772,75709.610693,75709.671403,75709.671455,,FIRST_DETECTION,35.465,60.71,N/A,N/A
827,75709.60482,75709.639715,75709.640234,75709.642174,75709.717513,75709.717596,,FIRST_DETECTION,34.895,75.339,N/A,N/A
829,75709.668857,75709.704407,75709.705283,75709.707382,75709.755316,75709.755472,,FIRST_DETECTION,35.55,47.934,N/A,N/A
830,75709.700874,75709.736198,75709.736764,75709.739052,75709.788248,75709.788408,,FIRST_DETECTION,35.324,49.197,N/A,N/A
831,75709.732918,75709.784268,75709.78487,75709.787475,75709.817715,75709.817856,,STEADY_TRACKING,51.35,30.24,N/A,N/A
832,75709.780736,75709.816615,75709.81737,75709.819357,75709.845378,75709.84548,,STEADY_TRACKING,35.879,26.022,N/A,N/A
833,75709.812721,75709.847997,75709.848632,75709.850932,75709.875566,75709.875671,NEXT,STEADY_TRACKING,35.276,24.634,63.009,27.098
834,75709.844774,75709.879886,75709.88047,75709.881916,75709.907411,75709.907551,,STEADY_TRACKING,35.112,25.495,N/A,N/A
835,75709.876758,75709.912386,75709.913005,75709.914529,75709.937882,75709.937966,,STEADY_TRACKING,35.628,23.353,N/A,N/A
836,75709.908746,75709.943574,75709.944112,75709.945486,75709.969302,75709.969454,,STEADY_TRACKING,34.828,23.816,N/A,N/A
837,75709.940813,75709.976228,75709.976761,75709.978247,75710.000253,75710.000373,,STEADY_TRACKING,35.415,22.006,N/A,N/A
838,75709.972911,75710.007422,75710.008626,75710.010513,75710.04015,75710.040295,,STEADY_TRACKING,34.511,29.637,N/A,N/A
839,75710.00478,75710.040866,75710.041429,75710.043718,75710.076142,75710.07624,,STEADY_TRACKING,36.086,32.424,N/A,N/A
840,75710.036921,75710.072262,75710.072908,75710.074499,75710.100637,75710.100726,,STEADY_TRACKING,35.341,26.138,N/A,N/A
841,75710.068888,75710.103632,75710.104212,75710.106456,75710.146876,75710.147083,,STEADY_TRACKING,34.744,40.42,N/A,N/A
842,75710.100792,75710.136396,75710.136959,75710.13861,75710.183061,75710.183103,,STEADY_TRACKING,35.604,44.451,N/A,N/A
843,75710.13288,75710.184482,75710.185057,75710.186884,75710.225608,75710.225677,,STEADY_TRACKING,51.602,38.725,N/A,N/A
844,75710.180715,75710.21623,75710.217004,75710.218573,75710.250744,75710.250839,,STEADY_TRACKING,35.515,32.171,N/A,N/A
845,75710.212764,75710.24846,75710.249028,75710.25098,75710.271286,75710.271359,,STEADY_TRACKING,35.696,20.306,N/A,N/A
846,75710.244721,75710.28012,75710.280696,75710.282357,75710.319031,75710.319081,,STEADY_TRACKING,35.4,36.675,N/A,N/A
847,75710.276922,75710.312167,75710.313681,75710.315781,75710.353537,75710.353587,,STEADY_TRACKING,35.245,37.757,N/A,N/A
848,75710.308799,75710.34405,75710.344628,75710.346171,75710.387857,75710.387907,,STEADY_TRACKING,35.251,41.686,N/A,N/A
849,75710.340815,75710.375989,75710.376696,75710.37851,75710.412917,75710.412956,,STEADY_TRACKING,35.174,34.406,N/A,N/A
850,75710.372817,75710.407992,75710.408502,75710.410356,75710.438289,75710.438352,,STEADY_TRACKING,35.175,27.933,N/A,N/A
851,75710.404845,75710.440776,75710.441334,75710.442664,75710.468183,75710.468263,,STEADY_TRACKING,35.931,25.518,N/A,N/A
852,75710.43687,75710.471656,75710.472684,75710.474182,75710.497418,75710.497469,,STEADY_TRACKING,34.786,23.236,N/A,N/A
853,75710.468793,75710.504054,75710.504611,75710.505909,75710.531178,75710.531247,,STEADY_TRACKING,35.261,25.269,N/A,N/A
854,75710.500832,75710.536059,75710.536861,75710.538603,75710.570879,75710.570946,,STEADY_TRACKING,35.227,32.276,N/A,N/A
855,75710.532812,75710.584066,75710.584693,75710.58596,75710.62587,75710.625942,,STEADY_TRACKING,51.254,39.911,N/A,N/A
856,75710.580751,75710.616317,75710.616916,75710.619157,75710.655114,75710.655177,,STEADY_TRACKING,35.566,35.957,N/A,N/A
857,75710.612757,75710.648382,75710.649149,75710.650823,75710.679481,75710.679555,,STEADY_TRACKING,35.625,28.657,N/A,N/A
858,75710.64475,75710.680206,75710.680972,75710.682584,75710.719737,75710.719795,,STEADY_TRACKING,35.456,37.153,N/A,N/A
859,75710.676786,75710.711826,75710.712421,75710.71395,75710.746364,75710.746429,,STEADY_TRACKING,35.04,32.414,N/A,N/A
860,75710.708814,75710.744353,75710.745053,75710.746607,75710.782735,75710.78281,,STEADY_TRACKING,35.539,36.127,N/A,N/A
861,75710.740836,75710.775738,75710.776262,75710.778624,75710.81658,75710.816651,,STEADY_TRACKING,34.902,37.956,N/A,N/A
862,75710.772836,75710.807897,75710.808444,75710.809618,75710.856055,75710.85612,,FIRST_DETECTION,35.061,46.437,N/A,N/A
863,75710.804828,75710.840372,75710.841068,75710.842663,75710.89405,75710.894157,,FIRST_DETECTION,35.544,51.387,N/A,N/A
864,75710.836836,75710.871782,75710.8723,75710.87397,75710.933404,75710.93345,,FIRST_DETECTION,34.946,59.434,N/A,N/A
